timestamp,hr,spo2,sqi,worn
2026-09-26T23:00:00,64,95,0.91,1
2026-09-26T23:00:01,66,96,0.92,1
2026-09-26T23:00:02,61,97,0.92,1
2026-09-26T23:00:03,65,96,0.88,1
2026-09-26T23:00:04,65,94,0.91,1
2026-09-26T23:00:05,61,94,0.93,1
2026-09-26T23:00:06,66,97,0.86,1
2026-09-26T23:00:07,63,96,0.89,1
2026-09-26T23:00:08,61,95,0.94,1
2026-09-26T23:00:09,66,95,0.89,1
2026-09-26T23:00:10,65,94,0.87,1
2026-09-26T23:00:11,62,95,0.90,1
2026-09-26T23:00:12,66,95,0.93,1
2026-09-26T23:00:13,61,95,0.94,1
2026-09-26T23:00:14,65,95,0.90,1
2026-09-26T23:00:15,65,96,0.86,1
2026-09-26T23:00:16,64,94,0.92,1
2026-09-26T23:00:17,62,96,0.88,1
2026-09-26T23:00:18,62,95,0.89,1
2026-09-26T23:00:19,66,95,0.85,1
2026-09-26T23:00:20,61,94,0.92,1
2026-09-26T23:00:21,60,95,0.88,1
2026-09-26T23:00:22,62,94,0.93,1
2026-09-26T23:00:23,63,96,0.93,1
2026-09-26T23:00:24,64,96,0.85,1
2026-09-26T23:00:25,63,95,0.90,1
2026-09-26T23:00:26,64,95,0.90,1
2026-09-26T23:00:27,66,94,0.90,1
2026-09-26T23:00:28,66,96,0.85,1
2026-09-26T23:00:29,64,96,0.89,1
2026-09-26T23:00:30,65,96,0.88,1
2026-09-26T23:00:31,65,97,0.90,1
2026-09-26T23:00:32,61,96,0.92,1
2026-09-26T23:00:33,66,96,0.92,1
2026-09-26T23:00:34,60,97,0.86,1
2026-09-26T23:00:35,61,95,0.93,1
2026-09-26T23:00:36,62,97,0.87,1
2026-09-26T23:00:37,65,95,0.89,1
2026-09-26T23:00:38,60,95,0.92,1
2026-09-26T23:00:39,65,97,0.95,1
2026-09-26T23:00:40,64,97,0.88,1
2026-09-26T23:00:41,60,95,0.90,1
2026-09-26T23:00:42,64,96,0.92,1
2026-09-26T23:00:43,63,96,0.94,1
2026-09-26T23:00:44,64,94,0.91,1
2026-09-26T23:00:45,61,96,0.89,1
2026-09-26T23:00:46,62,96,0.89,1
2026-09-26T23:00:47,62,94,0.88,1
2026-09-26T23:00:48,60,96,0.95,1
2026-09-26T23:00:49,64,96,0.93,1
2026-09-26T23:00:50,65,95,0.90,1
2026-09-26T23:00:51,63,94,0.94,1
2026-09-26T23:00:52,62,94,0.91,1
2026-09-26T23:00:53,62,94,0.86,1
2026-09-26T23:00:54,60,94,0.93,1
2026-09-26T23:00:55,64,96,0.89,1
2026-09-26T23:00:56,61,95,0.94,1
2026-09-26T23:00:57,62,94,0.94,1
2026-09-26T23:00:58,62,97,0.87,1
2026-09-26T23:00:59,61,96,0.95,1
2026-09-26T23:01:00,61,96,0.88,1
2026-09-26T23:01:01,65,95,0.90,1
2026-09-26T23:01:02,65,96,0.92,1
2026-09-26T23:01:03,64,95,0.86,1
2026-09-26T23:01:04,65,94,0.86,1
2026-09-26T23:01:05,63,95,0.89,1
2026-09-26T23:01:06,64,96,0.91,1
2026-09-26T23:01:07,62,95,0.89,1
2026-09-26T23:01:08,64,95,0.94,1
2026-09-26T23:01:09,66,96,0.89,1
2026-09-26T23:01:10,66,95,0.85,1
2026-09-26T23:01:11,62,95,0.94,1
2026-09-26T23:01:12,66,94,0.89,1
2026-09-26T23:01:13,62,94,0.94,1
2026-09-26T23:01:14,62,97,0.92,1
2026-09-26T23:01:15,66,97,0.90,1
2026-09-26T23:01:16,64,97,0.88,1
2026-09-26T23:01:17,65,96,0.91,1
2026-09-26T23:01:18,63,94,0.94,1
2026-09-26T23:01:19,65,94,0.92,1
2026-09-26T23:01:20,62,97,0.92,1
2026-09-26T23:01:21,66,96,0.94,1
2026-09-26T23:01:22,61,94,0.87,1
2026-09-26T23:01:23,66,97,0.88,1
2026-09-26T23:01:24,62,97,0.93,1
2026-09-26T23:01:25,64,96,0.87,1
2026-09-26T23:01:26,65,97,0.93,1
2026-09-26T23:01:27,61,94,0.86,1
2026-09-26T23:01:28,61,95,0.90,1
2026-09-26T23:01:29,63,94,0.88,1
2026-09-26T23:01:30,64,97,0.87,1
2026-09-26T23:01:31,60,95,0.93,1
2026-09-26T23:01:32,63,96,0.91,1
2026-09-26T23:01:33,60,97,0.89,1
2026-09-26T23:01:34,64,96,0.88,1
2026-09-26T23:01:35,60,96,0.91,1
2026-09-26T23:01:36,65,95,0.85,1
2026-09-26T23:01:37,66,97,0.93,1
2026-09-26T23:01:38,61,94,0.92,1
2026-09-26T23:01:39,66,95,0.90,1
2026-09-26T23:01:40,66,96,0.90,1
2026-09-26T23:01:41,64,96,0.90,1
2026-09-26T23:01:42,64,96,0.88,1
2026-09-26T23:01:43,61,94,0.87,1
2026-09-26T23:01:44,65,95,0.88,1
2026-09-26T23:01:45,60,94,0.95,1
2026-09-26T23:01:46,65,96,0.95,1
2026-09-26T23:01:47,65,96,0.93,1
2026-09-26T23:01:48,66,96,0.92,1
2026-09-26T23:01:49,60,97,0.89,1
2026-09-26T23:01:50,64,95,0.94,1
2026-09-26T23:01:51,63,94,0.92,1
2026-09-26T23:01:52,60,94,0.95,1
2026-09-26T23:01:53,62,95,0.86,1
2026-09-26T23:01:54,66,95,0.91,1
2026-09-26T23:01:55,66,97,0.93,1
2026-09-26T23:01:56,62,94,0.92,1
2026-09-26T23:01:57,60,94,0.93,1
2026-09-26T23:01:58,62,97,0.92,1
2026-09-26T23:01:59,61,94,0.86,1
2026-09-26T23:02:00,64,96,0.92,1
2026-09-26T23:02:01,60,95,0.88,1
2026-09-26T23:02:02,60,94,0.86,1
2026-09-26T23:02:03,61,97,0.86,1
2026-09-26T23:02:04,63,97,0.86,1
2026-09-26T23:02:05,64,96,0.89,1
2026-09-26T23:02:06,60,94,0.87,1
2026-09-26T23:02:07,64,97,0.92,1
2026-09-26T23:02:08,61,95,0.87,1
2026-09-26T23:02:09,65,94,0.88,1
2026-09-26T23:02:10,62,95,0.89,1
2026-09-26T23:02:11,62,94,0.85,1
2026-09-26T23:02:12,66,94,0.90,1
2026-09-26T23:02:13,66,97,0.87,1
2026-09-26T23:02:14,60,94,0.94,1
2026-09-26T23:02:15,65,95,0.95,1
2026-09-26T23:02:16,62,94,0.89,1
2026-09-26T23:02:17,64,95,0.90,1
2026-09-26T23:02:18,63,96,0.90,1
2026-09-26T23:02:19,60,96,0.94,1
2026-09-26T23:02:20,65,97,0.89,1
2026-09-26T23:02:21,63,94,0.90,1
2026-09-26T23:02:22,62,95,0.93,1
2026-09-26T23:02:23,63,95,0.93,1
2026-09-26T23:02:24,66,95,0.89,1
2026-09-26T23:02:25,63,97,0.91,1
2026-09-26T23:02:26,66,97,0.95,1
2026-09-26T23:02:27,60,96,0.92,1
2026-09-26T23:02:28,62,95,0.86,1
2026-09-26T23:02:29,65,95,0.86,1
2026-09-26T23:02:30,60,97,0.87,1
2026-09-26T23:02:31,60,97,0.88,1
2026-09-26T23:02:32,66,94,0.95,1
2026-09-26T23:02:33,62,94,0.89,1
2026-09-26T23:02:34,61,95,0.92,1
2026-09-26T23:02:35,63,96,0.92,1
2026-09-26T23:02:36,64,97,0.93,1
2026-09-26T23:02:37,62,96,0.86,1
2026-09-26T23:02:38,64,95,0.89,1
2026-09-26T23:02:39,60,97,0.90,1
2026-09-26T23:02:40,65,97,0.90,1
2026-09-26T23:02:41,65,96,0.85,1
2026-09-26T23:02:42,66,94,0.85,1
2026-09-26T23:02:43,62,95,0.86,1
2026-09-26T23:02:44,62,95,0.91,1
2026-09-26T23:02:45,65,96,0.85,1
2026-09-26T23:02:46,65,94,0.91,1
2026-09-26T23:02:47,60,95,0.88,1
2026-09-26T23:02:48,60,94,0.88,1
2026-09-26T23:02:49,66,96,0.94,1
2026-09-26T23:02:50,62,97,0.86,1
2026-09-26T23:02:51,65,95,0.89,1
2026-09-26T23:02:52,62,97,0.94,1
2026-09-26T23:02:53,62,96,0.87,1
2026-09-26T23:02:54,64,95,0.91,1
2026-09-26T23:02:55,60,95,0.88,1
2026-09-26T23:02:56,65,94,0.87,1
2026-09-26T23:02:57,63,97,0.93,1
2026-09-26T23:02:58,64,97,0.86,1
2026-09-26T23:02:59,65,94,0.92,1
2026-09-26T23:03:00,65,94,0.91,1
2026-09-26T23:03:01,62,97,0.91,1
2026-09-26T23:03:02,61,97,0.88,1
2026-09-26T23:03:03,66,96,0.94,1
2026-09-26T23:03:04,65,94,0.94,1
2026-09-26T23:03:05,66,97,0.88,1
2026-09-26T23:03:06,61,94,0.87,1
2026-09-26T23:03:07,62,97,0.89,1
2026-09-26T23:03:08,64,94,0.88,1
2026-09-26T23:03:09,64,96,0.89,1
2026-09-26T23:03:10,63,95,0.88,1
2026-09-26T23:03:11,61,97,0.92,1
2026-09-26T23:03:12,62,94,0.92,1
2026-09-26T23:03:13,65,95,0.92,1
2026-09-26T23:03:14,60,95,0.90,1
2026-09-26T23:03:15,66,97,0.93,1
2026-09-26T23:03:16,61,96,0.90,1
2026-09-26T23:03:17,63,97,0.95,1
2026-09-26T23:03:18,66,94,0.95,1
2026-09-26T23:03:19,60,96,0.93,1
2026-09-26T23:03:20,66,96,0.89,1
2026-09-26T23:03:21,62,97,0.91,1
2026-09-26T23:03:22,64,96,0.87,1
2026-09-26T23:03:23,62,96,0.95,1
2026-09-26T23:03:24,64,95,0.89,1
2026-09-26T23:03:25,66,97,0.92,1
2026-09-26T23:03:26,63,94,0.95,1
2026-09-26T23:03:27,64,95,0.90,1
2026-09-26T23:03:28,60,96,0.94,1
2026-09-26T23:03:29,66,95,0.93,1
2026-09-26T23:03:30,65,94,0.88,1
2026-09-26T23:03:31,64,96,0.89,1
2026-09-26T23:03:32,60,96,0.89,1
2026-09-26T23:03:33,62,94,0.90,1
2026-09-26T23:03:34,66,94,0.92,1
2026-09-26T23:03:35,65,94,0.91,1
2026-09-26T23:03:36,66,97,0.93,1
2026-09-26T23:03:37,62,95,0.89,1
2026-09-26T23:03:38,62,95,0.93,1
2026-09-26T23:03:39,60,97,0.87,1
2026-09-26T23:03:40,66,96,0.90,1
2026-09-26T23:03:41,65,96,0.95,1
2026-09-26T23:03:42,66,95,0.87,1
2026-09-26T23:03:43,60,94,0.86,1
2026-09-26T23:03:44,65,95,0.92,1
2026-09-26T23:03:45,62,96,0.88,1
2026-09-26T23:03:46,65,96,0.94,1
2026-09-26T23:03:47,61,96,0.90,1
2026-09-26T23:03:48,61,94,0.95,1
2026-09-26T23:03:49,65,97,0.89,1
2026-09-26T23:03:50,66,97,0.94,1
2026-09-26T23:03:51,65,96,0.94,1
2026-09-26T23:03:52,64,97,0.94,1
2026-09-26T23:03:53,60,94,0.90,1
2026-09-26T23:03:54,63,94,0.90,1
2026-09-26T23:03:55,61,94,0.93,1
2026-09-26T23:03:56,61,97,0.86,1
2026-09-26T23:03:57,63,95,0.87,1
2026-09-26T23:03:58,62,96,0.85,1
2026-09-26T23:03:59,61,95,0.88,1
2026-09-26T23:04:00,63,96,0.90,1
2026-09-26T23:04:01,61,95,0.91,1
2026-09-26T23:04:02,64,95,0.88,1
2026-09-26T23:04:03,61,95,0.91,1
2026-09-26T23:04:04,66,94,0.91,1
2026-09-26T23:04:05,66,96,0.91,1
2026-09-26T23:04:06,60,96,0.85,1
2026-09-26T23:04:07,66,94,0.88,1
2026-09-26T23:04:08,60,97,0.85,1
2026-09-26T23:04:09,62,96,0.86,1
2026-09-26T23:04:10,64,97,0.87,1
2026-09-26T23:04:11,64,97,0.86,1
2026-09-26T23:04:12,63,96,0.85,1
2026-09-26T23:04:13,64,96,0.93,1
2026-09-26T23:04:14,65,94,0.85,1
2026-09-26T23:04:15,62,97,0.87,1
2026-09-26T23:04:16,63,96,0.92,1
2026-09-26T23:04:17,64,96,0.94,1
2026-09-26T23:04:18,63,94,0.90,1
2026-09-26T23:04:19,60,94,0.86,1
2026-09-26T23:04:20,63,94,0.92,1
2026-09-26T23:04:21,60,94,0.86,1
2026-09-26T23:04:22,60,96,0.89,1
2026-09-26T23:04:23,65,97,0.90,1
2026-09-26T23:04:24,64,94,0.86,1
2026-09-26T23:04:25,65,94,0.88,1
2026-09-26T23:04:26,60,97,0.94,1
2026-09-26T23:04:27,61,94,0.85,1
2026-09-26T23:04:28,62,97,0.90,1
2026-09-26T23:04:29,61,95,0.91,1
2026-09-26T23:04:30,65,95,0.95,1
2026-09-26T23:04:31,62,96,0.88,1
2026-09-26T23:04:32,61,95,0.90,1
2026-09-26T23:04:33,60,96,0.94,1
2026-09-26T23:04:34,61,96,0.95,1
2026-09-26T23:04:35,62,95,0.92,1
2026-09-26T23:04:36,61,96,0.89,1
2026-09-26T23:04:37,64,94,0.92,1
2026-09-26T23:04:38,65,94,0.87,1
2026-09-26T23:04:39,60,95,0.88,1
2026-09-26T23:04:40,66,97,0.94,1
2026-09-26T23:04:41,62,94,0.86,1
2026-09-26T23:04:42,65,97,0.93,1
2026-09-26T23:04:43,64,94,0.92,1
2026-09-26T23:04:44,63,96,0.92,1
2026-09-26T23:04:45,60,96,0.93,1
2026-09-26T23:04:46,64,95,0.94,1
2026-09-26T23:04:47,62,95,0.87,1
2026-09-26T23:04:48,60,97,0.86,1
2026-09-26T23:04:49,65,96,0.94,1
2026-09-26T23:04:50,64,95,0.85,1
2026-09-26T23:04:51,60,94,0.87,1
2026-09-26T23:04:52,60,96,0.89,1
2026-09-26T23:04:53,62,97,0.88,1
2026-09-26T23:04:54,64,96,0.87,1
2026-09-26T23:04:55,60,95,0.90,1
2026-09-26T23:04:56,60,97,0.87,1
2026-09-26T23:04:57,65,94,0.85,1
2026-09-26T23:04:58,66,96,0.89,1
2026-09-26T23:04:59,61,97,0.93,1
2026-09-26T23:05:00,66,97,0.91,1
2026-09-26T23:05:01,66,96,0.93,1
2026-09-26T23:05:02,65,94,0.90,1
2026-09-26T23:05:03,61,96,0.86,1
2026-09-26T23:05:04,63,95,0.94,1
2026-09-26T23:05:05,61,96,0.91,1
2026-09-26T23:05:06,64,97,0.94,1
2026-09-26T23:05:07,62,95,0.89,1
2026-09-26T23:05:08,64,96,0.95,1
2026-09-26T23:05:09,65,95,0.87,1
2026-09-26T23:05:10,62,96,0.85,1
2026-09-26T23:05:11,65,94,0.95,1
2026-09-26T23:05:12,66,96,0.86,1
2026-09-26T23:05:13,65,97,0.86,1
2026-09-26T23:05:14,63,96,0.91,1
2026-09-26T23:05:15,62,95,0.90,1
2026-09-26T23:05:16,60,94,0.87,1
2026-09-26T23:05:17,66,94,0.91,1
2026-09-26T23:05:18,63,96,0.91,1
2026-09-26T23:05:19,63,96,0.92,1
2026-09-26T23:05:20,60,96,0.92,1
2026-09-26T23:05:21,63,95,0.94,1
2026-09-26T23:05:22,64,95,0.92,1
2026-09-26T23:05:23,60,94,0.89,1
2026-09-26T23:05:24,65,95,0.85,1
2026-09-26T23:05:25,64,94,0.91,1
2026-09-26T23:05:26,66,97,0.90,1
2026-09-26T23:05:27,61,95,0.94,1
2026-09-26T23:05:28,64,96,0.90,1
2026-09-26T23:05:29,62,96,0.93,1
2026-09-26T23:05:30,64,96,0.90,1
2026-09-26T23:05:31,60,97,0.89,1
2026-09-26T23:05:32,61,97,0.91,1
2026-09-26T23:05:33,61,95,0.93,1
2026-09-26T23:05:34,63,96,0.88,1
2026-09-26T23:05:35,63,97,0.91,1
2026-09-26T23:05:36,65,95,0.91,1
2026-09-26T23:05:37,65,95,0.88,1
2026-09-26T23:05:38,60,95,0.94,1
2026-09-26T23:05:39,63,94,0.85,1
2026-09-26T23:05:40,66,95,0.85,1
2026-09-26T23:05:41,65,96,0.93,1
2026-09-26T23:05:42,66,95,0.86,1
2026-09-26T23:05:43,63,97,0.91,1
2026-09-26T23:05:44,64,95,0.87,1
2026-09-26T23:05:45,65,95,0.91,1
2026-09-26T23:05:46,64,94,0.86,1
2026-09-26T23:05:47,60,94,0.93,1
2026-09-26T23:05:48,62,97,0.85,1
2026-09-26T23:05:49,66,95,0.89,1
2026-09-26T23:05:50,60,96,0.86,1
2026-09-26T23:05:51,62,94,0.86,1
2026-09-26T23:05:52,64,97,0.92,1
2026-09-26T23:05:53,61,96,0.86,1
2026-09-26T23:05:54,63,97,0.88,1
2026-09-26T23:05:55,65,96,0.86,1
2026-09-26T23:05:56,63,94,0.87,1
2026-09-26T23:05:57,61,95,0.91,1
2026-09-26T23:05:58,66,95,0.95,1
2026-09-26T23:05:59,66,97,0.89,1
2026-09-26T23:06:00,62,96,0.89,1
2026-09-26T23:06:01,63,97,0.90,1
2026-09-26T23:06:02,65,95,0.87,1
2026-09-26T23:06:03,60,95,0.92,1
2026-09-26T23:06:04,62,96,0.94,1
2026-09-26T23:06:05,60,96,0.90,1
2026-09-26T23:06:06,65,97,0.91,1
2026-09-26T23:06:07,60,95,0.87,1
2026-09-26T23:06:08,63,96,0.95,1
2026-09-26T23:06:09,64,95,0.88,1
2026-09-26T23:06:10,63,95,0.95,1
2026-09-26T23:06:11,65,95,0.89,1
2026-09-26T23:06:12,61,95,0.87,1
2026-09-26T23:06:13,66,97,0.86,1
2026-09-26T23:06:14,63,97,0.94,1
2026-09-26T23:06:15,62,97,0.93,1
2026-09-26T23:06:16,64,95,0.86,1
2026-09-26T23:06:17,61,97,0.87,1
2026-09-26T23:06:18,60,96,0.86,1
2026-09-26T23:06:19,62,97,0.90,1
2026-09-26T23:06:20,65,95,0.85,1
2026-09-26T23:06:21,63,95,0.95,1
2026-09-26T23:06:22,66,96,0.90,1
2026-09-26T23:06:23,60,94,0.86,1
2026-09-26T23:06:24,60,94,0.89,1
2026-09-26T23:06:25,65,94,0.92,1
2026-09-26T23:06:26,60,96,0.94,1
2026-09-26T23:06:27,65,96,0.85,1
2026-09-26T23:06:28,61,95,0.94,1
2026-09-26T23:06:29,64,97,0.88,1
2026-09-26T23:06:30,62,94,0.90,1
2026-09-26T23:06:31,64,95,0.94,1
2026-09-26T23:06:32,61,95,0.90,1
2026-09-26T23:06:33,63,96,0.86,1
2026-09-26T23:06:34,61,96,0.90,1
2026-09-26T23:06:35,64,94,0.94,1
2026-09-26T23:06:36,65,95,0.91,1
2026-09-26T23:06:37,60,96,0.87,1
2026-09-26T23:06:38,66,94,0.91,1
2026-09-26T23:06:39,66,95,0.89,1
2026-09-26T23:06:40,64,94,0.94,1
2026-09-26T23:06:41,61,96,0.92,1
2026-09-26T23:06:42,65,97,0.87,1
2026-09-26T23:06:43,62,96,0.92,1
2026-09-26T23:06:44,62,97,0.91,1
2026-09-26T23:06:45,65,95,0.87,1
2026-09-26T23:06:46,63,94,0.94,1
2026-09-26T23:06:47,66,96,0.88,1
2026-09-26T23:06:48,65,94,0.87,1
2026-09-26T23:06:49,63,97,0.93,1
2026-09-26T23:06:50,65,95,0.93,1
2026-09-26T23:06:51,61,94,0.86,1
2026-09-26T23:06:52,60,97,0.87,1
2026-09-26T23:06:53,63,94,0.85,1
2026-09-26T23:06:54,60,96,0.93,1
2026-09-26T23:06:55,61,97,0.93,1
2026-09-26T23:06:56,60,97,0.86,1
2026-09-26T23:06:57,60,96,0.85,1
2026-09-26T23:06:58,64,95,0.86,1
2026-09-26T23:06:59,66,94,0.90,1
2026-09-26T23:07:00,61,94,0.94,1
2026-09-26T23:07:01,66,96,0.90,1
2026-09-26T23:07:02,62,95,0.89,1
2026-09-26T23:07:03,63,94,0.87,1
2026-09-26T23:07:04,63,95,0.86,1
2026-09-26T23:07:05,61,95,0.90,1
2026-09-26T23:07:06,61,95,0.91,1
2026-09-26T23:07:07,60,97,0.85,1
2026-09-26T23:07:08,65,97,0.87,1
2026-09-26T23:07:09,65,95,0.93,1
2026-09-26T23:07:10,60,94,0.93,1
2026-09-26T23:07:11,66,96,0.94,1
2026-09-26T23:07:12,65,95,0.87,1
2026-09-26T23:07:13,61,97,0.94,1
2026-09-26T23:07:14,65,94,0.95,1
2026-09-26T23:07:15,62,95,0.95,1
2026-09-26T23:07:16,66,96,0.95,1
2026-09-26T23:07:17,65,96,0.88,1
2026-09-26T23:07:18,62,97,0.86,1
2026-09-26T23:07:19,63,94,0.90,1
2026-09-26T23:07:20,63,95,0.92,1
2026-09-26T23:07:21,60,96,0.88,1
2026-09-26T23:07:22,64,95,0.86,1
2026-09-26T23:07:23,64,95,0.91,1
2026-09-26T23:07:24,62,94,0.89,1
2026-09-26T23:07:25,61,96,0.95,1
2026-09-26T23:07:26,61,94,0.92,1
2026-09-26T23:07:27,63,97,0.89,1
2026-09-26T23:07:28,60,97,0.86,1
2026-09-26T23:07:29,61,97,0.87,1
2026-09-26T23:07:30,62,97,0.92,1
2026-09-26T23:07:31,60,97,0.86,1
2026-09-26T23:07:32,60,96,0.92,1
2026-09-26T23:07:33,62,95,0.87,1
2026-09-26T23:07:34,66,94,0.93,1
2026-09-26T23:07:35,64,97,0.89,1
2026-09-26T23:07:36,63,94,0.92,1
2026-09-26T23:07:37,61,97,0.85,1
2026-09-26T23:07:38,64,96,0.94,1
2026-09-26T23:07:39,62,95,0.91,1
2026-09-26T23:07:40,65,97,0.92,1
2026-09-26T23:07:41,65,95,0.90,1
2026-09-26T23:07:42,64,94,0.86,1
2026-09-26T23:07:43,64,97,0.91,1
2026-09-26T23:07:44,64,96,0.90,1
2026-09-26T23:07:45,63,95,0.94,1
2026-09-26T23:07:46,65,97,0.93,1
2026-09-26T23:07:47,62,97,0.92,1
2026-09-26T23:07:48,65,95,0.87,1
2026-09-26T23:07:49,61,97,0.87,1
2026-09-26T23:07:50,66,96,0.92,1
2026-09-26T23:07:51,60,96,0.93,1
2026-09-26T23:07:52,62,97,0.86,1
2026-09-26T23:07:53,62,97,0.92,1
2026-09-26T23:07:54,62,97,0.90,1
2026-09-26T23:07:55,61,94,0.88,1
2026-09-26T23:07:56,60,95,0.88,1
2026-09-26T23:07:57,61,96,0.93,1
2026-09-26T23:07:58,65,97,0.86,1
2026-09-26T23:07:59,63,97,0.88,1
2026-09-26T23:08:00,63,94,0.92,1
2026-09-26T23:08:01,64,96,0.89,1
2026-09-26T23:08:02,65,97,0.95,1
2026-09-26T23:08:03,65,96,0.92,1
2026-09-26T23:08:04,63,95,0.91,1
2026-09-26T23:08:05,63,96,0.88,1
2026-09-26T23:08:06,63,96,0.91,1
2026-09-26T23:08:07,62,95,0.94,1
2026-09-26T23:08:08,62,97,0.93,1
2026-09-26T23:08:09,65,96,0.88,1
2026-09-26T23:08:10,60,94,0.87,1
2026-09-26T23:08:11,61,95,0.92,1
2026-09-26T23:08:12,62,94,0.92,1
2026-09-26T23:08:13,64,95,0.87,1
2026-09-26T23:08:14,62,97,0.88,1
2026-09-26T23:08:15,64,96,0.88,1
2026-09-26T23:08:16,65,95,0.95,1
2026-09-26T23:08:17,60,97,0.89,1
2026-09-26T23:08:18,64,94,0.91,1
2026-09-26T23:08:19,62,95,0.87,1
2026-09-26T23:08:20,61,97,0.88,1
2026-09-26T23:08:21,63,97,0.88,1
2026-09-26T23:08:22,66,95,0.89,1
2026-09-26T23:08:23,64,94,0.93,1
2026-09-26T23:08:24,63,94,0.87,1
2026-09-26T23:08:25,60,95,0.94,1
2026-09-26T23:08:26,61,95,0.94,1
2026-09-26T23:08:27,62,94,0.85,1
2026-09-26T23:08:28,66,95,0.95,1
2026-09-26T23:08:29,66,95,0.93,1
2026-09-26T23:08:30,61,96,0.89,1
2026-09-26T23:08:31,62,95,0.92,1
2026-09-26T23:08:32,60,94,0.87,1
2026-09-26T23:08:33,60,94,0.93,1
2026-09-26T23:08:34,65,95,0.89,1
2026-09-26T23:08:35,60,97,0.89,1
2026-09-26T23:08:36,60,96,0.86,1
2026-09-26T23:08:37,66,95,0.87,1
2026-09-26T23:08:38,65,95,0.85,1
2026-09-26T23:08:39,65,97,0.85,1
2026-09-26T23:08:40,64,95,0.90,1
2026-09-26T23:08:41,62,97,0.90,1
2026-09-26T23:08:42,64,94,0.90,1
2026-09-26T23:08:43,66,97,0.86,1
2026-09-26T23:08:44,61,94,0.86,1
2026-09-26T23:08:45,60,95,0.95,1
2026-09-26T23:08:46,64,94,0.87,1
2026-09-26T23:08:47,64,96,0.94,1
2026-09-26T23:08:48,65,94,0.93,1
2026-09-26T23:08:49,66,95,0.93,1
2026-09-26T23:08:50,65,97,0.92,1
2026-09-26T23:08:51,60,95,0.88,1
2026-09-26T23:08:52,66,95,0.87,1
2026-09-26T23:08:53,66,96,0.90,1
2026-09-26T23:08:54,62,95,0.93,1
2026-09-26T23:08:55,64,96,0.92,1
2026-09-26T23:08:56,64,94,0.88,1
2026-09-26T23:08:57,60,97,0.95,1
2026-09-26T23:08:58,65,97,0.88,1
2026-09-26T23:08:59,63,95,0.85,1
2026-09-26T23:09:00,66,97,0.86,1
2026-09-26T23:09:01,64,94,0.91,1
2026-09-26T23:09:02,66,97,0.90,1
2026-09-26T23:09:03,60,95,0.88,1
2026-09-26T23:09:04,60,97,0.87,1
2026-09-26T23:09:05,61,94,0.93,1
2026-09-26T23:09:06,65,94,0.92,1
2026-09-26T23:09:07,60,97,0.89,1
2026-09-26T23:09:08,63,97,0.93,1
2026-09-26T23:09:09,60,96,0.90,1
2026-09-26T23:09:10,63,97,0.87,1
2026-09-26T23:09:11,60,95,0.95,1
2026-09-26T23:09:12,62,94,0.86,1
2026-09-26T23:09:13,64,96,0.88,1
2026-09-26T23:09:14,60,94,0.94,1
2026-09-26T23:09:15,65,96,0.85,1
2026-09-26T23:09:16,63,95,0.85,1
2026-09-26T23:09:17,66,94,0.90,1
2026-09-26T23:09:18,62,95,0.87,1
2026-09-26T23:09:19,62,96,0.93,1
2026-09-26T23:09:20,64,97,0.87,1
2026-09-26T23:09:21,64,96,0.91,1
2026-09-26T23:09:22,66,96,0.94,1
2026-09-26T23:09:23,62,97,0.93,1
2026-09-26T23:09:24,66,94,0.88,1
2026-09-26T23:09:25,63,95,0.89,1
2026-09-26T23:09:26,63,96,0.88,1
2026-09-26T23:09:27,60,97,0.88,1
2026-09-26T23:09:28,66,96,0.87,1
2026-09-26T23:09:29,65,96,0.88,1
2026-09-26T23:09:30,66,96,0.88,1
2026-09-26T23:09:31,66,95,0.85,1
2026-09-26T23:09:32,64,97,0.91,1
2026-09-26T23:09:33,60,94,0.88,1
2026-09-26T23:09:34,65,94,0.89,1
2026-09-26T23:09:35,66,94,0.94,1
2026-09-26T23:09:36,64,94,0.92,1
2026-09-26T23:09:37,66,96,0.92,1
2026-09-26T23:09:38,62,94,0.94,1
2026-09-26T23:09:39,63,95,0.86,1
2026-09-26T23:09:40,61,96,0.91,1
2026-09-26T23:09:41,63,97,0.94,1
2026-09-26T23:09:42,60,97,0.92,1
2026-09-26T23:09:43,60,95,0.85,1
2026-09-26T23:09:44,63,96,0.91,1
2026-09-26T23:09:45,61,96,0.88,1
2026-09-26T23:09:46,60,94,0.90,1
2026-09-26T23:09:47,66,94,0.91,1
2026-09-26T23:09:48,61,96,0.93,1
2026-09-26T23:09:49,63,96,0.90,1
2026-09-26T23:09:50,62,94,0.86,1
2026-09-26T23:09:51,63,94,0.88,1
2026-09-26T23:09:52,60,95,0.85,1
2026-09-26T23:09:53,64,96,0.89,1
2026-09-26T23:09:54,60,95,0.90,1
2026-09-26T23:09:55,62,95,0.93,1
2026-09-26T23:09:56,66,97,0.87,1
2026-09-26T23:09:57,62,96,0.87,1
2026-09-26T23:09:58,62,97,0.91,1
2026-09-26T23:09:59,65,97,0.93,1
2026-09-26T23:10:00,64,95,0.94,1
2026-09-26T23:10:01,66,94,0.86,1
2026-09-26T23:10:02,63,97,0.91,1
2026-09-26T23:10:03,63,96,0.88,1
2026-09-26T23:10:04,63,97,0.94,1
2026-09-26T23:10:05,65,94,0.92,1
2026-09-26T23:10:06,64,97,0.88,1
2026-09-26T23:10:07,63,96,0.91,1
2026-09-26T23:10:08,63,96,0.93,1
2026-09-26T23:10:09,60,94,0.93,1
2026-09-26T23:10:10,65,96,0.90,1
2026-09-26T23:10:11,63,94,0.87,1
2026-09-26T23:10:12,60,95,0.93,1
2026-09-26T23:10:13,64,96,0.93,1
2026-09-26T23:10:14,65,95,0.90,1
2026-09-26T23:10:15,64,94,0.90,1
2026-09-26T23:10:16,66,97,0.89,1
2026-09-26T23:10:17,60,95,0.89,1
2026-09-26T23:10:18,66,97,0.88,1
2026-09-26T23:10:19,66,97,0.93,1
2026-09-26T23:10:20,60,96,0.88,1
2026-09-26T23:10:21,66,94,0.93,1
2026-09-26T23:10:22,62,96,0.95,1
2026-09-26T23:10:23,65,97,0.93,1
2026-09-26T23:10:24,63,94,0.85,1
2026-09-26T23:10:25,66,95,0.90,1
2026-09-26T23:10:26,63,94,0.92,1
2026-09-26T23:10:27,62,95,0.87,1
2026-09-26T23:10:28,64,96,0.89,1
2026-09-26T23:10:29,63,94,0.86,1
2026-09-26T23:10:30,65,95,0.90,1
2026-09-26T23:10:31,62,96,0.88,1
2026-09-26T23:10:32,65,96,0.86,1
2026-09-26T23:10:33,64,95,0.87,1
2026-09-26T23:10:34,60,95,0.87,1
2026-09-26T23:10:35,65,97,0.88,1
2026-09-26T23:10:36,66,94,0.91,1
2026-09-26T23:10:37,61,95,0.95,1
2026-09-26T23:10:38,66,96,0.88,1
2026-09-26T23:10:39,61,94,0.89,1
2026-09-26T23:10:40,64,97,0.85,1
2026-09-26T23:10:41,64,97,0.91,1
2026-09-26T23:10:42,60,94,0.86,1
2026-09-26T23:10:43,63,97,0.92,1
2026-09-26T23:10:44,60,97,0.88,1
2026-09-26T23:10:45,63,94,0.94,1
2026-09-26T23:10:46,60,97,0.95,1
2026-09-26T23:10:47,60,94,0.94,1
2026-09-26T23:10:48,61,95,0.85,1
2026-09-26T23:10:49,64,96,0.90,1
2026-09-26T23:10:50,62,96,0.87,1
2026-09-26T23:10:51,63,96,0.89,1
2026-09-26T23:10:52,66,96,0.86,1
2026-09-26T23:10:53,65,97,0.95,1
2026-09-26T23:10:54,60,94,0.89,1
2026-09-26T23:10:55,64,96,0.94,1
2026-09-26T23:10:56,66,96,0.89,1
2026-09-26T23:10:57,64,96,0.90,1
2026-09-26T23:10:58,65,95,0.92,1
2026-09-26T23:10:59,64,96,0.87,1
2026-09-26T23:11:00,65,97,0.87,1
2026-09-26T23:11:01,63,96,0.91,1
2026-09-26T23:11:02,62,96,0.86,1
2026-09-26T23:11:03,64,94,0.91,1
2026-09-26T23:11:04,65,95,0.93,1
2026-09-26T23:11:05,62,95,0.86,1
2026-09-26T23:11:06,63,94,0.90,1
2026-09-26T23:11:07,61,95,0.86,1
2026-09-26T23:11:08,66,94,0.87,1
2026-09-26T23:11:09,60,95,0.91,1
2026-09-26T23:11:10,60,96,0.93,1
2026-09-26T23:11:11,63,94,0.86,1
2026-09-26T23:11:12,61,95,0.94,1
2026-09-26T23:11:13,60,97,0.90,1
2026-09-26T23:11:14,65,94,0.87,1
2026-09-26T23:11:15,64,95,0.90,1
2026-09-26T23:11:16,62,97,0.95,1
2026-09-26T23:11:17,65,95,0.89,1
2026-09-26T23:11:18,65,94,0.86,1
2026-09-26T23:11:19,66,95,0.93,1
2026-09-26T23:11:20,60,97,0.89,1
2026-09-26T23:11:21,62,97,0.86,1
2026-09-26T23:11:22,66,96,0.93,1
2026-09-26T23:11:23,60,97,0.93,1
2026-09-26T23:11:24,65,97,0.87,1
2026-09-26T23:11:25,65,96,0.94,1
2026-09-26T23:11:26,63,97,0.91,1
2026-09-26T23:11:27,64,95,0.91,1
2026-09-26T23:11:28,61,95,0.86,1
2026-09-26T23:11:29,64,95,0.93,1
2026-09-26T23:11:30,61,94,0.89,1
2026-09-26T23:11:31,65,94,0.90,1
2026-09-26T23:11:32,61,95,0.90,1
2026-09-26T23:11:33,66,96,0.85,1
2026-09-26T23:11:34,60,95,0.91,1
2026-09-26T23:11:35,61,95,0.94,1
2026-09-26T23:11:36,62,96,0.85,1
2026-09-26T23:11:37,63,95,0.91,1
2026-09-26T23:11:38,65,97,0.91,1
2026-09-26T23:11:39,64,94,0.91,1
2026-09-26T23:11:40,62,97,0.87,1
2026-09-26T23:11:41,63,97,0.95,1
2026-09-26T23:11:42,65,97,0.92,1
2026-09-26T23:11:43,65,95,0.92,1
2026-09-26T23:11:44,60,96,0.94,1
2026-09-26T23:11:45,61,95,0.92,1
2026-09-26T23:11:46,64,97,0.92,1
2026-09-26T23:11:47,65,97,0.93,1
2026-09-26T23:11:48,60,94,0.87,1
2026-09-26T23:11:49,63,96,0.95,1
2026-09-26T23:11:50,64,96,0.86,1
2026-09-26T23:11:51,61,94,0.88,1
2026-09-26T23:11:52,65,97,0.91,1
2026-09-26T23:11:53,60,94,0.88,1
2026-09-26T23:11:54,63,97,0.90,1
2026-09-26T23:11:55,62,94,0.95,1
2026-09-26T23:11:56,66,95,0.93,1
2026-09-26T23:11:57,61,94,0.86,1
2026-09-26T23:11:58,65,97,0.86,1
2026-09-26T23:11:59,64,96,0.87,1
2026-09-26T23:12:00,62,94,0.93,1
2026-09-26T23:12:01,61,97,0.94,1
2026-09-26T23:12:02,62,94,0.87,1
2026-09-26T23:12:03,60,96,0.93,1
2026-09-26T23:12:04,60,97,0.92,1
2026-09-26T23:12:05,62,96,0.95,1
2026-09-26T23:12:06,60,94,0.90,1
2026-09-26T23:12:07,66,97,0.94,1
2026-09-26T23:12:08,63,96,0.88,1
2026-09-26T23:12:09,64,94,0.92,1
2026-09-26T23:12:10,66,97,0.90,1
2026-09-26T23:12:11,62,94,0.94,1
2026-09-26T23:12:12,64,94,0.93,1
2026-09-26T23:12:13,62,97,0.87,1
2026-09-26T23:12:14,60,96,0.93,1
2026-09-26T23:12:15,66,94,0.93,1
2026-09-26T23:12:16,65,96,0.94,1
2026-09-26T23:12:17,63,97,0.88,1
2026-09-26T23:12:18,61,97,0.86,1
2026-09-26T23:12:19,64,94,0.90,1
2026-09-26T23:12:20,61,97,0.90,1
2026-09-26T23:12:21,63,96,0.91,1
2026-09-26T23:12:22,65,95,0.91,1
2026-09-26T23:12:23,66,95,0.89,1
2026-09-26T23:12:24,66,95,0.87,1
2026-09-26T23:12:25,63,95,0.90,1
2026-09-26T23:12:26,62,94,0.89,1
2026-09-26T23:12:27,60,97,0.86,1
2026-09-26T23:12:28,63,97,0.86,1
2026-09-26T23:12:29,63,96,0.89,1
2026-09-26T23:12:30,65,97,0.93,1
2026-09-26T23:12:31,65,97,0.85,1
2026-09-26T23:12:32,66,94,0.87,1
2026-09-26T23:12:33,65,94,0.85,1
2026-09-26T23:12:34,64,94,0.87,1
2026-09-26T23:12:35,60,95,0.92,1
2026-09-26T23:12:36,65,94,0.91,1
2026-09-26T23:12:37,61,97,0.90,1
2026-09-26T23:12:38,65,94,0.95,1
2026-09-26T23:12:39,66,96,0.91,1
2026-09-26T23:12:40,63,95,0.87,1
2026-09-26T23:12:41,62,94,0.95,1
2026-09-26T23:12:42,60,94,0.91,1
2026-09-26T23:12:43,65,97,0.93,1
2026-09-26T23:12:44,65,94,0.89,1
2026-09-26T23:12:45,62,97,0.92,1
2026-09-26T23:12:46,64,96,0.95,1
2026-09-26T23:12:47,65,95,0.95,1
2026-09-26T23:12:48,65,97,0.90,1
2026-09-26T23:12:49,63,94,0.88,1
2026-09-26T23:12:50,64,94,0.94,1
2026-09-26T23:12:51,64,96,0.90,1
2026-09-26T23:12:52,60,97,0.89,1
2026-09-26T23:12:53,65,95,0.86,1
2026-09-26T23:12:54,66,96,0.89,1
2026-09-26T23:12:55,65,97,0.85,1
2026-09-26T23:12:56,62,94,0.94,1
2026-09-26T23:12:57,60,97,0.86,1
2026-09-26T23:12:58,60,97,0.86,1
2026-09-26T23:12:59,60,97,0.95,1
2026-09-26T23:13:00,60,96,0.93,1
2026-09-26T23:13:01,62,95,0.93,1
2026-09-26T23:13:02,61,97,0.92,1
2026-09-26T23:13:03,62,94,0.86,1
2026-09-26T23:13:04,63,97,0.94,1
2026-09-26T23:13:05,63,96,0.87,1
2026-09-26T23:13:06,66,97,0.90,1
2026-09-26T23:13:07,65,96,0.86,1
2026-09-26T23:13:08,60,96,0.90,1
2026-09-26T23:13:09,61,97,0.93,1
2026-09-26T23:13:10,64,97,0.93,1
2026-09-26T23:13:11,62,96,0.94,1
2026-09-26T23:13:12,61,96,0.89,1
2026-09-26T23:13:13,66,94,0.94,1
2026-09-26T23:13:14,62,95,0.87,1
2026-09-26T23:13:15,66,95,0.89,1
2026-09-26T23:13:16,60,95,0.90,1
2026-09-26T23:13:17,66,94,0.90,1
2026-09-26T23:13:18,64,96,0.86,1
2026-09-26T23:13:19,64,96,0.94,1
2026-09-26T23:13:20,65,95,0.90,1
2026-09-26T23:13:21,61,95,0.95,1
2026-09-26T23:13:22,63,94,0.90,1
2026-09-26T23:13:23,65,97,0.88,1
2026-09-26T23:13:24,61,95,0.90,1
2026-09-26T23:13:25,66,95,0.93,1
2026-09-26T23:13:26,60,95,0.91,1
2026-09-26T23:13:27,65,95,0.94,1
2026-09-26T23:13:28,66,95,0.95,1
2026-09-26T23:13:29,62,97,0.87,1
2026-09-26T23:13:30,64,94,0.94,1
2026-09-26T23:13:31,61,95,0.87,1
2026-09-26T23:13:32,64,96,0.95,1
2026-09-26T23:13:33,62,97,0.93,1
2026-09-26T23:13:34,66,97,0.92,1
2026-09-26T23:13:35,64,97,0.90,1
2026-09-26T23:13:36,65,95,0.90,1
2026-09-26T23:13:37,66,97,0.88,1
2026-09-26T23:13:38,64,95,0.85,1
2026-09-26T23:13:39,66,97,0.89,1
2026-09-26T23:13:40,64,96,0.94,1
2026-09-26T23:13:41,61,97,0.89,1
2026-09-26T23:13:42,65,94,0.86,1
2026-09-26T23:13:43,65,97,0.86,1
2026-09-26T23:13:44,62,96,0.89,1
2026-09-26T23:13:45,60,97,0.87,1
2026-09-26T23:13:46,66,94,0.91,1
2026-09-26T23:13:47,62,97,0.91,1
2026-09-26T23:13:48,62,97,0.93,1
2026-09-26T23:13:49,64,97,0.86,1
2026-09-26T23:13:50,62,95,0.86,1
2026-09-26T23:13:51,60,96,0.88,1
2026-09-26T23:13:52,62,94,0.88,1
2026-09-26T23:13:53,61,94,0.92,1
2026-09-26T23:13:54,66,94,0.91,1
2026-09-26T23:13:55,60,96,0.91,1
2026-09-26T23:13:56,66,97,0.86,1
2026-09-26T23:13:57,66,97,0.94,1
2026-09-26T23:13:58,64,95,0.91,1
2026-09-26T23:13:59,63,95,0.87,1
2026-09-26T23:14:00,66,96,0.85,1
2026-09-26T23:14:01,65,95,0.89,1
2026-09-26T23:14:02,63,95,0.93,1
2026-09-26T23:14:03,63,96,0.86,1
2026-09-26T23:14:04,65,97,0.91,1
2026-09-26T23:14:05,64,96,0.88,1
2026-09-26T23:14:06,66,97,0.86,1
2026-09-26T23:14:07,62,95,0.89,1
2026-09-26T23:14:08,60,96,0.89,1
2026-09-26T23:14:09,60,97,0.91,1
2026-09-26T23:14:10,63,97,0.94,1
2026-09-26T23:14:11,61,95,0.89,1
2026-09-26T23:14:12,66,96,0.88,1
2026-09-26T23:14:13,62,96,0.93,1
2026-09-26T23:14:14,66,97,0.85,1
2026-09-26T23:14:15,66,97,0.90,1
2026-09-26T23:14:16,62,94,0.87,1
2026-09-26T23:14:17,65,97,0.94,1
2026-09-26T23:14:18,65,96,0.86,1
2026-09-26T23:14:19,64,97,0.95,1
2026-09-26T23:14:20,66,94,0.91,1
2026-09-26T23:14:21,60,95,0.88,1
2026-09-26T23:14:22,64,97,0.88,1
2026-09-26T23:14:23,65,97,0.94,1
2026-09-26T23:14:24,60,96,0.87,1
2026-09-26T23:14:25,63,94,0.86,1
2026-09-26T23:14:26,64,96,0.89,1
2026-09-26T23:14:27,61,95,0.90,1
2026-09-26T23:14:28,63,96,0.88,1
2026-09-26T23:14:29,61,97,0.95,1
2026-09-26T23:14:30,64,95,0.89,1
2026-09-26T23:14:31,62,96,0.85,1
2026-09-26T23:14:32,66,97,0.89,1
2026-09-26T23:14:33,64,95,0.90,1
2026-09-26T23:14:34,62,96,0.87,1
2026-09-26T23:14:35,66,94,0.93,1
2026-09-26T23:14:36,60,96,0.94,1
2026-09-26T23:14:37,64,97,0.91,1
2026-09-26T23:14:38,64,95,0.93,1
2026-09-26T23:14:39,64,94,0.90,1
2026-09-26T23:14:40,66,94,0.90,1
2026-09-26T23:14:41,63,97,0.88,1
2026-09-26T23:14:42,64,97,0.92,1
2026-09-26T23:14:43,62,97,0.86,1
2026-09-26T23:14:44,65,97,0.95,1
2026-09-26T23:14:45,60,95,0.95,1
2026-09-26T23:14:46,65,94,0.92,1
2026-09-26T23:14:47,61,95,0.92,1
2026-09-26T23:14:48,64,94,0.89,1
2026-09-26T23:14:49,62,95,0.91,1
2026-09-26T23:14:50,61,97,0.88,1
2026-09-26T23:14:51,62,95,0.92,1
2026-09-26T23:14:52,63,95,0.87,1
2026-09-26T23:14:53,64,94,0.88,1
2026-09-26T23:14:54,61,97,0.90,1
2026-09-26T23:14:55,61,97,0.86,1
2026-09-26T23:14:56,66,95,0.85,1
2026-09-26T23:14:57,65,96,0.88,1
2026-09-26T23:14:58,60,97,0.93,1
2026-09-26T23:14:59,61,94,0.94,1
2026-09-26T23:15:00,66,97,0.95,1
2026-09-26T23:15:01,60,94,0.92,1
2026-09-26T23:15:02,64,97,0.85,1
2026-09-26T23:15:03,64,97,0.93,1
2026-09-26T23:15:04,66,97,0.85,1
2026-09-26T23:15:05,61,96,0.86,1
2026-09-26T23:15:06,64,94,0.89,1
2026-09-26T23:15:07,66,97,0.92,1
2026-09-26T23:15:08,66,97,0.92,1
2026-09-26T23:15:09,62,97,0.90,1
2026-09-26T23:15:10,63,95,0.85,1
2026-09-26T23:15:11,63,97,0.85,1
2026-09-26T23:15:12,60,97,0.92,1
2026-09-26T23:15:13,65,97,0.87,1
2026-09-26T23:15:14,66,94,0.91,1
2026-09-26T23:15:15,66,95,0.87,1
2026-09-26T23:15:16,63,94,0.87,1
2026-09-26T23:15:17,66,97,0.93,1
2026-09-26T23:15:18,64,97,0.88,1
2026-09-26T23:15:19,66,96,0.91,1
2026-09-26T23:15:20,61,97,0.91,1
2026-09-26T23:15:21,66,94,0.93,1
2026-09-26T23:15:22,64,96,0.86,1
2026-09-26T23:15:23,63,96,0.92,1
2026-09-26T23:15:24,61,97,0.95,1
2026-09-26T23:15:25,61,97,0.93,1
2026-09-26T23:15:26,62,95,0.94,1
2026-09-26T23:15:27,64,97,0.90,1
2026-09-26T23:15:28,64,94,0.93,1
2026-09-26T23:15:29,60,95,0.86,1
2026-09-26T23:15:30,64,97,0.91,1
2026-09-26T23:15:31,64,94,0.91,1
2026-09-26T23:15:32,64,96,0.92,1
2026-09-26T23:15:33,66,96,0.90,1
2026-09-26T23:15:34,64,96,0.91,1
2026-09-26T23:15:35,61,94,0.92,1
2026-09-26T23:15:36,62,97,0.88,1
2026-09-26T23:15:37,63,96,0.91,1
2026-09-26T23:15:38,62,95,0.87,1
2026-09-26T23:15:39,63,94,0.91,1
2026-09-26T23:15:40,65,97,0.91,1
2026-09-26T23:15:41,64,94,0.86,1
2026-09-26T23:15:42,66,94,0.89,1
2026-09-26T23:15:43,63,95,0.86,1
2026-09-26T23:15:44,60,95,0.88,1
2026-09-26T23:15:45,62,97,0.85,1
2026-09-26T23:15:46,64,95,0.94,1
2026-09-26T23:15:47,62,97,0.85,1
2026-09-26T23:15:48,63,95,0.89,1
2026-09-26T23:15:49,64,94,0.86,1
2026-09-26T23:15:50,65,94,0.91,1
2026-09-26T23:15:51,64,95,0.91,1
2026-09-26T23:15:52,61,96,0.88,1
2026-09-26T23:15:53,63,94,0.92,1
2026-09-26T23:15:54,60,96,0.88,1
2026-09-26T23:15:55,62,96,0.85,1
2026-09-26T23:15:56,63,96,0.90,1
2026-09-26T23:15:57,66,94,0.90,1
2026-09-26T23:15:58,62,94,0.95,1
2026-09-26T23:15:59,61,96,0.95,1
2026-09-26T23:16:00,61,95,0.86,1
2026-09-26T23:16:01,62,96,0.93,1
2026-09-26T23:16:02,60,96,0.93,1
2026-09-26T23:16:03,66,96,0.90,1
2026-09-26T23:16:04,64,97,0.87,1
2026-09-26T23:16:05,62,97,0.92,1
2026-09-26T23:16:06,66,97,0.89,1
2026-09-26T23:16:07,62,96,0.90,1
2026-09-26T23:16:08,62,97,0.89,1
2026-09-26T23:16:09,63,94,0.95,1
2026-09-26T23:16:10,63,96,0.90,1
2026-09-26T23:16:11,65,94,0.92,1
2026-09-26T23:16:12,61,96,0.92,1
2026-09-26T23:16:13,63,97,0.91,1
2026-09-26T23:16:14,62,94,0.89,1
2026-09-26T23:16:15,65,96,0.86,1
2026-09-26T23:16:16,61,97,0.93,1
2026-09-26T23:16:17,62,94,0.92,1
2026-09-26T23:16:18,63,94,0.87,1
2026-09-26T23:16:19,61,96,0.86,1
2026-09-26T23:16:20,66,95,0.94,1
2026-09-26T23:16:21,62,94,0.86,1
2026-09-26T23:16:22,64,95,0.89,1
2026-09-26T23:16:23,65,96,0.90,1
2026-09-26T23:16:24,62,94,0.88,1
2026-09-26T23:16:25,65,96,0.85,1
2026-09-26T23:16:26,65,94,0.88,1
2026-09-26T23:16:27,65,96,0.94,1
2026-09-26T23:16:28,63,97,0.90,1
2026-09-26T23:16:29,60,95,0.89,1
2026-09-26T23:16:30,64,95,0.90,1
2026-09-26T23:16:31,65,96,0.95,1
2026-09-26T23:16:32,65,95,0.95,1
2026-09-26T23:16:33,62,97,0.90,1
2026-09-26T23:16:34,63,96,0.88,1
2026-09-26T23:16:35,65,97,0.90,1
2026-09-26T23:16:36,65,95,0.93,1
2026-09-26T23:16:37,66,96,0.85,1
2026-09-26T23:16:38,63,95,0.88,1
2026-09-26T23:16:39,61,94,0.87,1
2026-09-26T23:16:40,63,95,0.88,1
2026-09-26T23:16:41,64,97,0.94,1
2026-09-26T23:16:42,64,96,0.90,1
2026-09-26T23:16:43,60,94,0.92,1
2026-09-26T23:16:44,63,96,0.89,1
2026-09-26T23:16:45,64,96,0.86,1
2026-09-26T23:16:46,60,97,0.94,1
2026-09-26T23:16:47,65,94,0.86,1
2026-09-26T23:16:48,66,97,0.91,1
2026-09-26T23:16:49,63,95,0.93,1
2026-09-26T23:16:50,66,94,0.87,1
2026-09-26T23:16:51,65,94,0.93,1
2026-09-26T23:16:52,60,97,0.86,1
2026-09-26T23:16:53,65,95,0.94,1
2026-09-26T23:16:54,60,96,0.85,1
2026-09-26T23:16:55,65,94,0.86,1
2026-09-26T23:16:56,63,95,0.94,1
2026-09-26T23:16:57,63,95,0.94,1
2026-09-26T23:16:58,60,95,0.87,1
2026-09-26T23:16:59,66,94,0.88,1
2026-09-26T23:17:00,63,96,0.87,1
2026-09-26T23:17:01,60,97,0.86,1
2026-09-26T23:17:02,66,95,0.86,1
2026-09-26T23:17:03,60,97,0.87,1
2026-09-26T23:17:04,60,94,0.94,1
2026-09-26T23:17:05,66,94,0.87,1
2026-09-26T23:17:06,65,95,0.89,1
2026-09-26T23:17:07,61,95,0.93,1
2026-09-26T23:17:08,65,95,0.87,1
2026-09-26T23:17:09,61,95,0.95,1
2026-09-26T23:17:10,64,94,0.92,1
2026-09-26T23:17:11,63,97,0.87,1
2026-09-26T23:17:12,63,97,0.91,1
2026-09-26T23:17:13,65,94,0.95,1
2026-09-26T23:17:14,65,96,0.86,1
2026-09-26T23:17:15,62,94,0.86,1
2026-09-26T23:17:16,63,94,0.88,1
2026-09-26T23:17:17,62,96,0.93,1
2026-09-26T23:17:18,66,94,0.93,1
2026-09-26T23:17:19,64,97,0.92,1
2026-09-26T23:17:20,61,96,0.92,1
2026-09-26T23:17:21,61,97,0.94,1
2026-09-26T23:17:22,61,97,0.90,1
2026-09-26T23:17:23,60,94,0.90,1
2026-09-26T23:17:24,64,97,0.95,1
2026-09-26T23:17:25,62,94,0.94,1
2026-09-26T23:17:26,61,96,0.94,1
2026-09-26T23:17:27,63,94,0.93,1
2026-09-26T23:17:28,61,97,0.89,1
2026-09-26T23:17:29,66,95,0.86,1
2026-09-26T23:17:30,65,95,0.86,1
2026-09-26T23:17:31,64,96,0.93,1
2026-09-26T23:17:32,61,95,0.88,1
2026-09-26T23:17:33,64,97,0.88,1
2026-09-26T23:17:34,61,97,0.86,1
2026-09-26T23:17:35,64,94,0.94,1
2026-09-26T23:17:36,63,95,0.91,1
2026-09-26T23:17:37,61,95,0.93,1
2026-09-26T23:17:38,61,94,0.94,1
2026-09-26T23:17:39,63,94,0.88,1
2026-09-26T23:17:40,61,95,0.86,1
2026-09-26T23:17:41,62,94,0.94,1
2026-09-26T23:17:42,64,94,0.87,1
2026-09-26T23:17:43,61,95,0.90,1
2026-09-26T23:17:44,64,97,0.89,1
2026-09-26T23:17:45,63,95,0.85,1
2026-09-26T23:17:46,62,97,0.89,1
2026-09-26T23:17:47,60,96,0.95,1
2026-09-26T23:17:48,62,95,0.87,1
2026-09-26T23:17:49,62,96,0.92,1
2026-09-26T23:17:50,61,97,0.92,1
2026-09-26T23:17:51,64,95,0.93,1
2026-09-26T23:17:52,62,97,0.92,1
2026-09-26T23:17:53,66,97,0.93,1
2026-09-26T23:17:54,64,95,0.89,1
2026-09-26T23:17:55,63,95,0.88,1
2026-09-26T23:17:56,60,96,0.88,1
2026-09-26T23:17:57,61,96,0.93,1
2026-09-26T23:17:58,66,95,0.86,1
2026-09-26T23:17:59,60,95,0.91,1
2026-09-26T23:18:00,64,96,0.91,1
2026-09-26T23:18:01,61,97,0.94,1
2026-09-26T23:18:02,64,94,0.86,1
2026-09-26T23:18:03,66,97,0.87,1
2026-09-26T23:18:04,60,95,0.91,1
2026-09-26T23:18:05,63,95,0.90,1
2026-09-26T23:18:06,62,97,0.87,1
2026-09-26T23:18:07,66,97,0.93,1
2026-09-26T23:18:08,64,94,0.89,1
2026-09-26T23:18:09,60,96,0.94,1
2026-09-26T23:18:10,61,94,0.93,1
2026-09-26T23:18:11,63,95,0.94,1
2026-09-26T23:18:12,60,97,0.90,1
2026-09-26T23:18:13,62,95,0.93,1
2026-09-26T23:18:14,61,95,0.88,1
2026-09-26T23:18:15,60,95,0.89,1
2026-09-26T23:18:16,60,96,0.94,1
2026-09-26T23:18:17,66,96,0.95,1
2026-09-26T23:18:18,64,95,0.95,1
2026-09-26T23:18:19,65,95,0.88,1
2026-09-26T23:18:20,60,96,0.92,1
2026-09-26T23:18:21,66,94,0.88,1
2026-09-26T23:18:22,63,96,0.93,1
2026-09-26T23:18:23,63,96,0.91,1
2026-09-26T23:18:24,61,94,0.88,1
2026-09-26T23:18:25,66,96,0.92,1
2026-09-26T23:18:26,60,96,0.88,1
2026-09-26T23:18:27,60,97,0.88,1
2026-09-26T23:18:28,62,97,0.88,1
2026-09-26T23:18:29,66,96,0.91,1
2026-09-26T23:18:30,66,95,0.94,1
2026-09-26T23:18:31,66,95,0.86,1
2026-09-26T23:18:32,65,94,0.87,1
2026-09-26T23:18:33,65,96,0.85,1
2026-09-26T23:18:34,63,95,0.92,1
2026-09-26T23:18:35,62,96,0.88,1
2026-09-26T23:18:36,63,94,0.93,1
2026-09-26T23:18:37,64,95,0.94,1
2026-09-26T23:18:38,60,94,0.86,1
2026-09-26T23:18:39,63,97,0.95,1
2026-09-26T23:18:40,62,97,0.91,1
2026-09-26T23:18:41,65,94,0.89,1
2026-09-26T23:18:42,60,94,0.90,1
2026-09-26T23:18:43,66,95,0.91,1
2026-09-26T23:18:44,66,94,0.89,1
2026-09-26T23:18:45,61,94,0.93,1
2026-09-26T23:18:46,61,95,0.89,1
2026-09-26T23:18:47,61,96,0.95,1
2026-09-26T23:18:48,66,96,0.90,1
2026-09-26T23:18:49,64,97,0.93,1
2026-09-26T23:18:50,65,94,0.91,1
2026-09-26T23:18:51,61,94,0.88,1
2026-09-26T23:18:52,65,95,0.94,1
2026-09-26T23:18:53,60,95,0.87,1
2026-09-26T23:18:54,65,96,0.91,1
2026-09-26T23:18:55,61,96,0.95,1
2026-09-26T23:18:56,66,96,0.91,1
2026-09-26T23:18:57,60,96,0.95,1
2026-09-26T23:18:58,60,97,0.91,1
2026-09-26T23:18:59,64,96,0.86,1
2026-09-26T23:19:00,61,95,0.95,1
2026-09-26T23:19:01,65,95,0.86,1
2026-09-26T23:19:02,65,97,0.90,1
2026-09-26T23:19:03,63,95,0.94,1
2026-09-26T23:19:04,63,94,0.86,1
2026-09-26T23:19:05,65,94,0.88,1
2026-09-26T23:19:06,60,94,0.87,1
2026-09-26T23:19:07,65,94,0.88,1
2026-09-26T23:19:08,66,96,0.88,1
2026-09-26T23:19:09,63,97,0.86,1
2026-09-26T23:19:10,66,96,0.94,1
2026-09-26T23:19:11,65,97,0.91,1
2026-09-26T23:19:12,66,96,0.92,1
2026-09-26T23:19:13,66,97,0.93,1
2026-09-26T23:19:14,61,96,0.91,1
2026-09-26T23:19:15,63,95,0.85,1
2026-09-26T23:19:16,63,94,0.91,1
2026-09-26T23:19:17,64,95,0.89,1
2026-09-26T23:19:18,61,97,0.86,1
2026-09-26T23:19:19,63,95,0.93,1
2026-09-26T23:19:20,63,97,0.94,1
2026-09-26T23:19:21,66,96,0.87,1
2026-09-26T23:19:22,62,94,0.86,1
2026-09-26T23:19:23,64,94,0.94,1
2026-09-26T23:19:24,61,97,0.94,1
2026-09-26T23:19:25,65,96,0.91,1
2026-09-26T23:19:26,60,94,0.86,1
2026-09-26T23:19:27,64,94,0.86,1
2026-09-26T23:19:28,64,94,0.92,1
2026-09-26T23:19:29,62,94,0.88,1
2026-09-26T23:19:30,66,96,0.95,1
2026-09-26T23:19:31,64,96,0.95,1
2026-09-26T23:19:32,65,95,0.90,1
2026-09-26T23:19:33,65,95,0.87,1
2026-09-26T23:19:34,60,97,0.88,1
2026-09-26T23:19:35,64,95,0.86,1
2026-09-26T23:19:36,62,96,0.95,1
2026-09-26T23:19:37,61,97,0.86,1
2026-09-26T23:19:38,61,97,0.94,1
2026-09-26T23:19:39,63,96,0.89,1
2026-09-26T23:19:40,66,94,0.93,1
2026-09-26T23:19:41,65,95,0.88,1
2026-09-26T23:19:42,64,94,0.86,1
2026-09-26T23:19:43,60,96,0.89,1
2026-09-26T23:19:44,65,96,0.94,1
2026-09-26T23:19:45,62,94,0.93,1
2026-09-26T23:19:46,60,97,0.89,1
2026-09-26T23:19:47,61,96,0.93,1
2026-09-26T23:19:48,64,94,0.94,1
2026-09-26T23:19:49,66,97,0.92,1
2026-09-26T23:19:50,63,96,0.88,1
2026-09-26T23:19:51,63,95,0.87,1
2026-09-26T23:19:52,64,96,0.87,1
2026-09-26T23:19:53,66,97,0.86,1
2026-09-26T23:19:54,65,94,0.86,1
2026-09-26T23:19:55,62,96,0.93,1
2026-09-26T23:19:56,60,95,0.94,1
2026-09-26T23:19:57,65,97,0.87,1
2026-09-26T23:19:58,61,96,0.90,1
2026-09-26T23:19:59,60,96,0.90,1
2026-09-26T23:20:00,66,96,0.89,1
2026-09-26T23:20:01,61,97,0.93,1
2026-09-26T23:20:02,63,94,0.88,1
2026-09-26T23:20:03,61,97,0.88,1
2026-09-26T23:20:04,64,95,0.91,1
2026-09-26T23:20:05,66,96,0.88,1
2026-09-26T23:20:06,62,97,0.94,1
2026-09-26T23:20:07,64,95,0.92,1
2026-09-26T23:20:08,64,96,0.92,1
2026-09-26T23:20:09,64,97,0.92,1
2026-09-26T23:20:10,63,96,0.87,1
2026-09-26T23:20:11,61,94,0.92,1
2026-09-26T23:20:12,60,95,0.91,1
2026-09-26T23:20:13,62,96,0.89,1
2026-09-26T23:20:14,61,97,0.86,1
2026-09-26T23:20:15,66,95,0.91,1
2026-09-26T23:20:16,62,97,0.85,1
2026-09-26T23:20:17,64,97,0.91,1
2026-09-26T23:20:18,63,95,0.90,1
2026-09-26T23:20:19,66,97,0.95,1
2026-09-26T23:20:20,62,94,0.94,1
2026-09-26T23:20:21,66,94,0.91,1
2026-09-26T23:20:22,61,96,0.92,1
2026-09-26T23:20:23,63,97,0.89,1
2026-09-26T23:20:24,63,95,0.92,1
2026-09-26T23:20:25,66,94,0.91,1
2026-09-26T23:20:26,61,96,0.89,1
2026-09-26T23:20:27,63,94,0.93,1
2026-09-26T23:20:28,65,94,0.95,1
2026-09-26T23:20:29,62,94,0.94,1
2026-09-26T23:20:30,60,94,0.88,1
2026-09-26T23:20:31,65,94,0.91,1
2026-09-26T23:20:32,61,94,0.89,1
2026-09-26T23:20:33,63,97,0.85,1
2026-09-26T23:20:34,63,94,0.89,1
2026-09-26T23:20:35,66,95,0.94,1
2026-09-26T23:20:36,61,94,0.87,1
2026-09-26T23:20:37,65,94,0.95,1
2026-09-26T23:20:38,62,95,0.91,1
2026-09-26T23:20:39,64,96,0.87,1
2026-09-26T23:20:40,62,96,0.85,1
2026-09-26T23:20:41,62,96,0.89,1
2026-09-26T23:20:42,65,97,0.94,1
2026-09-26T23:20:43,60,94,0.94,1
2026-09-26T23:20:44,61,96,0.94,1
2026-09-26T23:20:45,65,95,0.87,1
2026-09-26T23:20:46,64,94,0.95,1
2026-09-26T23:20:47,66,95,0.92,1
2026-09-26T23:20:48,64,94,0.91,1
2026-09-26T23:20:49,60,94,0.87,1
2026-09-26T23:20:50,62,95,0.93,1
2026-09-26T23:20:51,62,95,0.87,1
2026-09-26T23:20:52,62,96,0.94,1
2026-09-26T23:20:53,64,95,0.92,1
2026-09-26T23:20:54,64,97,0.88,1
2026-09-26T23:20:55,60,96,0.85,1
2026-09-26T23:20:56,66,95,0.86,1
2026-09-26T23:20:57,64,94,0.90,1
2026-09-26T23:20:58,62,97,0.86,1
2026-09-26T23:20:59,62,95,0.91,1
2026-09-26T23:21:00,60,97,0.92,1
2026-09-26T23:21:01,64,96,0.87,1
2026-09-26T23:21:02,65,96,0.93,1
2026-09-26T23:21:03,63,96,0.86,1
2026-09-26T23:21:04,65,96,0.86,1
2026-09-26T23:21:05,63,95,0.93,1
2026-09-26T23:21:06,65,96,0.89,1
2026-09-26T23:21:07,63,94,0.89,1
2026-09-26T23:21:08,61,95,0.85,1
2026-09-26T23:21:09,62,94,0.94,1
2026-09-26T23:21:10,60,97,0.90,1
2026-09-26T23:21:11,64,96,0.87,1
2026-09-26T23:21:12,65,94,0.87,1
2026-09-26T23:21:13,66,94,0.93,1
2026-09-26T23:21:14,62,95,0.86,1
2026-09-26T23:21:15,61,94,0.89,1
2026-09-26T23:21:16,60,95,0.86,1
2026-09-26T23:21:17,65,95,0.89,1
2026-09-26T23:21:18,66,94,0.88,1
2026-09-26T23:21:19,61,96,0.90,1
2026-09-26T23:21:20,63,94,0.90,1
2026-09-26T23:21:21,60,97,0.86,1
2026-09-26T23:21:22,62,97,0.91,1
2026-09-26T23:21:23,64,96,0.94,1
2026-09-26T23:21:24,61,94,0.87,1
2026-09-26T23:21:25,63,97,0.94,1
2026-09-26T23:21:26,64,96,0.91,1
2026-09-26T23:21:27,64,94,0.87,1
2026-09-26T23:21:28,60,94,0.91,1
2026-09-26T23:21:29,61,94,0.92,1
2026-09-26T23:21:30,64,95,0.87,1
2026-09-26T23:21:31,61,94,0.90,1
2026-09-26T23:21:32,62,94,0.88,1
2026-09-26T23:21:33,66,94,0.85,1
2026-09-26T23:21:34,61,95,0.92,1
2026-09-26T23:21:35,62,94,0.94,1
2026-09-26T23:21:36,61,97,0.89,1
2026-09-26T23:21:37,64,97,0.88,1
2026-09-26T23:21:38,64,97,0.94,1
2026-09-26T23:21:39,65,97,0.87,1
2026-09-26T23:21:40,64,94,0.86,1
2026-09-26T23:21:41,62,96,0.89,1
2026-09-26T23:21:42,66,96,0.92,1
2026-09-26T23:21:43,65,95,0.93,1
2026-09-26T23:21:44,60,94,0.89,1
2026-09-26T23:21:45,60,97,0.88,1
2026-09-26T23:21:46,65,94,0.91,1
2026-09-26T23:21:47,66,97,0.93,1
2026-09-26T23:21:48,60,95,0.94,1
2026-09-26T23:21:49,60,94,0.87,1
2026-09-26T23:21:50,66,95,0.92,1
2026-09-26T23:21:51,65,95,0.87,1
2026-09-26T23:21:52,63,96,0.95,1
2026-09-26T23:21:53,64,97,0.93,1
2026-09-26T23:21:54,64,95,0.86,1
2026-09-26T23:21:55,61,94,0.86,1
2026-09-26T23:21:56,64,94,0.89,1
2026-09-26T23:21:57,60,96,0.93,1
2026-09-26T23:21:58,66,97,0.92,1
2026-09-26T23:21:59,65,94,0.89,1
2026-09-26T23:22:00,64,97,0.91,1
2026-09-26T23:22:01,64,96,0.86,1
2026-09-26T23:22:02,64,96,0.91,1
2026-09-26T23:22:03,65,95,0.93,1
2026-09-26T23:22:04,64,96,0.93,1
2026-09-26T23:22:05,62,96,0.87,1
2026-09-26T23:22:06,62,96,0.86,1
2026-09-26T23:22:07,61,96,0.92,1
2026-09-26T23:22:08,65,96,0.94,1
2026-09-26T23:22:09,65,97,0.86,1
2026-09-26T23:22:10,60,96,0.88,1
2026-09-26T23:22:11,61,95,0.92,1
2026-09-26T23:22:12,62,96,0.93,1
2026-09-26T23:22:13,66,96,0.94,1
2026-09-26T23:22:14,66,95,0.93,1
2026-09-26T23:22:15,62,96,0.90,1
2026-09-26T23:22:16,64,95,0.85,1
2026-09-26T23:22:17,63,94,0.92,1
2026-09-26T23:22:18,61,95,0.85,1
2026-09-26T23:22:19,64,94,0.92,1
2026-09-26T23:22:20,62,95,0.95,1
2026-09-26T23:22:21,62,94,0.92,1
2026-09-26T23:22:22,60,94,0.87,1
2026-09-26T23:22:23,65,95,0.85,1
2026-09-26T23:22:24,64,97,0.95,1
2026-09-26T23:22:25,62,94,0.87,1
2026-09-26T23:22:26,63,95,0.88,1
2026-09-26T23:22:27,63,94,0.95,1
2026-09-26T23:22:28,61,97,0.94,1
2026-09-26T23:22:29,66,96,0.91,1
2026-09-26T23:22:30,65,96,0.94,1
2026-09-26T23:22:31,66,94,0.87,1
2026-09-26T23:22:32,62,96,0.92,1
2026-09-26T23:22:33,60,96,0.91,1
2026-09-26T23:22:34,64,97,0.86,1
2026-09-26T23:22:35,66,97,0.86,1
2026-09-26T23:22:36,65,97,0.87,1
2026-09-26T23:22:37,66,94,0.87,1
2026-09-26T23:22:38,66,96,0.93,1
2026-09-26T23:22:39,61,95,0.89,1
2026-09-26T23:22:40,65,94,0.88,1
2026-09-26T23:22:41,62,94,0.95,1
2026-09-26T23:22:42,63,95,0.93,1
2026-09-26T23:22:43,62,94,0.85,1
2026-09-26T23:22:44,61,94,0.94,1
2026-09-26T23:22:45,61,95,0.86,1
2026-09-26T23:22:46,66,94,0.88,1
2026-09-26T23:22:47,64,94,0.90,1
2026-09-26T23:22:48,64,96,0.95,1
2026-09-26T23:22:49,62,96,0.95,1
2026-09-26T23:22:50,60,94,0.86,1
2026-09-26T23:22:51,61,95,0.90,1
2026-09-26T23:22:52,62,96,0.92,1
2026-09-26T23:22:53,62,95,0.89,1
2026-09-26T23:22:54,66,96,0.87,1
2026-09-26T23:22:55,63,94,0.86,1
2026-09-26T23:22:56,61,94,0.94,1
2026-09-26T23:22:57,60,95,0.87,1
2026-09-26T23:22:58,65,95,0.90,1
2026-09-26T23:22:59,66,95,0.95,1
2026-09-26T23:23:00,65,96,0.86,1
2026-09-26T23:23:01,60,96,0.92,1
2026-09-26T23:23:02,63,94,0.92,1
2026-09-26T23:23:03,62,97,0.92,1
2026-09-26T23:23:04,60,94,0.87,1
2026-09-26T23:23:05,64,94,0.90,1
2026-09-26T23:23:06,65,95,0.94,1
2026-09-26T23:23:07,63,96,0.86,1
2026-09-26T23:23:08,65,96,0.92,1
2026-09-26T23:23:09,61,96,0.89,1
2026-09-26T23:23:10,61,94,0.94,1
2026-09-26T23:23:11,63,96,0.94,1
2026-09-26T23:23:12,66,97,0.93,1
2026-09-26T23:23:13,60,96,0.89,1
2026-09-26T23:23:14,61,95,0.88,1
2026-09-26T23:23:15,64,94,0.94,1
2026-09-26T23:23:16,60,96,0.88,1
2026-09-26T23:23:17,65,97,0.93,1
2026-09-26T23:23:18,66,96,0.93,1
2026-09-26T23:23:19,60,97,0.87,1
2026-09-26T23:23:20,65,96,0.87,1
2026-09-26T23:23:21,60,97,0.90,1
2026-09-26T23:23:22,61,95,0.94,1
2026-09-26T23:23:23,60,97,0.86,1
2026-09-26T23:23:24,66,96,0.85,1
2026-09-26T23:23:25,64,95,0.90,1
2026-09-26T23:23:26,60,95,0.92,1
2026-09-26T23:23:27,62,97,0.91,1
2026-09-26T23:23:28,66,94,0.89,1
2026-09-26T23:23:29,60,97,0.87,1
2026-09-26T23:23:30,64,96,0.89,1
2026-09-26T23:23:31,60,94,0.89,1
2026-09-26T23:23:32,64,96,0.89,1
2026-09-26T23:23:33,66,96,0.90,1
2026-09-26T23:23:34,61,94,0.89,1
2026-09-26T23:23:35,63,94,0.94,1
2026-09-26T23:23:36,66,97,0.88,1
2026-09-26T23:23:37,62,97,0.91,1
2026-09-26T23:23:38,64,95,0.87,1
2026-09-26T23:23:39,62,95,0.85,1
2026-09-26T23:23:40,62,95,0.86,1
2026-09-26T23:23:41,66,96,0.85,1
2026-09-26T23:23:42,64,97,0.95,1
2026-09-26T23:23:43,63,95,0.87,1
2026-09-26T23:23:44,60,96,0.93,1
2026-09-26T23:23:45,60,94,0.90,1
2026-09-26T23:23:46,61,96,0.90,1
2026-09-26T23:23:47,62,96,0.88,1
2026-09-26T23:23:48,62,95,0.90,1
2026-09-26T23:23:49,64,97,0.88,1
2026-09-26T23:23:50,62,96,0.87,1
2026-09-26T23:23:51,64,97,0.86,1
2026-09-26T23:23:52,63,96,0.89,1
2026-09-26T23:23:53,60,94,0.87,1
2026-09-26T23:23:54,63,95,0.87,1
2026-09-26T23:23:55,60,95,0.88,1
2026-09-26T23:23:56,60,95,0.93,1
2026-09-26T23:23:57,65,97,0.89,1
2026-09-26T23:23:58,62,94,0.87,1
2026-09-26T23:23:59,64,95,0.86,1
2026-09-26T23:24:00,63,97,0.86,1
2026-09-26T23:24:01,63,94,0.91,1
2026-09-26T23:24:02,62,97,0.93,1
2026-09-26T23:24:03,61,95,0.93,1
2026-09-26T23:24:04,64,95,0.88,1
2026-09-26T23:24:05,65,96,0.90,1
2026-09-26T23:24:06,64,95,0.92,1
2026-09-26T23:24:07,66,97,0.87,1
2026-09-26T23:24:08,60,94,0.90,1
2026-09-26T23:24:09,62,94,0.94,1
2026-09-26T23:24:10,61,95,0.95,1
2026-09-26T23:24:11,61,97,0.88,1
2026-09-26T23:24:12,66,97,0.91,1
2026-09-26T23:24:13,60,96,0.93,1
2026-09-26T23:24:14,65,94,0.88,1
2026-09-26T23:24:15,66,94,0.94,1
2026-09-26T23:24:16,61,95,0.91,1
2026-09-26T23:24:17,60,94,0.86,1
2026-09-26T23:24:18,64,96,0.88,1
2026-09-26T23:24:19,60,97,0.91,1
2026-09-26T23:24:20,66,96,0.86,1
2026-09-26T23:24:21,63,94,0.91,1
2026-09-26T23:24:22,61,95,0.89,1
2026-09-26T23:24:23,63,94,0.91,1
2026-09-26T23:24:24,61,97,0.90,1
2026-09-26T23:24:25,66,95,0.87,1
2026-09-26T23:24:26,61,95,0.91,1
2026-09-26T23:24:27,63,94,0.90,1
2026-09-26T23:24:28,64,95,0.90,1
2026-09-26T23:24:29,65,96,0.87,1
2026-09-26T23:24:30,63,97,0.87,1
2026-09-26T23:24:31,61,95,0.89,1
2026-09-26T23:24:32,65,96,0.85,1
2026-09-26T23:24:33,66,96,0.92,1
2026-09-26T23:24:34,60,97,0.85,1
2026-09-26T23:24:35,61,95,0.91,1
2026-09-26T23:24:36,61,97,0.94,1
2026-09-26T23:24:37,60,95,0.86,1
2026-09-26T23:24:38,65,96,0.94,1
2026-09-26T23:24:39,66,95,0.90,1
2026-09-26T23:24:40,62,94,0.91,1
2026-09-26T23:24:41,60,95,0.94,1
2026-09-26T23:24:42,61,97,0.89,1
2026-09-26T23:24:43,64,94,0.88,1
2026-09-26T23:24:44,62,94,0.91,1
2026-09-26T23:24:45,61,97,0.92,1
2026-09-26T23:24:46,62,97,0.93,1
2026-09-26T23:24:47,63,94,0.86,1
2026-09-26T23:24:48,63,96,0.86,1
2026-09-26T23:24:49,62,97,0.90,1
2026-09-26T23:24:50,63,95,0.87,1
2026-09-26T23:24:51,65,94,0.88,1
2026-09-26T23:24:52,66,96,0.88,1
2026-09-26T23:24:53,60,97,0.91,1
2026-09-26T23:24:54,65,94,0.92,1
2026-09-26T23:24:55,61,95,0.89,1
2026-09-26T23:24:56,63,96,0.94,1
2026-09-26T23:24:57,64,95,0.93,1
2026-09-26T23:24:58,63,97,0.91,1
2026-09-26T23:24:59,66,94,0.90,1
2026-09-26T23:25:00,64,96,0.95,1
2026-09-26T23:25:01,63,94,0.89,1
2026-09-26T23:25:02,62,97,0.88,1
2026-09-26T23:25:03,64,97,0.93,1
2026-09-26T23:25:04,63,97,0.95,1
2026-09-26T23:25:05,65,97,0.88,1
2026-09-26T23:25:06,60,94,0.86,1
2026-09-26T23:25:07,64,94,0.90,1
2026-09-26T23:25:08,63,95,0.91,1
2026-09-26T23:25:09,66,96,0.88,1
2026-09-26T23:25:10,61,97,0.89,1
2026-09-26T23:25:11,65,96,0.92,1
2026-09-26T23:25:12,62,94,0.93,1
2026-09-26T23:25:13,65,96,0.92,1
2026-09-26T23:25:14,62,96,0.86,1
2026-09-26T23:25:15,61,96,0.91,1
2026-09-26T23:25:16,60,94,0.95,1
2026-09-26T23:25:17,63,95,0.91,1
2026-09-26T23:25:18,66,94,0.93,1
2026-09-26T23:25:19,63,96,0.87,1
2026-09-26T23:25:20,63,97,0.90,1
2026-09-26T23:25:21,66,95,0.94,1
2026-09-26T23:25:22,66,95,0.93,1
2026-09-26T23:25:23,65,96,0.86,1
2026-09-26T23:25:24,61,96,0.94,1
2026-09-26T23:25:25,66,95,0.91,1
2026-09-26T23:25:26,60,96,0.90,1
2026-09-26T23:25:27,61,96,0.86,1
2026-09-26T23:25:28,65,94,0.88,1
2026-09-26T23:25:29,63,97,0.90,1
2026-09-26T23:25:30,61,94,0.85,1
2026-09-26T23:25:31,63,97,0.92,1
2026-09-26T23:25:32,66,94,0.91,1
2026-09-26T23:25:33,66,94,0.92,1
2026-09-26T23:25:34,65,94,0.93,1
2026-09-26T23:25:35,63,97,0.89,1
2026-09-26T23:25:36,64,95,0.89,1
2026-09-26T23:25:37,65,94,0.92,1
2026-09-26T23:25:38,62,94,0.92,1
2026-09-26T23:25:39,64,96,0.88,1
2026-09-26T23:25:40,65,96,0.94,1
2026-09-26T23:25:41,63,94,0.88,1
2026-09-26T23:25:42,64,94,0.86,1
2026-09-26T23:25:43,66,95,0.86,1
2026-09-26T23:25:44,65,94,0.94,1
2026-09-26T23:25:45,60,95,0.89,1
2026-09-26T23:25:46,64,97,0.87,1
2026-09-26T23:25:47,60,97,0.87,1
2026-09-26T23:25:48,66,96,0.94,1
2026-09-26T23:25:49,63,95,0.92,1
2026-09-26T23:25:50,65,95,0.85,1
2026-09-26T23:25:51,60,97,0.90,1
2026-09-26T23:25:52,65,94,0.93,1
2026-09-26T23:25:53,62,95,0.93,1
2026-09-26T23:25:54,60,95,0.95,1
2026-09-26T23:25:55,66,94,0.93,1
2026-09-26T23:25:56,62,94,0.94,1
2026-09-26T23:25:57,66,96,0.92,1
2026-09-26T23:25:58,60,95,0.90,1
2026-09-26T23:25:59,62,94,0.88,1
2026-09-26T23:26:00,61,94,0.86,1
2026-09-26T23:26:01,65,94,0.94,1
2026-09-26T23:26:02,66,95,0.87,1
2026-09-26T23:26:03,62,96,0.89,1
2026-09-26T23:26:04,63,97,0.86,1
2026-09-26T23:26:05,61,96,0.92,1
2026-09-26T23:26:06,63,96,0.90,1
2026-09-26T23:26:07,64,96,0.93,1
2026-09-26T23:26:08,60,97,0.90,1
2026-09-26T23:26:09,64,97,0.93,1
2026-09-26T23:26:10,62,96,0.93,1
2026-09-26T23:26:11,60,95,0.94,1
2026-09-26T23:26:12,63,96,0.89,1
2026-09-26T23:26:13,62,96,0.92,1
2026-09-26T23:26:14,60,96,0.90,1
2026-09-26T23:26:15,66,95,0.86,1
2026-09-26T23:26:16,64,97,0.90,1
2026-09-26T23:26:17,66,94,0.95,1
2026-09-26T23:26:18,60,95,0.86,1
2026-09-26T23:26:19,63,94,0.91,1
2026-09-26T23:26:20,66,96,0.85,1
2026-09-26T23:26:21,61,94,0.94,1
2026-09-26T23:26:22,60,97,0.93,1
2026-09-26T23:26:23,62,94,0.88,1
2026-09-26T23:26:24,61,96,0.92,1
2026-09-26T23:26:25,64,96,0.94,1
2026-09-26T23:26:26,60,97,0.88,1
2026-09-26T23:26:27,60,95,0.86,1
2026-09-26T23:26:28,63,97,0.93,1
2026-09-26T23:26:29,64,96,0.90,1
2026-09-26T23:26:30,66,97,0.94,1
2026-09-26T23:26:31,62,97,0.95,1
2026-09-26T23:26:32,60,95,0.94,1
2026-09-26T23:26:33,61,94,0.89,1
2026-09-26T23:26:34,60,97,0.91,1
2026-09-26T23:26:35,65,95,0.86,1
2026-09-26T23:26:36,61,96,0.90,1
2026-09-26T23:26:37,62,95,0.85,1
2026-09-26T23:26:38,66,97,0.92,1
2026-09-26T23:26:39,62,96,0.86,1
2026-09-26T23:26:40,62,96,0.92,1
2026-09-26T23:26:41,63,95,0.91,1
2026-09-26T23:26:42,61,95,0.88,1
2026-09-26T23:26:43,60,94,0.90,1
2026-09-26T23:26:44,66,95,0.89,1
2026-09-26T23:26:45,60,97,0.90,1
2026-09-26T23:26:46,65,94,0.90,1
2026-09-26T23:26:47,64,95,0.91,1
2026-09-26T23:26:48,60,94,0.92,1
2026-09-26T23:26:49,64,95,0.92,1
2026-09-26T23:26:50,65,97,0.88,1
2026-09-26T23:26:51,61,95,0.95,1
2026-09-26T23:26:52,65,94,0.89,1
2026-09-26T23:26:53,61,97,0.87,1
2026-09-26T23:26:54,61,97,0.90,1
2026-09-26T23:26:55,62,96,0.94,1
2026-09-26T23:26:56,65,94,0.90,1
2026-09-26T23:26:57,62,97,0.90,1
2026-09-26T23:26:58,63,97,0.94,1
2026-09-26T23:26:59,63,96,0.90,1
2026-09-26T23:27:00,64,97,0.85,1
2026-09-26T23:27:01,65,96,0.92,1
2026-09-26T23:27:02,65,95,0.91,1
2026-09-26T23:27:03,62,97,0.89,1
2026-09-26T23:27:04,60,97,0.94,1
2026-09-26T23:27:05,61,96,0.94,1
2026-09-26T23:27:06,66,97,0.94,1
2026-09-26T23:27:07,65,94,0.92,1
2026-09-26T23:27:08,62,96,0.89,1
2026-09-26T23:27:09,66,94,0.85,1
2026-09-26T23:27:10,66,96,0.88,1
2026-09-26T23:27:11,66,94,0.95,1
2026-09-26T23:27:12,61,96,0.89,1
2026-09-26T23:27:13,61,97,0.92,1
2026-09-26T23:27:14,60,97,0.95,1
2026-09-26T23:27:15,65,96,0.90,1
2026-09-26T23:27:16,65,96,0.86,1
2026-09-26T23:27:17,63,96,0.86,1
2026-09-26T23:27:18,63,94,0.90,1
2026-09-26T23:27:19,64,95,0.93,1
2026-09-26T23:27:20,61,94,0.90,1
2026-09-26T23:27:21,60,95,0.89,1
2026-09-26T23:27:22,61,96,0.95,1
2026-09-26T23:27:23,65,97,0.91,1
2026-09-26T23:27:24,62,94,0.91,1
2026-09-26T23:27:25,66,95,0.92,1
2026-09-26T23:27:26,64,94,0.93,1
2026-09-26T23:27:27,63,97,0.85,1
2026-09-26T23:27:28,62,95,0.89,1
2026-09-26T23:27:29,60,96,0.92,1
2026-09-26T23:27:30,65,96,0.92,1
2026-09-26T23:27:31,60,95,0.89,1
2026-09-26T23:27:32,61,94,0.88,1
2026-09-26T23:27:33,64,95,0.94,1
2026-09-26T23:27:34,60,94,0.91,1
2026-09-26T23:27:35,63,96,0.91,1
2026-09-26T23:27:36,65,95,0.95,1
2026-09-26T23:27:37,61,94,0.92,1
2026-09-26T23:27:38,60,95,0.91,1
2026-09-26T23:27:39,64,95,0.87,1
2026-09-26T23:27:40,64,96,0.89,1
2026-09-26T23:27:41,61,95,0.95,1
2026-09-26T23:27:42,64,94,0.91,1
2026-09-26T23:27:43,60,95,0.89,1
2026-09-26T23:27:44,64,96,0.87,1
2026-09-26T23:27:45,65,97,0.93,1
2026-09-26T23:27:46,60,96,0.94,1
2026-09-26T23:27:47,61,97,0.86,1
2026-09-26T23:27:48,63,96,0.89,1
2026-09-26T23:27:49,63,96,0.88,1
2026-09-26T23:27:50,63,96,0.94,1
2026-09-26T23:27:51,63,97,0.91,1
2026-09-26T23:27:52,61,95,0.92,1
2026-09-26T23:27:53,65,94,0.85,1
2026-09-26T23:27:54,63,95,0.88,1
2026-09-26T23:27:55,60,96,0.95,1
2026-09-26T23:27:56,66,96,0.87,1
2026-09-26T23:27:57,60,94,0.92,1
2026-09-26T23:27:58,66,95,0.94,1
2026-09-26T23:27:59,64,94,0.95,1
2026-09-26T23:28:00,60,96,0.86,1
2026-09-26T23:28:01,66,97,0.92,1
2026-09-26T23:28:02,62,97,0.86,1
2026-09-26T23:28:03,65,95,0.85,1
2026-09-26T23:28:04,66,94,0.87,1
2026-09-26T23:28:05,60,94,0.93,1
2026-09-26T23:28:06,65,95,0.93,1
2026-09-26T23:28:07,61,95,0.93,1
2026-09-26T23:28:08,64,97,0.89,1
2026-09-26T23:28:09,62,95,0.94,1
2026-09-26T23:28:10,60,96,0.88,1
2026-09-26T23:28:11,64,95,0.88,1
2026-09-26T23:28:12,66,95,0.94,1
2026-09-26T23:28:13,61,96,0.92,1
2026-09-26T23:28:14,62,95,0.93,1
2026-09-26T23:28:15,60,95,0.86,1
2026-09-26T23:28:16,63,94,0.88,1
2026-09-26T23:28:17,61,94,0.90,1
2026-09-26T23:28:18,66,96,0.88,1
2026-09-26T23:28:19,64,95,0.87,1
2026-09-26T23:28:20,60,96,0.88,1
2026-09-26T23:28:21,62,97,0.91,1
2026-09-26T23:28:22,65,97,0.91,1
2026-09-26T23:28:23,65,96,0.92,1
2026-09-26T23:28:24,61,95,0.92,1
2026-09-26T23:28:25,61,97,0.90,1
2026-09-26T23:28:26,64,97,0.93,1
2026-09-26T23:28:27,63,94,0.88,1
2026-09-26T23:28:28,60,94,0.86,1
2026-09-26T23:28:29,66,96,0.95,1
2026-09-26T23:28:30,61,94,0.85,1
2026-09-26T23:28:31,63,95,0.93,1
2026-09-26T23:28:32,65,95,0.85,1
2026-09-26T23:28:33,65,95,0.92,1
2026-09-26T23:28:34,65,96,0.87,1
2026-09-26T23:28:35,61,96,0.95,1
2026-09-26T23:28:36,60,95,0.94,1
2026-09-26T23:28:37,66,97,0.89,1
2026-09-26T23:28:38,64,96,0.92,1
2026-09-26T23:28:39,66,95,0.93,1
2026-09-26T23:28:40,63,95,0.93,1
2026-09-26T23:28:41,60,95,0.86,1
2026-09-26T23:28:42,62,96,0.87,1
2026-09-26T23:28:43,61,97,0.85,1
2026-09-26T23:28:44,63,97,0.85,1
2026-09-26T23:28:45,66,96,0.86,1
2026-09-26T23:28:46,60,96,0.87,1
2026-09-26T23:28:47,61,95,0.93,1
2026-09-26T23:28:48,65,94,0.94,1
2026-09-26T23:28:49,60,94,0.91,1
2026-09-26T23:28:50,62,95,0.90,1
2026-09-26T23:28:51,64,96,0.94,1
2026-09-26T23:28:52,64,97,0.88,1
2026-09-26T23:28:53,61,96,0.92,1
2026-09-26T23:28:54,64,94,0.92,1
2026-09-26T23:28:55,65,94,0.87,1
2026-09-26T23:28:56,64,94,0.94,1
2026-09-26T23:28:57,66,96,0.89,1
2026-09-26T23:28:58,64,94,0.91,1
2026-09-26T23:28:59,60,96,0.87,1
2026-09-26T23:29:00,63,94,0.87,1
2026-09-26T23:29:01,65,96,0.94,1
2026-09-26T23:29:02,66,96,0.85,1
2026-09-26T23:29:03,60,94,0.94,1
2026-09-26T23:29:04,61,97,0.91,1
2026-09-26T23:29:05,60,96,0.87,1
2026-09-26T23:29:06,66,95,0.93,1
2026-09-26T23:29:07,61,95,0.92,1
2026-09-26T23:29:08,64,96,0.88,1
2026-09-26T23:29:09,60,95,0.94,1
2026-09-26T23:29:10,66,97,0.91,1
2026-09-26T23:29:11,62,97,0.92,1
2026-09-26T23:29:12,65,96,0.89,1
2026-09-26T23:29:13,62,97,0.93,1
2026-09-26T23:29:14,64,94,0.87,1
2026-09-26T23:29:15,64,97,0.93,1
2026-09-26T23:29:16,62,96,0.85,1
2026-09-26T23:29:17,64,97,0.93,1
2026-09-26T23:29:18,66,97,0.85,1
2026-09-26T23:29:19,61,96,0.94,1
2026-09-26T23:29:20,66,96,0.87,1
2026-09-26T23:29:21,64,94,0.94,1
2026-09-26T23:29:22,60,96,0.85,1
2026-09-26T23:29:23,60,94,0.92,1
2026-09-26T23:29:24,65,95,0.87,1
2026-09-26T23:29:25,60,96,0.90,1
2026-09-26T23:29:26,61,94,0.87,1
2026-09-26T23:29:27,60,95,0.88,1
2026-09-26T23:29:28,62,96,0.94,1
2026-09-26T23:29:29,62,96,0.95,1
2026-09-26T23:29:30,60,95,0.91,1
2026-09-26T23:29:31,62,95,0.87,1
2026-09-26T23:29:32,66,94,0.94,1
2026-09-26T23:29:33,62,96,0.93,1
2026-09-26T23:29:34,61,96,0.88,1
2026-09-26T23:29:35,65,95,0.88,1
2026-09-26T23:29:36,64,95,0.92,1
2026-09-26T23:29:37,66,97,0.87,1
2026-09-26T23:29:38,60,94,0.91,1
2026-09-26T23:29:39,61,95,0.87,1
2026-09-26T23:29:40,60,94,0.92,1
2026-09-26T23:29:41,60,97,0.88,1
2026-09-26T23:29:42,64,97,0.88,1
2026-09-26T23:29:43,66,97,0.94,1
2026-09-26T23:29:44,63,95,0.89,1
2026-09-26T23:29:45,66,96,0.86,1
2026-09-26T23:29:46,66,94,0.87,1
2026-09-26T23:29:47,64,96,0.91,1
2026-09-26T23:29:48,62,95,0.94,1
2026-09-26T23:29:49,62,97,0.86,1
2026-09-26T23:29:50,66,94,0.94,1
2026-09-26T23:29:51,64,97,0.85,1
2026-09-26T23:29:52,64,96,0.88,1
2026-09-26T23:29:53,62,96,0.89,1
2026-09-26T23:29:54,66,94,0.90,1
2026-09-26T23:29:55,61,96,0.95,1
2026-09-26T23:29:56,64,95,0.88,1
2026-09-26T23:29:57,65,97,0.93,1
2026-09-26T23:29:58,60,95,0.86,1
2026-09-26T23:29:59,60,97,0.92,1
2026-09-26T23:30:00,66,95,0.92,1
2026-09-26T23:30:01,60,95,0.92,1
2026-09-26T23:30:02,66,95,0.93,1
2026-09-26T23:30:03,65,95,0.89,1
2026-09-26T23:30:04,60,96,0.88,1
2026-09-26T23:30:05,62,94,0.88,1
2026-09-26T23:30:06,64,97,0.93,1
2026-09-26T23:30:07,61,97,0.91,1
2026-09-26T23:30:08,60,95,0.94,1
2026-09-26T23:30:09,62,95,0.92,1
2026-09-26T23:30:10,62,95,0.90,1
2026-09-26T23:30:11,63,95,0.89,1
2026-09-26T23:30:12,66,95,0.95,1
2026-09-26T23:30:13,60,96,0.86,1
2026-09-26T23:30:14,66,97,0.85,1
2026-09-26T23:30:15,61,96,0.87,1
2026-09-26T23:30:16,60,97,0.95,1
2026-09-26T23:30:17,61,97,0.95,1
2026-09-26T23:30:18,63,94,0.86,1
2026-09-26T23:30:19,65,95,0.92,1
2026-09-26T23:30:20,64,95,0.88,1
2026-09-26T23:30:21,64,95,0.91,1
2026-09-26T23:30:22,61,94,0.86,1
2026-09-26T23:30:23,66,95,0.94,1
2026-09-26T23:30:24,63,94,0.88,1
2026-09-26T23:30:25,62,96,0.90,1
2026-09-26T23:30:26,60,97,0.89,1
2026-09-26T23:30:27,60,95,0.90,1
2026-09-26T23:30:28,60,96,0.90,1
2026-09-26T23:30:29,64,94,0.93,1
2026-09-26T23:30:30,61,97,0.88,1
2026-09-26T23:30:31,63,94,0.95,1
2026-09-26T23:30:32,66,94,0.88,1
2026-09-26T23:30:33,66,95,0.92,1
2026-09-26T23:30:34,63,94,0.87,1
2026-09-26T23:30:35,61,96,0.89,1
2026-09-26T23:30:36,62,97,0.89,1
2026-09-26T23:30:37,62,96,0.87,1
2026-09-26T23:30:38,60,96,0.85,1
2026-09-26T23:30:39,62,97,0.94,1
2026-09-26T23:30:40,60,94,0.92,1
2026-09-26T23:30:41,60,94,0.87,1
2026-09-26T23:30:42,60,96,0.89,1
2026-09-26T23:30:43,62,96,0.95,1
2026-09-26T23:30:44,64,97,0.87,1
2026-09-26T23:30:45,61,95,0.92,1
2026-09-26T23:30:46,60,97,0.90,1
2026-09-26T23:30:47,61,95,0.85,1
2026-09-26T23:30:48,63,95,0.85,1
2026-09-26T23:30:49,62,97,0.86,1
2026-09-26T23:30:50,66,96,0.92,1
2026-09-26T23:30:51,63,94,0.90,1
2026-09-26T23:30:52,61,97,0.86,1
2026-09-26T23:30:53,63,94,0.87,1
2026-09-26T23:30:54,60,96,0.85,1
2026-09-26T23:30:55,60,96,0.86,1
2026-09-26T23:30:56,62,97,0.87,1
2026-09-26T23:30:57,60,97,0.89,1
2026-09-26T23:30:58,65,96,0.90,1
2026-09-26T23:30:59,60,95,0.93,1
2026-09-26T23:31:00,62,97,0.86,1
2026-09-26T23:31:01,65,95,0.89,1
2026-09-26T23:31:02,64,96,0.87,1
2026-09-26T23:31:03,64,95,0.94,1
2026-09-26T23:31:04,63,97,0.94,1
2026-09-26T23:31:05,61,95,0.91,1
2026-09-26T23:31:06,60,94,0.93,1
2026-09-26T23:31:07,66,96,0.92,1
2026-09-26T23:31:08,63,94,0.93,1
2026-09-26T23:31:09,65,97,0.87,1
2026-09-26T23:31:10,62,95,0.95,1
2026-09-26T23:31:11,63,94,0.89,1
2026-09-26T23:31:12,66,95,0.90,1
2026-09-26T23:31:13,63,96,0.90,1
2026-09-26T23:31:14,64,97,0.88,1
2026-09-26T23:31:15,64,97,0.89,1
2026-09-26T23:31:16,66,94,0.85,1
2026-09-26T23:31:17,64,96,0.92,1
2026-09-26T23:31:18,64,96,0.85,1
2026-09-26T23:31:19,61,94,0.91,1
2026-09-26T23:31:20,64,96,0.91,1
2026-09-26T23:31:21,66,94,0.87,1
2026-09-26T23:31:22,62,94,0.94,1
2026-09-26T23:31:23,66,95,0.87,1
2026-09-26T23:31:24,63,96,0.93,1
2026-09-26T23:31:25,63,96,0.94,1
2026-09-26T23:31:26,66,95,0.85,1
2026-09-26T23:31:27,62,95,0.90,1
2026-09-26T23:31:28,65,94,0.88,1
2026-09-26T23:31:29,63,97,0.91,1
2026-09-26T23:31:30,62,94,0.85,1
2026-09-26T23:31:31,62,94,0.89,1
2026-09-26T23:31:32,60,95,0.88,1
2026-09-26T23:31:33,60,94,0.93,1
2026-09-26T23:31:34,63,95,0.93,1
2026-09-26T23:31:35,60,96,0.86,1
2026-09-26T23:31:36,65,94,0.87,1
2026-09-26T23:31:37,63,94,0.94,1
2026-09-26T23:31:38,64,95,0.93,1
2026-09-26T23:31:39,62,95,0.91,1
2026-09-26T23:31:40,61,95,0.86,1
2026-09-26T23:31:41,66,97,0.91,1
2026-09-26T23:31:42,65,96,0.94,1
2026-09-26T23:31:43,63,95,0.90,1
2026-09-26T23:31:44,61,97,0.94,1
2026-09-26T23:31:45,60,95,0.87,1
2026-09-26T23:31:46,66,97,0.94,1
2026-09-26T23:31:47,66,95,0.91,1
2026-09-26T23:31:48,63,95,0.88,1
2026-09-26T23:31:49,66,94,0.90,1
2026-09-26T23:31:50,63,97,0.94,1
2026-09-26T23:31:51,62,96,0.93,1
2026-09-26T23:31:52,62,97,0.93,1
2026-09-26T23:31:53,62,97,0.93,1
2026-09-26T23:31:54,62,95,0.93,1
2026-09-26T23:31:55,63,95,0.92,1
2026-09-26T23:31:56,60,97,0.87,1
2026-09-26T23:31:57,63,97,0.95,1
2026-09-26T23:31:58,63,94,0.86,1
2026-09-26T23:31:59,60,94,0.86,1
2026-09-26T23:32:00,65,95,0.88,1
2026-09-26T23:32:01,66,97,0.95,1
2026-09-26T23:32:02,64,96,0.94,1
2026-09-26T23:32:03,63,95,0.89,1
2026-09-26T23:32:04,63,94,0.88,1
2026-09-26T23:32:05,64,96,0.91,1
2026-09-26T23:32:06,62,96,0.87,1
2026-09-26T23:32:07,63,97,0.93,1
2026-09-26T23:32:08,66,95,0.92,1
2026-09-26T23:32:09,62,94,0.85,1
2026-09-26T23:32:10,61,97,0.87,1
2026-09-26T23:32:11,63,97,0.93,1
2026-09-26T23:32:12,63,96,0.94,1
2026-09-26T23:32:13,64,94,0.93,1
2026-09-26T23:32:14,63,96,0.86,1
2026-09-26T23:32:15,64,97,0.87,1
2026-09-26T23:32:16,62,94,0.94,1
2026-09-26T23:32:17,64,97,0.89,1
2026-09-26T23:32:18,64,96,0.92,1
2026-09-26T23:32:19,61,95,0.93,1
2026-09-26T23:32:20,65,95,0.89,1
2026-09-26T23:32:21,64,97,0.94,1
2026-09-26T23:32:22,61,95,0.88,1
2026-09-26T23:32:23,60,96,0.91,1
2026-09-26T23:32:24,65,95,0.91,1
2026-09-26T23:32:25,62,97,0.95,1
2026-09-26T23:32:26,66,97,0.95,1
2026-09-26T23:32:27,65,95,0.90,1
2026-09-26T23:32:28,66,95,0.87,1
2026-09-26T23:32:29,60,97,0.93,1
2026-09-26T23:32:30,62,94,0.90,1
2026-09-26T23:32:31,61,95,0.93,1
2026-09-26T23:32:32,63,96,0.90,1
2026-09-26T23:32:33,66,96,0.89,1
2026-09-26T23:32:34,60,94,0.88,1
2026-09-26T23:32:35,62,97,0.87,1
2026-09-26T23:32:36,63,95,0.88,1
2026-09-26T23:32:37,66,94,0.94,1
2026-09-26T23:32:38,66,95,0.88,1
2026-09-26T23:32:39,65,96,0.88,1
2026-09-26T23:32:40,61,94,0.94,1
2026-09-26T23:32:41,60,97,0.88,1
2026-09-26T23:32:42,61,96,0.95,1
2026-09-26T23:32:43,64,94,0.91,1
2026-09-26T23:32:44,66,96,0.92,1
2026-09-26T23:32:45,65,97,0.86,1
2026-09-26T23:32:46,60,96,0.93,1
2026-09-26T23:32:47,61,97,0.86,1
2026-09-26T23:32:48,63,96,0.92,1
2026-09-26T23:32:49,63,94,0.94,1
2026-09-26T23:32:50,65,95,0.94,1
2026-09-26T23:32:51,63,94,0.88,1
2026-09-26T23:32:52,60,95,0.88,1
2026-09-26T23:32:53,63,94,0.85,1
2026-09-26T23:32:54,60,96,0.89,1
2026-09-26T23:32:55,65,97,0.91,1
2026-09-26T23:32:56,60,97,0.91,1
2026-09-26T23:32:57,62,95,0.87,1
2026-09-26T23:32:58,60,94,0.91,1
2026-09-26T23:32:59,64,97,0.86,1
2026-09-26T23:33:00,63,97,0.88,1
2026-09-26T23:33:01,66,95,0.92,1
2026-09-26T23:33:02,63,94,0.94,1
2026-09-26T23:33:03,61,97,0.88,1
2026-09-26T23:33:04,60,97,0.93,1
2026-09-26T23:33:05,66,96,0.85,1
2026-09-26T23:33:06,65,97,0.86,1
2026-09-26T23:33:07,66,94,0.87,1
2026-09-26T23:33:08,64,97,0.93,1
2026-09-26T23:33:09,66,96,0.87,1
2026-09-26T23:33:10,60,94,0.86,1
2026-09-26T23:33:11,60,94,0.86,1
2026-09-26T23:33:12,61,97,0.92,1
2026-09-26T23:33:13,60,97,0.94,1
2026-09-26T23:33:14,61,94,0.86,1
2026-09-26T23:33:15,61,96,0.94,1
2026-09-26T23:33:16,60,96,0.93,1
2026-09-26T23:33:17,61,94,0.88,1
2026-09-26T23:33:18,61,95,0.92,1
2026-09-26T23:33:19,62,94,0.93,1
2026-09-26T23:33:20,66,94,0.93,1
2026-09-26T23:33:21,63,94,0.87,1
2026-09-26T23:33:22,61,97,0.91,1
2026-09-26T23:33:23,61,94,0.88,1
2026-09-26T23:33:24,60,97,0.87,1
2026-09-26T23:33:25,65,94,0.95,1
2026-09-26T23:33:26,64,94,0.92,1
2026-09-26T23:33:27,66,97,0.93,1
2026-09-26T23:33:28,66,94,0.95,1
2026-09-26T23:33:29,60,97,0.90,1
2026-09-26T23:33:30,66,94,0.89,1
2026-09-26T23:33:31,62,95,0.87,1
2026-09-26T23:33:32,65,94,0.91,1
2026-09-26T23:33:33,61,95,0.88,1
2026-09-26T23:33:34,61,95,0.94,1
2026-09-26T23:33:35,66,95,0.89,1
2026-09-26T23:33:36,61,97,0.92,1
2026-09-26T23:33:37,63,94,0.93,1
2026-09-26T23:33:38,62,94,0.90,1
2026-09-26T23:33:39,62,96,0.93,1
2026-09-26T23:33:40,65,94,0.87,1
2026-09-26T23:33:41,61,96,0.85,1
2026-09-26T23:33:42,66,96,0.91,1
2026-09-26T23:33:43,66,94,0.85,1
2026-09-26T23:33:44,65,96,0.86,1
2026-09-26T23:33:45,61,96,0.93,1
2026-09-26T23:33:46,64,95,0.85,1
2026-09-26T23:33:47,66,95,0.89,1
2026-09-26T23:33:48,61,96,0.92,1
2026-09-26T23:33:49,61,96,0.87,1
2026-09-26T23:33:50,66,94,0.87,1
2026-09-26T23:33:51,64,94,0.90,1
2026-09-26T23:33:52,65,95,0.86,1
2026-09-26T23:33:53,64,95,0.94,1
2026-09-26T23:33:54,66,95,0.87,1
2026-09-26T23:33:55,66,94,0.86,1
2026-09-26T23:33:56,62,96,0.86,1
2026-09-26T23:33:57,65,94,0.86,1
2026-09-26T23:33:58,62,97,0.87,1
2026-09-26T23:33:59,66,95,0.88,1
2026-09-26T23:34:00,62,96,0.87,1
2026-09-26T23:34:01,64,95,0.94,1
2026-09-26T23:34:02,64,95,0.88,1
2026-09-26T23:34:03,66,96,0.94,1
2026-09-26T23:34:04,65,97,0.86,1
2026-09-26T23:34:05,60,96,0.88,1
2026-09-26T23:34:06,63,97,0.87,1
2026-09-26T23:34:07,66,97,0.93,1
2026-09-26T23:34:08,66,94,0.86,1
2026-09-26T23:34:09,66,97,0.92,1
2026-09-26T23:34:10,62,94,0.89,1
2026-09-26T23:34:11,64,97,0.95,1
2026-09-26T23:34:12,62,95,0.92,1
2026-09-26T23:34:13,64,97,0.92,1
2026-09-26T23:34:14,66,96,0.93,1
2026-09-26T23:34:15,60,97,0.85,1
2026-09-26T23:34:16,65,96,0.89,1
2026-09-26T23:34:17,61,96,0.94,1
2026-09-26T23:34:18,64,94,0.91,1
2026-09-26T23:34:19,62,96,0.93,1
2026-09-26T23:34:20,60,95,0.91,1
2026-09-26T23:34:21,63,94,0.95,1
2026-09-26T23:34:22,65,96,0.93,1
2026-09-26T23:34:23,61,95,0.85,1
2026-09-26T23:34:24,62,94,0.93,1
2026-09-26T23:34:25,64,95,0.95,1
2026-09-26T23:34:26,64,94,0.86,1
2026-09-26T23:34:27,64,95,0.91,1
2026-09-26T23:34:28,62,97,0.91,1
2026-09-26T23:34:29,63,94,0.95,1
2026-09-26T23:34:30,62,97,0.91,1
2026-09-26T23:34:31,66,95,0.95,1
2026-09-26T23:34:32,65,96,0.87,1
2026-09-26T23:34:33,62,95,0.91,1
2026-09-26T23:34:34,66,96,0.85,1
2026-09-26T23:34:35,63,96,0.88,1
2026-09-26T23:34:36,60,97,0.86,1
2026-09-26T23:34:37,66,96,0.88,1
2026-09-26T23:34:38,61,96,0.86,1
2026-09-26T23:34:39,63,96,0.89,1
2026-09-26T23:34:40,64,94,0.86,1
2026-09-26T23:34:41,66,95,0.85,1
2026-09-26T23:34:42,64,97,0.95,1
2026-09-26T23:34:43,61,96,0.86,1
2026-09-26T23:34:44,61,97,0.92,1
2026-09-26T23:34:45,62,95,0.95,1
2026-09-26T23:34:46,60,94,0.87,1
2026-09-26T23:34:47,63,97,0.86,1
2026-09-26T23:34:48,63,95,0.90,1
2026-09-26T23:34:49,65,95,0.93,1
2026-09-26T23:34:50,65,95,0.95,1
2026-09-26T23:34:51,60,94,0.89,1
2026-09-26T23:34:52,61,96,0.94,1
2026-09-26T23:34:53,60,95,0.87,1
2026-09-26T23:34:54,61,94,0.86,1
2026-09-26T23:34:55,62,95,0.87,1
2026-09-26T23:34:56,64,95,0.93,1
2026-09-26T23:34:57,61,97,0.88,1
2026-09-26T23:34:58,64,94,0.85,1
2026-09-26T23:34:59,64,94,0.94,1
2026-09-26T23:35:00,62,94,0.90,1
2026-09-26T23:35:01,62,95,0.88,1
2026-09-26T23:35:02,65,96,0.90,1
2026-09-26T23:35:03,66,95,0.93,1
2026-09-26T23:35:04,65,94,0.87,1
2026-09-26T23:35:05,64,96,0.90,1
2026-09-26T23:35:06,62,96,0.91,1
2026-09-26T23:35:07,63,95,0.88,1
2026-09-26T23:35:08,66,95,0.89,1
2026-09-26T23:35:09,64,97,0.95,1
2026-09-26T23:35:10,65,95,0.89,1
2026-09-26T23:35:11,61,95,0.94,1
2026-09-26T23:35:12,61,97,0.88,1
2026-09-26T23:35:13,62,95,0.93,1
2026-09-26T23:35:14,66,95,0.94,1
2026-09-26T23:35:15,60,97,0.87,1
2026-09-26T23:35:16,60,97,0.90,1
2026-09-26T23:35:17,61,97,0.86,1
2026-09-26T23:35:18,66,94,0.92,1
2026-09-26T23:35:19,60,96,0.93,1
2026-09-26T23:35:20,62,96,0.91,1
2026-09-26T23:35:21,65,96,0.88,1
2026-09-26T23:35:22,61,97,0.94,1
2026-09-26T23:35:23,61,94,0.86,1
2026-09-26T23:35:24,63,97,0.87,1
2026-09-26T23:35:25,60,94,0.93,1
2026-09-26T23:35:26,60,97,0.91,1
2026-09-26T23:35:27,66,96,0.92,1
2026-09-26T23:35:28,66,97,0.90,1
2026-09-26T23:35:29,65,96,0.91,1
2026-09-26T23:35:30,62,95,0.91,1
2026-09-26T23:35:31,65,95,0.89,1
2026-09-26T23:35:32,61,96,0.89,1
2026-09-26T23:35:33,63,96,0.93,1
2026-09-26T23:35:34,62,96,0.94,1
2026-09-26T23:35:35,66,97,0.89,1
2026-09-26T23:35:36,61,95,0.87,1
2026-09-26T23:35:37,61,96,0.94,1
2026-09-26T23:35:38,65,94,0.91,1
2026-09-26T23:35:39,66,94,0.87,1
2026-09-26T23:35:40,62,94,0.93,1
2026-09-26T23:35:41,63,96,0.93,1
2026-09-26T23:35:42,60,97,0.92,1
2026-09-26T23:35:43,64,96,0.88,1
2026-09-26T23:35:44,65,95,0.87,1
2026-09-26T23:35:45,65,97,0.92,1
2026-09-26T23:35:46,62,97,0.87,1
2026-09-26T23:35:47,65,94,0.92,1
2026-09-26T23:35:48,64,96,0.86,1
2026-09-26T23:35:49,63,97,0.87,1
2026-09-26T23:35:50,66,96,0.95,1
2026-09-26T23:35:51,62,97,0.92,1
2026-09-26T23:35:52,60,96,0.85,1
2026-09-26T23:35:53,60,94,0.88,1
2026-09-26T23:35:54,61,96,0.85,1
2026-09-26T23:35:55,63,96,0.92,1
2026-09-26T23:35:56,62,95,0.94,1
2026-09-26T23:35:57,62,96,0.86,1
2026-09-26T23:35:58,65,97,0.92,1
2026-09-26T23:35:59,63,95,0.93,1
2026-09-26T23:36:00,64,94,0.90,1
2026-09-26T23:36:01,62,95,0.95,1
2026-09-26T23:36:02,66,96,0.85,1
2026-09-26T23:36:03,63,94,0.86,1
2026-09-26T23:36:04,65,94,0.93,1
2026-09-26T23:36:05,62,95,0.87,1
2026-09-26T23:36:06,65,96,0.86,1
2026-09-26T23:36:07,66,96,0.88,1
2026-09-26T23:36:08,65,96,0.94,1
2026-09-26T23:36:09,61,94,0.88,1
2026-09-26T23:36:10,61,94,0.88,1
2026-09-26T23:36:11,60,94,0.91,1
2026-09-26T23:36:12,62,95,0.89,1
2026-09-26T23:36:13,63,94,0.93,1
2026-09-26T23:36:14,64,96,0.89,1
2026-09-26T23:36:15,66,96,0.93,1
2026-09-26T23:36:16,62,94,0.94,1
2026-09-26T23:36:17,63,95,0.92,1
2026-09-26T23:36:18,61,95,0.89,1
2026-09-26T23:36:19,60,95,0.88,1
2026-09-26T23:36:20,62,96,0.91,1
2026-09-26T23:36:21,64,94,0.91,1
2026-09-26T23:36:22,60,95,0.88,1
2026-09-26T23:36:23,66,95,0.88,1
2026-09-26T23:36:24,64,94,0.86,1
2026-09-26T23:36:25,60,94,0.89,1
2026-09-26T23:36:26,60,95,0.92,1
2026-09-26T23:36:27,60,95,0.88,1
2026-09-26T23:36:28,60,95,0.89,1
2026-09-26T23:36:29,60,94,0.86,1
2026-09-26T23:36:30,63,97,0.88,1
2026-09-26T23:36:31,62,95,0.86,1
2026-09-26T23:36:32,62,94,0.91,1
2026-09-26T23:36:33,64,94,0.90,1
2026-09-26T23:36:34,64,94,0.94,1
2026-09-26T23:36:35,61,96,0.94,1
2026-09-26T23:36:36,61,97,0.88,1
2026-09-26T23:36:37,60,94,0.95,1
2026-09-26T23:36:38,60,96,0.88,1
2026-09-26T23:36:39,61,95,0.86,1
2026-09-26T23:36:40,61,95,0.87,1
2026-09-26T23:36:41,62,96,0.92,1
2026-09-26T23:36:42,66,97,0.94,1
2026-09-26T23:36:43,65,94,0.92,1
2026-09-26T23:36:44,63,94,0.89,1
2026-09-26T23:36:45,62,96,0.86,1
2026-09-26T23:36:46,64,96,0.88,1
2026-09-26T23:36:47,63,94,0.88,1
2026-09-26T23:36:48,60,95,0.90,1
2026-09-26T23:36:49,60,95,0.87,1
2026-09-26T23:36:50,65,96,0.93,1
2026-09-26T23:36:51,64,94,0.90,1
2026-09-26T23:36:52,62,97,0.85,1
2026-09-26T23:36:53,62,97,0.91,1
2026-09-26T23:36:54,66,96,0.92,1
2026-09-26T23:36:55,63,96,0.87,1
2026-09-26T23:36:56,61,94,0.85,1
2026-09-26T23:36:57,61,97,0.90,1
2026-09-26T23:36:58,65,97,0.89,1
2026-09-26T23:36:59,61,96,0.85,1
2026-09-26T23:37:00,61,95,0.94,1
2026-09-26T23:37:01,62,94,0.86,1
2026-09-26T23:37:02,66,94,0.94,1
2026-09-26T23:37:03,62,94,0.89,1
2026-09-26T23:37:04,62,97,0.93,1
2026-09-26T23:37:05,63,97,0.92,1
2026-09-26T23:37:06,63,96,0.85,1
2026-09-26T23:37:07,60,97,0.91,1
2026-09-26T23:37:08,66,94,0.91,1
2026-09-26T23:37:09,64,94,0.89,1
2026-09-26T23:37:10,64,96,0.90,1
2026-09-26T23:37:11,61,94,0.94,1
2026-09-26T23:37:12,66,97,0.93,1
2026-09-26T23:37:13,60,97,0.85,1
2026-09-26T23:37:14,60,95,0.91,1
2026-09-26T23:37:15,62,95,0.92,1
2026-09-26T23:37:16,64,97,0.93,1
2026-09-26T23:37:17,66,94,0.94,1
2026-09-26T23:37:18,65,96,0.92,1
2026-09-26T23:37:19,61,94,0.92,1
2026-09-26T23:37:20,60,96,0.92,1
2026-09-26T23:37:21,60,95,0.92,1
2026-09-26T23:37:22,62,97,0.94,1
2026-09-26T23:37:23,60,96,0.90,1
2026-09-26T23:37:24,60,97,0.89,1
2026-09-26T23:37:25,61,96,0.93,1
2026-09-26T23:37:26,64,97,0.92,1
2026-09-26T23:37:27,63,97,0.92,1
2026-09-26T23:37:28,61,95,0.92,1
2026-09-26T23:37:29,61,94,0.90,1
2026-09-26T23:37:30,65,94,0.88,1
2026-09-26T23:37:31,62,94,0.90,1
2026-09-26T23:37:32,61,96,0.88,1
2026-09-26T23:37:33,61,94,0.89,1
2026-09-26T23:37:34,64,96,0.87,1
2026-09-26T23:37:35,61,96,0.85,1
2026-09-26T23:37:36,61,96,0.94,1
2026-09-26T23:37:37,62,95,0.90,1
2026-09-26T23:37:38,65,97,0.89,1
2026-09-26T23:37:39,63,97,0.85,1
2026-09-26T23:37:40,66,94,0.94,1
2026-09-26T23:37:41,61,96,0.89,1
2026-09-26T23:37:42,61,95,0.91,1
2026-09-26T23:37:43,63,94,0.87,1
2026-09-26T23:37:44,61,95,0.90,1
2026-09-26T23:37:45,64,94,0.87,1
2026-09-26T23:37:46,64,95,0.87,1
2026-09-26T23:37:47,61,95,0.87,1
2026-09-26T23:37:48,63,97,0.85,1
2026-09-26T23:37:49,64,94,0.88,1
2026-09-26T23:37:50,62,95,0.91,1
2026-09-26T23:37:51,60,95,0.93,1
2026-09-26T23:37:52,64,97,0.92,1
2026-09-26T23:37:53,61,95,0.88,1
2026-09-26T23:37:54,63,97,0.89,1
2026-09-26T23:37:55,65,95,0.86,1
2026-09-26T23:37:56,60,94,0.90,1
2026-09-26T23:37:57,62,97,0.86,1
2026-09-26T23:37:58,62,95,0.94,1
2026-09-26T23:37:59,60,94,0.93,1
2026-09-26T23:38:00,64,97,0.93,1
2026-09-26T23:38:01,63,94,0.87,1
2026-09-26T23:38:02,66,95,0.88,1
2026-09-26T23:38:03,64,94,0.88,1
2026-09-26T23:38:04,64,97,0.91,1
2026-09-26T23:38:05,62,97,0.95,1
2026-09-26T23:38:06,62,95,0.90,1
2026-09-26T23:38:07,60,94,0.89,1
2026-09-26T23:38:08,63,94,0.89,1
2026-09-26T23:38:09,62,96,0.94,1
2026-09-26T23:38:10,64,94,0.86,1
2026-09-26T23:38:11,64,95,0.88,1
2026-09-26T23:38:12,64,95,0.88,1
2026-09-26T23:38:13,65,97,0.86,1
2026-09-26T23:38:14,61,96,0.91,1
2026-09-26T23:38:15,62,94,0.86,1
2026-09-26T23:38:16,62,97,0.87,1
2026-09-26T23:38:17,61,96,0.92,1
2026-09-26T23:38:18,65,97,0.89,1
2026-09-26T23:38:19,60,94,0.91,1
2026-09-26T23:38:20,62,95,0.87,1
2026-09-26T23:38:21,62,95,0.88,1
2026-09-26T23:38:22,64,95,0.94,1
2026-09-26T23:38:23,60,95,0.88,1
2026-09-26T23:38:24,62,96,0.87,1
2026-09-26T23:38:25,63,95,0.86,1
2026-09-26T23:38:26,63,95,0.93,1
2026-09-26T23:38:27,66,95,0.92,1
2026-09-26T23:38:28,66,96,0.92,1
2026-09-26T23:38:29,62,97,0.91,1
2026-09-26T23:38:30,65,96,0.94,1
2026-09-26T23:38:31,65,96,0.86,1
2026-09-26T23:38:32,63,96,0.94,1
2026-09-26T23:38:33,62,97,0.86,1
2026-09-26T23:38:34,65,97,0.95,1
2026-09-26T23:38:35,61,96,0.93,1
2026-09-26T23:38:36,63,94,0.90,1
2026-09-26T23:38:37,63,95,0.88,1
2026-09-26T23:38:38,63,97,0.86,1
2026-09-26T23:38:39,66,97,0.86,1
2026-09-26T23:38:40,64,94,0.95,1
2026-09-26T23:38:41,64,94,0.89,1
2026-09-26T23:38:42,64,94,0.94,1
2026-09-26T23:38:43,63,94,0.95,1
2026-09-26T23:38:44,66,94,0.93,1
2026-09-26T23:38:45,66,97,0.92,1
2026-09-26T23:38:46,64,95,0.90,1
2026-09-26T23:38:47,62,95,0.89,1
2026-09-26T23:38:48,62,94,0.89,1
2026-09-26T23:38:49,61,95,0.91,1
2026-09-26T23:38:50,60,96,0.89,1
2026-09-26T23:38:51,60,95,0.93,1
2026-09-26T23:38:52,60,96,0.87,1
2026-09-26T23:38:53,61,96,0.88,1
2026-09-26T23:38:54,60,97,0.88,1
2026-09-26T23:38:55,62,97,0.95,1
2026-09-26T23:38:56,62,94,0.91,1
2026-09-26T23:38:57,63,94,0.93,1
2026-09-26T23:38:58,66,94,0.90,1
2026-09-26T23:38:59,63,97,0.92,1
2026-09-26T23:39:00,63,94,0.90,1
2026-09-26T23:39:01,63,97,0.93,1
2026-09-26T23:39:02,60,96,0.90,1
2026-09-26T23:39:03,63,97,0.88,1
2026-09-26T23:39:04,64,95,0.94,1
2026-09-26T23:39:05,65,94,0.90,1
2026-09-26T23:39:06,60,95,0.91,1
2026-09-26T23:39:07,64,97,0.92,1
2026-09-26T23:39:08,61,96,0.86,1
2026-09-26T23:39:09,60,94,0.91,1
2026-09-26T23:39:10,65,95,0.88,1
2026-09-26T23:39:11,66,97,0.85,1
2026-09-26T23:39:12,66,95,0.88,1
2026-09-26T23:39:13,60,97,0.91,1
2026-09-26T23:39:14,61,94,0.93,1
2026-09-26T23:39:15,66,97,0.89,1
2026-09-26T23:39:16,63,96,0.94,1
2026-09-26T23:39:17,61,97,0.89,1
2026-09-26T23:39:18,61,94,0.95,1
2026-09-26T23:39:19,63,96,0.95,1
2026-09-26T23:39:20,66,97,0.87,1
2026-09-26T23:39:21,62,97,0.88,1
2026-09-26T23:39:22,65,95,0.93,1
2026-09-26T23:39:23,64,97,0.88,1
2026-09-26T23:39:24,63,94,0.87,1
2026-09-26T23:39:25,60,96,0.93,1
2026-09-26T23:39:26,63,97,0.89,1
2026-09-26T23:39:27,63,97,0.87,1
2026-09-26T23:39:28,60,95,0.89,1
2026-09-26T23:39:29,61,94,0.90,1
2026-09-26T23:39:30,60,95,0.86,1
2026-09-26T23:39:31,66,97,0.89,1
2026-09-26T23:39:32,63,96,0.93,1
2026-09-26T23:39:33,65,97,0.90,1
2026-09-26T23:39:34,60,94,0.90,1
2026-09-26T23:39:35,62,96,0.91,1
2026-09-26T23:39:36,62,95,0.90,1
2026-09-26T23:39:37,65,96,0.87,1
2026-09-26T23:39:38,62,94,0.90,1
2026-09-26T23:39:39,61,97,0.88,1
2026-09-26T23:39:40,60,94,0.85,1
2026-09-26T23:39:41,64,94,0.85,1
2026-09-26T23:39:42,60,95,0.95,1
2026-09-26T23:39:43,62,96,0.88,1
2026-09-26T23:39:44,66,95,0.89,1
2026-09-26T23:39:45,61,97,0.91,1
2026-09-26T23:39:46,66,95,0.88,1
2026-09-26T23:39:47,65,96,0.86,1
2026-09-26T23:39:48,65,95,0.87,1
2026-09-26T23:39:49,66,94,0.91,1
2026-09-26T23:39:50,61,97,0.91,1
2026-09-26T23:39:51,60,96,0.86,1
2026-09-26T23:39:52,62,95,0.91,1
2026-09-26T23:39:53,61,94,0.93,1
2026-09-26T23:39:54,65,97,0.91,1
2026-09-26T23:39:55,61,96,0.87,1
2026-09-26T23:39:56,61,95,0.87,1
2026-09-26T23:39:57,62,97,0.87,1
2026-09-26T23:39:58,64,96,0.87,1
2026-09-26T23:39:59,63,95,0.86,1
2026-09-26T23:40:00,60,94,0.86,1
2026-09-26T23:40:01,62,96,0.94,1
2026-09-26T23:40:02,65,96,0.91,1
2026-09-26T23:40:03,62,96,0.94,1
2026-09-26T23:40:04,64,97,0.92,1
2026-09-26T23:40:05,61,94,0.90,1
2026-09-26T23:40:06,60,97,0.90,1
2026-09-26T23:40:07,66,96,0.90,1
2026-09-26T23:40:08,61,96,0.94,1
2026-09-26T23:40:09,65,95,0.91,1
2026-09-26T23:40:10,61,95,0.93,1
2026-09-26T23:40:11,62,94,0.89,1
2026-09-26T23:40:12,64,95,0.90,1
2026-09-26T23:40:13,60,97,0.86,1
2026-09-26T23:40:14,62,95,0.93,1
2026-09-26T23:40:15,60,97,0.93,1
2026-09-26T23:40:16,61,97,0.92,1
2026-09-26T23:40:17,64,95,0.95,1
2026-09-26T23:40:18,66,96,0.90,1
2026-09-26T23:40:19,65,94,0.89,1
2026-09-26T23:40:20,63,94,0.89,1
2026-09-26T23:40:21,65,97,0.88,1
2026-09-26T23:40:22,61,95,0.94,1
2026-09-26T23:40:23,64,97,0.93,1
2026-09-26T23:40:24,66,94,0.88,1
2026-09-26T23:40:25,65,96,0.93,1
2026-09-26T23:40:26,60,97,0.90,1
2026-09-26T23:40:27,63,95,0.89,1
2026-09-26T23:40:28,61,96,0.87,1
2026-09-26T23:40:29,64,97,0.92,1
2026-09-26T23:40:30,61,94,0.87,1
2026-09-26T23:40:31,65,97,0.87,1
2026-09-26T23:40:32,65,95,0.93,1
2026-09-26T23:40:33,61,95,0.88,1
2026-09-26T23:40:34,61,97,0.94,1
2026-09-26T23:40:35,61,97,0.86,1
2026-09-26T23:40:36,64,96,0.90,1
2026-09-26T23:40:37,65,96,0.88,1
2026-09-26T23:40:38,62,97,0.88,1
2026-09-26T23:40:39,62,97,0.89,1
2026-09-26T23:40:40,62,94,0.93,1
2026-09-26T23:40:41,64,96,0.91,1
2026-09-26T23:40:42,61,95,0.86,1
2026-09-26T23:40:43,64,95,0.93,1
2026-09-26T23:40:44,63,94,0.93,1
2026-09-26T23:40:45,60,97,0.94,1
2026-09-26T23:40:46,63,96,0.94,1
2026-09-26T23:40:47,65,94,0.87,1
2026-09-26T23:40:48,63,95,0.92,1
2026-09-26T23:40:49,64,96,0.89,1
2026-09-26T23:40:50,62,97,0.87,1
2026-09-26T23:40:51,60,97,0.92,1
2026-09-26T23:40:52,63,97,0.89,1
2026-09-26T23:40:53,65,95,0.92,1
2026-09-26T23:40:54,62,94,0.91,1
2026-09-26T23:40:55,60,97,0.89,1
2026-09-26T23:40:56,60,95,0.90,1
2026-09-26T23:40:57,63,96,0.94,1
2026-09-26T23:40:58,65,95,0.91,1
2026-09-26T23:40:59,63,97,0.89,1
2026-09-26T23:41:00,63,95,0.85,1
2026-09-26T23:41:01,64,95,0.91,1
2026-09-26T23:41:02,63,97,0.90,1
2026-09-26T23:41:03,61,94,0.90,1
2026-09-26T23:41:04,65,94,0.88,1
2026-09-26T23:41:05,65,96,0.90,1
2026-09-26T23:41:06,61,97,0.89,1
2026-09-26T23:41:07,63,96,0.88,1
2026-09-26T23:41:08,63,95,0.93,1
2026-09-26T23:41:09,64,97,0.85,1
2026-09-26T23:41:10,61,97,0.92,1
2026-09-26T23:41:11,64,96,0.91,1
2026-09-26T23:41:12,61,97,0.91,1
2026-09-26T23:41:13,61,94,0.94,1
2026-09-26T23:41:14,64,96,0.89,1
2026-09-26T23:41:15,61,96,0.89,1
2026-09-26T23:41:16,62,96,0.90,1
2026-09-26T23:41:17,62,96,0.90,1
2026-09-26T23:41:18,65,97,0.95,1
2026-09-26T23:41:19,66,97,0.90,1
2026-09-26T23:41:20,62,97,0.91,1
2026-09-26T23:41:21,64,94,0.95,1
2026-09-26T23:41:22,63,94,0.88,1
2026-09-26T23:41:23,64,94,0.92,1
2026-09-26T23:41:24,60,97,0.91,1
2026-09-26T23:41:25,64,95,0.94,1
2026-09-26T23:41:26,66,96,0.89,1
2026-09-26T23:41:27,63,96,0.93,1
2026-09-26T23:41:28,65,96,0.93,1
2026-09-26T23:41:29,63,97,0.91,1
2026-09-26T23:41:30,61,95,0.92,1
2026-09-26T23:41:31,64,97,0.86,1
2026-09-26T23:41:32,64,95,0.87,1
2026-09-26T23:41:33,60,96,0.93,1
2026-09-26T23:41:34,66,96,0.85,1
2026-09-26T23:41:35,66,97,0.94,1
2026-09-26T23:41:36,65,95,0.85,1
2026-09-26T23:41:37,60,94,0.94,1
2026-09-26T23:41:38,61,96,0.89,1
2026-09-26T23:41:39,65,97,0.87,1
2026-09-26T23:41:40,63,95,0.95,1
2026-09-26T23:41:41,63,94,0.86,1
2026-09-26T23:41:42,64,97,0.94,1
2026-09-26T23:41:43,63,96,0.88,1
2026-09-26T23:41:44,62,97,0.91,1
2026-09-26T23:41:45,64,94,0.89,1
2026-09-26T23:41:46,64,94,0.94,1
2026-09-26T23:41:47,61,95,0.91,1
2026-09-26T23:41:48,60,96,0.87,1
2026-09-26T23:41:49,63,97,0.91,1
2026-09-26T23:41:50,61,94,0.92,1
2026-09-26T23:41:51,64,94,0.88,1
2026-09-26T23:41:52,61,96,0.85,1
2026-09-26T23:41:53,63,97,0.93,1
2026-09-26T23:41:54,61,96,0.92,1
2026-09-26T23:41:55,62,95,0.89,1
2026-09-26T23:41:56,65,95,0.92,1
2026-09-26T23:41:57,64,96,0.95,1
2026-09-26T23:41:58,60,97,0.92,1
2026-09-26T23:41:59,63,94,0.89,1
2026-09-26T23:42:00,60,97,0.93,1
2026-09-26T23:42:01,62,94,0.92,1
2026-09-26T23:42:02,62,96,0.93,1
2026-09-26T23:42:03,65,96,0.92,1
2026-09-26T23:42:04,62,94,0.92,1
2026-09-26T23:42:05,60,94,0.92,1
2026-09-26T23:42:06,63,97,0.91,1
2026-09-26T23:42:07,63,94,0.95,1
2026-09-26T23:42:08,65,97,0.88,1
2026-09-26T23:42:09,66,95,0.89,1
2026-09-26T23:42:10,61,96,0.92,1
2026-09-26T23:42:11,62,97,0.95,1
2026-09-26T23:42:12,61,97,0.92,1
2026-09-26T23:42:13,63,96,0.88,1
2026-09-26T23:42:14,63,95,0.87,1
2026-09-26T23:42:15,66,96,0.91,1
2026-09-26T23:42:16,64,94,0.93,1
2026-09-26T23:42:17,60,97,0.93,1
2026-09-26T23:42:18,61,95,0.88,1
2026-09-26T23:42:19,65,95,0.93,1
2026-09-26T23:42:20,62,97,0.95,1
2026-09-26T23:42:21,62,94,0.87,1
2026-09-26T23:42:22,66,97,0.93,1
2026-09-26T23:42:23,61,95,0.86,1
2026-09-26T23:42:24,62,95,0.86,1
2026-09-26T23:42:25,60,96,0.90,1
2026-09-26T23:42:26,66,97,0.88,1
2026-09-26T23:42:27,66,94,0.88,1
2026-09-26T23:42:28,64,97,0.90,1
2026-09-26T23:42:29,66,94,0.88,1
2026-09-26T23:42:30,66,97,0.88,1
2026-09-26T23:42:31,66,97,0.95,1
2026-09-26T23:42:32,62,96,0.92,1
2026-09-26T23:42:33,65,95,0.87,1
2026-09-26T23:42:34,61,96,0.94,1
2026-09-26T23:42:35,66,95,0.89,1
2026-09-26T23:42:36,64,94,0.92,1
2026-09-26T23:42:37,62,96,0.93,1
2026-09-26T23:42:38,61,97,0.87,1
2026-09-26T23:42:39,60,95,0.88,1
2026-09-26T23:42:40,61,95,0.88,1
2026-09-26T23:42:41,65,96,0.92,1
2026-09-26T23:42:42,66,95,0.93,1
2026-09-26T23:42:43,64,96,0.86,1
2026-09-26T23:42:44,64,95,0.90,1
2026-09-26T23:42:45,62,96,0.87,1
2026-09-26T23:42:46,65,96,0.93,1
2026-09-26T23:42:47,66,95,0.85,1
2026-09-26T23:42:48,66,97,0.91,1
2026-09-26T23:42:49,65,95,0.92,1
2026-09-26T23:42:50,61,96,0.94,1
2026-09-26T23:42:51,63,97,0.86,1
2026-09-26T23:42:52,66,97,0.91,1
2026-09-26T23:42:53,62,95,0.87,1
2026-09-26T23:42:54,65,97,0.95,1
2026-09-26T23:42:55,62,97,0.93,1
2026-09-26T23:42:56,62,94,0.88,1
2026-09-26T23:42:57,61,96,0.89,1
2026-09-26T23:42:58,60,96,0.94,1
2026-09-26T23:42:59,64,97,0.92,1
2026-09-26T23:43:00,63,97,0.94,1
2026-09-26T23:43:01,61,97,0.88,1
2026-09-26T23:43:02,63,94,0.92,1
2026-09-26T23:43:03,62,96,0.93,1
2026-09-26T23:43:04,65,96,0.87,1
2026-09-26T23:43:05,66,94,0.87,1
2026-09-26T23:43:06,61,96,0.94,1
2026-09-26T23:43:07,64,95,0.90,1
2026-09-26T23:43:08,63,94,0.86,1
2026-09-26T23:43:09,61,94,0.85,1
2026-09-26T23:43:10,66,97,0.93,1
2026-09-26T23:43:11,62,95,0.92,1
2026-09-26T23:43:12,64,95,0.89,1
2026-09-26T23:43:13,62,95,0.90,1
2026-09-26T23:43:14,60,96,0.94,1
2026-09-26T23:43:15,61,96,0.95,1
2026-09-26T23:43:16,64,97,0.94,1
2026-09-26T23:43:17,60,95,0.94,1
2026-09-26T23:43:18,65,97,0.92,1
2026-09-26T23:43:19,60,95,0.91,1
2026-09-26T23:43:20,61,94,0.86,1
2026-09-26T23:43:21,60,96,0.85,1
2026-09-26T23:43:22,66,97,0.91,1
2026-09-26T23:43:23,63,94,0.92,1
2026-09-26T23:43:24,65,94,0.88,1
2026-09-26T23:43:25,64,94,0.90,1
2026-09-26T23:43:26,61,96,0.95,1
2026-09-26T23:43:27,63,95,0.88,1
2026-09-26T23:43:28,61,95,0.95,1
2026-09-26T23:43:29,64,94,0.85,1
2026-09-26T23:43:30,66,96,0.91,1
2026-09-26T23:43:31,62,95,0.87,1
2026-09-26T23:43:32,63,95,0.86,1
2026-09-26T23:43:33,65,94,0.91,1
2026-09-26T23:43:34,62,94,0.87,1
2026-09-26T23:43:35,60,97,0.85,1
2026-09-26T23:43:36,61,97,0.91,1
2026-09-26T23:43:37,63,94,0.94,1
2026-09-26T23:43:38,65,97,0.87,1
2026-09-26T23:43:39,61,95,0.93,1
2026-09-26T23:43:40,61,94,0.91,1
2026-09-26T23:43:41,61,97,0.87,1
2026-09-26T23:43:42,60,97,0.92,1
2026-09-26T23:43:43,63,97,0.90,1
2026-09-26T23:43:44,66,94,0.89,1
2026-09-26T23:43:45,63,96,0.85,1
2026-09-26T23:43:46,62,97,0.87,1
2026-09-26T23:43:47,61,97,0.95,1
2026-09-26T23:43:48,60,95,0.93,1
2026-09-26T23:43:49,63,96,0.87,1
2026-09-26T23:43:50,63,96,0.85,1
2026-09-26T23:43:51,63,95,0.90,1
2026-09-26T23:43:52,66,97,0.95,1
2026-09-26T23:43:53,66,97,0.91,1
2026-09-26T23:43:54,60,94,0.91,1
2026-09-26T23:43:55,63,94,0.90,1
2026-09-26T23:43:56,61,94,0.86,1
2026-09-26T23:43:57,64,94,0.94,1
2026-09-26T23:43:58,66,96,0.86,1
2026-09-26T23:43:59,64,94,0.89,1
2026-09-26T23:44:00,64,94,0.90,1
2026-09-26T23:44:01,65,97,0.93,1
2026-09-26T23:44:02,64,97,0.91,1
2026-09-26T23:44:03,65,94,0.91,1
2026-09-26T23:44:04,65,97,0.90,1
2026-09-26T23:44:05,66,95,0.87,1
2026-09-26T23:44:06,63,97,0.89,1
2026-09-26T23:44:07,66,94,0.89,1
2026-09-26T23:44:08,63,94,0.87,1
2026-09-26T23:44:09,66,94,0.94,1
2026-09-26T23:44:10,63,96,0.93,1
2026-09-26T23:44:11,62,94,0.86,1
2026-09-26T23:44:12,60,95,0.88,1
2026-09-26T23:44:13,66,94,0.92,1
2026-09-26T23:44:14,63,96,0.89,1
2026-09-26T23:44:15,62,94,0.86,1
2026-09-26T23:44:16,61,95,0.93,1
2026-09-26T23:44:17,62,95,0.93,1
2026-09-26T23:44:18,64,97,0.94,1
2026-09-26T23:44:19,64,94,0.93,1
2026-09-26T23:44:20,64,95,0.86,1
2026-09-26T23:44:21,62,95,0.92,1
2026-09-26T23:44:22,64,97,0.88,1
2026-09-26T23:44:23,66,96,0.89,1
2026-09-26T23:44:24,65,97,0.87,1
2026-09-26T23:44:25,66,96,0.95,1
2026-09-26T23:44:26,61,96,0.90,1
2026-09-26T23:44:27,61,97,0.92,1
2026-09-26T23:44:28,63,96,0.92,1
2026-09-26T23:44:29,63,95,0.86,1
2026-09-26T23:44:30,65,96,0.89,1
2026-09-26T23:44:31,64,97,0.88,1
2026-09-26T23:44:32,66,95,0.95,1
2026-09-26T23:44:33,66,94,0.89,1
2026-09-26T23:44:34,60,97,0.88,1
2026-09-26T23:44:35,62,97,0.90,1
2026-09-26T23:44:36,60,95,0.90,1
2026-09-26T23:44:37,66,94,0.91,1
2026-09-26T23:44:38,66,96,0.91,1
2026-09-26T23:44:39,64,96,0.87,1
2026-09-26T23:44:40,62,97,0.94,1
2026-09-26T23:44:41,62,96,0.90,1
2026-09-26T23:44:42,63,97,0.90,1
2026-09-26T23:44:43,66,95,0.90,1
2026-09-26T23:44:44,63,95,0.87,1
2026-09-26T23:44:45,62,95,0.95,1
2026-09-26T23:44:46,60,97,0.88,1
2026-09-26T23:44:47,65,95,0.89,1
2026-09-26T23:44:48,63,95,0.90,1
2026-09-26T23:44:49,66,96,0.87,1
2026-09-26T23:44:50,62,97,0.94,1
2026-09-26T23:44:51,65,95,0.92,1
2026-09-26T23:44:52,60,96,0.90,1
2026-09-26T23:44:53,60,95,0.93,1
2026-09-26T23:44:54,63,95,0.91,1
2026-09-26T23:44:55,63,97,0.87,1
2026-09-26T23:44:56,66,95,0.92,1
2026-09-26T23:44:57,61,96,0.88,1
2026-09-26T23:44:58,65,94,0.86,1
2026-09-26T23:44:59,63,94,0.92,1
2026-09-26T23:45:00,61,94,0.94,1
2026-09-26T23:45:01,66,96,0.95,1
2026-09-26T23:45:02,62,96,0.94,1
2026-09-26T23:45:03,64,95,0.90,1
2026-09-26T23:45:04,65,95,0.89,1
2026-09-26T23:45:05,61,97,0.86,1
2026-09-26T23:45:06,61,97,0.86,1
2026-09-26T23:45:07,60,96,0.88,1
2026-09-26T23:45:08,63,97,0.88,1
2026-09-26T23:45:09,63,95,0.88,1
2026-09-26T23:45:10,63,94,0.92,1
2026-09-26T23:45:11,66,96,0.87,1
2026-09-26T23:45:12,63,97,0.87,1
2026-09-26T23:45:13,64,96,0.90,1
2026-09-26T23:45:14,64,94,0.94,1
2026-09-26T23:45:15,63,96,0.89,1
2026-09-26T23:45:16,65,97,0.86,1
2026-09-26T23:45:17,65,97,0.93,1
2026-09-26T23:45:18,61,94,0.90,1
2026-09-26T23:45:19,63,95,0.89,1
2026-09-26T23:45:20,60,95,0.95,1
2026-09-26T23:45:21,63,96,0.93,1
2026-09-26T23:45:22,61,97,0.93,1
2026-09-26T23:45:23,66,95,0.86,1
2026-09-26T23:45:24,60,95,0.87,1
2026-09-26T23:45:25,63,97,0.90,1
2026-09-26T23:45:26,60,94,0.91,1
2026-09-26T23:45:27,66,96,0.92,1
2026-09-26T23:45:28,62,96,0.92,1
2026-09-26T23:45:29,61,95,0.92,1
2026-09-26T23:45:30,65,94,0.85,1
2026-09-26T23:45:31,60,97,0.93,1
2026-09-26T23:45:32,60,95,0.87,1
2026-09-26T23:45:33,65,94,0.93,1
2026-09-26T23:45:34,64,95,0.92,1
2026-09-26T23:45:35,63,96,0.87,1
2026-09-26T23:45:36,66,94,0.85,1
2026-09-26T23:45:37,64,97,0.94,1
2026-09-26T23:45:38,60,94,0.94,1
2026-09-26T23:45:39,66,95,0.89,1
2026-09-26T23:45:40,65,97,0.90,1
2026-09-26T23:45:41,60,96,0.93,1
2026-09-26T23:45:42,60,97,0.88,1
2026-09-26T23:45:43,66,97,0.90,1
2026-09-26T23:45:44,62,95,0.87,1
2026-09-26T23:45:45,64,97,0.92,1
2026-09-26T23:45:46,66,97,0.91,1
2026-09-26T23:45:47,65,94,0.87,1
2026-09-26T23:45:48,63,95,0.89,1
2026-09-26T23:45:49,66,97,0.92,1
2026-09-26T23:45:50,62,96,0.85,1
2026-09-26T23:45:51,60,95,0.92,1
2026-09-26T23:45:52,61,96,0.95,1
2026-09-26T23:45:53,60,97,0.95,1
2026-09-26T23:45:54,63,96,0.94,1
2026-09-26T23:45:55,61,96,0.90,1
2026-09-26T23:45:56,66,94,0.87,1
2026-09-26T23:45:57,63,96,0.94,1
2026-09-26T23:45:58,65,96,0.92,1
2026-09-26T23:45:59,60,97,0.87,1
2026-09-26T23:46:00,60,96,0.91,1
2026-09-26T23:46:01,60,96,0.94,1
2026-09-26T23:46:02,62,94,0.86,1
2026-09-26T23:46:03,60,94,0.88,1
2026-09-26T23:46:04,65,95,0.93,1
2026-09-26T23:46:05,60,94,0.92,1
2026-09-26T23:46:06,66,94,0.88,1
2026-09-26T23:46:07,65,97,0.92,1
2026-09-26T23:46:08,60,97,0.88,1
2026-09-26T23:46:09,62,94,0.87,1
2026-09-26T23:46:10,65,94,0.93,1
2026-09-26T23:46:11,63,95,0.85,1
2026-09-26T23:46:12,64,96,0.88,1
2026-09-26T23:46:13,62,94,0.91,1
2026-09-26T23:46:14,60,94,0.86,1
2026-09-26T23:46:15,66,97,0.87,1
2026-09-26T23:46:16,60,97,0.86,1
2026-09-26T23:46:17,62,95,0.89,1
2026-09-26T23:46:18,62,95,0.89,1
2026-09-26T23:46:19,62,95,0.90,1
2026-09-26T23:46:20,62,97,0.88,1
2026-09-26T23:46:21,65,97,0.90,1
2026-09-26T23:46:22,61,94,0.91,1
2026-09-26T23:46:23,66,95,0.95,1
2026-09-26T23:46:24,65,95,0.87,1
2026-09-26T23:46:25,60,94,0.94,1
2026-09-26T23:46:26,66,96,0.91,1
2026-09-26T23:46:27,62,96,0.90,1
2026-09-26T23:46:28,62,95,0.92,1
2026-09-26T23:46:29,62,97,0.93,1
2026-09-26T23:46:30,64,96,0.90,1
2026-09-26T23:46:31,64,97,0.93,1
2026-09-26T23:46:32,66,94,0.89,1
2026-09-26T23:46:33,60,94,0.88,1
2026-09-26T23:46:34,65,95,0.86,1
2026-09-26T23:46:35,65,97,0.92,1
2026-09-26T23:46:36,63,94,0.86,1
2026-09-26T23:46:37,63,94,0.88,1
2026-09-26T23:46:38,66,95,0.86,1
2026-09-26T23:46:39,60,97,0.87,1
2026-09-26T23:46:40,62,94,0.93,1
2026-09-26T23:46:41,66,95,0.90,1
2026-09-26T23:46:42,64,94,0.91,1
2026-09-26T23:46:43,60,96,0.85,1
2026-09-26T23:46:44,62,97,0.93,1
2026-09-26T23:46:45,63,97,0.93,1
2026-09-26T23:46:46,66,95,0.86,1
2026-09-26T23:46:47,60,94,0.92,1
2026-09-26T23:46:48,62,95,0.87,1
2026-09-26T23:46:49,60,94,0.87,1
2026-09-26T23:46:50,63,95,0.95,1
2026-09-26T23:46:51,63,95,0.94,1
2026-09-26T23:46:52,62,97,0.90,1
2026-09-26T23:46:53,64,96,0.87,1
2026-09-26T23:46:54,60,95,0.86,1
2026-09-26T23:46:55,64,94,0.95,1
2026-09-26T23:46:56,62,94,0.92,1
2026-09-26T23:46:57,64,97,0.93,1
2026-09-26T23:46:58,61,97,0.85,1
2026-09-26T23:46:59,66,94,0.92,1
2026-09-26T23:47:00,61,95,0.87,1
2026-09-26T23:47:01,66,95,0.86,1
2026-09-26T23:47:02,66,97,0.89,1
2026-09-26T23:47:03,60,94,0.88,1
2026-09-26T23:47:04,63,96,0.87,1
2026-09-26T23:47:05,62,94,0.93,1
2026-09-26T23:47:06,64,95,0.94,1
2026-09-26T23:47:07,65,95,0.88,1
2026-09-26T23:47:08,62,96,0.92,1
2026-09-26T23:47:09,64,95,0.94,1
2026-09-26T23:47:10,63,94,0.87,1
2026-09-26T23:47:11,62,94,0.94,1
2026-09-26T23:47:12,60,97,0.85,1
2026-09-26T23:47:13,63,97,0.85,1
2026-09-26T23:47:14,65,95,0.88,1
2026-09-26T23:47:15,63,94,0.92,1
2026-09-26T23:47:16,65,96,0.86,1
2026-09-26T23:47:17,60,95,0.91,1
2026-09-26T23:47:18,60,97,0.85,1
2026-09-26T23:47:19,64,97,0.86,1
2026-09-26T23:47:20,66,96,0.89,1
2026-09-26T23:47:21,65,95,0.94,1
2026-09-26T23:47:22,64,97,0.87,1
2026-09-26T23:47:23,63,94,0.88,1
2026-09-26T23:47:24,62,95,0.86,1
2026-09-26T23:47:25,64,94,0.92,1
2026-09-26T23:47:26,62,96,0.91,1
2026-09-26T23:47:27,61,96,0.86,1
2026-09-26T23:47:28,61,95,0.91,1
2026-09-26T23:47:29,60,95,0.89,1
2026-09-26T23:47:30,61,94,0.89,1
2026-09-26T23:47:31,64,97,0.90,1
2026-09-26T23:47:32,62,97,0.92,1
2026-09-26T23:47:33,66,96,0.92,1
2026-09-26T23:47:34,62,97,0.94,1
2026-09-26T23:47:35,60,94,0.94,1
2026-09-26T23:47:36,66,95,0.88,1
2026-09-26T23:47:37,60,94,0.91,1
2026-09-26T23:47:38,62,96,0.88,1
2026-09-26T23:47:39,66,97,0.93,1
2026-09-26T23:47:40,62,94,0.90,1
2026-09-26T23:47:41,60,95,0.85,1
2026-09-26T23:47:42,66,96,0.85,1
2026-09-26T23:47:43,60,96,0.92,1
2026-09-26T23:47:44,66,97,0.88,1
2026-09-26T23:47:45,63,96,0.92,1
2026-09-26T23:47:46,61,95,0.88,1
2026-09-26T23:47:47,62,97,0.91,1
2026-09-26T23:47:48,66,97,0.95,1
2026-09-26T23:47:49,61,96,0.94,1
2026-09-26T23:47:50,63,96,0.88,1
2026-09-26T23:47:51,60,94,0.87,1
2026-09-26T23:47:52,63,97,0.88,1
2026-09-26T23:47:53,62,97,0.87,1
2026-09-26T23:47:54,64,95,0.87,1
2026-09-26T23:47:55,65,96,0.87,1
2026-09-26T23:47:56,66,94,0.90,1
2026-09-26T23:47:57,65,97,0.94,1
2026-09-26T23:47:58,62,94,0.86,1
2026-09-26T23:47:59,62,95,0.95,1
2026-09-26T23:48:00,62,96,0.89,1
2026-09-26T23:48:01,60,94,0.87,1
2026-09-26T23:48:02,63,94,0.89,1
2026-09-26T23:48:03,66,96,0.87,1
2026-09-26T23:48:04,62,97,0.90,1
2026-09-26T23:48:05,61,96,0.93,1
2026-09-26T23:48:06,62,96,0.94,1
2026-09-26T23:48:07,61,97,0.94,1
2026-09-26T23:48:08,60,95,0.93,1
2026-09-26T23:48:09,61,97,0.90,1
2026-09-26T23:48:10,61,95,0.91,1
2026-09-26T23:48:11,61,96,0.94,1
2026-09-26T23:48:12,63,96,0.94,1
2026-09-26T23:48:13,66,94,0.85,1
2026-09-26T23:48:14,63,97,0.86,1
2026-09-26T23:48:15,62,95,0.92,1
2026-09-26T23:48:16,65,97,0.88,1
2026-09-26T23:48:17,62,95,0.86,1
2026-09-26T23:48:18,63,95,0.89,1
2026-09-26T23:48:19,62,95,0.86,1
2026-09-26T23:48:20,62,94,0.91,1
2026-09-26T23:48:21,61,95,0.90,1
2026-09-26T23:48:22,66,95,0.87,1
2026-09-26T23:48:23,63,95,0.92,1
2026-09-26T23:48:24,63,96,0.90,1
2026-09-26T23:48:25,61,96,0.87,1
2026-09-26T23:48:26,64,97,0.90,1
2026-09-26T23:48:27,60,96,0.94,1
2026-09-26T23:48:28,65,95,0.94,1
2026-09-26T23:48:29,61,94,0.94,1
2026-09-26T23:48:30,60,96,0.90,1
2026-09-26T23:48:31,65,96,0.89,1
2026-09-26T23:48:32,61,97,0.91,1
2026-09-26T23:48:33,65,95,0.92,1
2026-09-26T23:48:34,60,96,0.86,1
2026-09-26T23:48:35,61,95,0.93,1
2026-09-26T23:48:36,60,94,0.91,1
2026-09-26T23:48:37,66,95,0.93,1
2026-09-26T23:48:38,63,95,0.92,1
2026-09-26T23:48:39,60,96,0.95,1
2026-09-26T23:48:40,64,95,0.94,1
2026-09-26T23:48:41,66,97,0.85,1
2026-09-26T23:48:42,62,94,0.95,1
2026-09-26T23:48:43,61,97,0.95,1
2026-09-26T23:48:44,60,94,0.92,1
2026-09-26T23:48:45,66,94,0.94,1
2026-09-26T23:48:46,61,95,0.90,1
2026-09-26T23:48:47,65,94,0.92,1
2026-09-26T23:48:48,61,97,0.87,1
2026-09-26T23:48:49,65,96,0.90,1
2026-09-26T23:48:50,61,94,0.85,1
2026-09-26T23:48:51,66,96,0.89,1
2026-09-26T23:48:52,63,95,0.88,1
2026-09-26T23:48:53,65,97,0.93,1
2026-09-26T23:48:54,60,96,0.87,1
2026-09-26T23:48:55,60,97,0.93,1
2026-09-26T23:48:56,60,94,0.87,1
2026-09-26T23:48:57,65,95,0.92,1
2026-09-26T23:48:58,66,95,0.94,1
2026-09-26T23:48:59,66,94,0.91,1
2026-09-26T23:49:00,61,95,0.91,1
2026-09-26T23:49:01,66,95,0.87,1
2026-09-26T23:49:02,63,97,0.88,1
2026-09-26T23:49:03,60,96,0.91,1
2026-09-26T23:49:04,65,95,0.90,1
2026-09-26T23:49:05,66,95,0.93,1
2026-09-26T23:49:06,60,94,0.90,1
2026-09-26T23:49:07,62,97,0.93,1
2026-09-26T23:49:08,62,97,0.88,1
2026-09-26T23:49:09,62,97,0.94,1
2026-09-26T23:49:10,66,94,0.89,1
2026-09-26T23:49:11,66,94,0.87,1
2026-09-26T23:49:12,65,94,0.92,1
2026-09-26T23:49:13,60,97,0.95,1
2026-09-26T23:49:14,61,95,0.86,1
2026-09-26T23:49:15,63,95,0.89,1
2026-09-26T23:49:16,61,94,0.88,1
2026-09-26T23:49:17,64,96,0.91,1
2026-09-26T23:49:18,61,94,0.93,1
2026-09-26T23:49:19,60,94,0.92,1
2026-09-26T23:49:20,62,95,0.87,1
2026-09-26T23:49:21,62,96,0.92,1
2026-09-26T23:49:22,61,97,0.95,1
2026-09-26T23:49:23,65,97,0.91,1
2026-09-26T23:49:24,60,95,0.91,1
2026-09-26T23:49:25,65,97,0.86,1
2026-09-26T23:49:26,65,96,0.95,1
2026-09-26T23:49:27,60,95,0.87,1
2026-09-26T23:49:28,64,96,0.94,1
2026-09-26T23:49:29,60,97,0.91,1
2026-09-26T23:49:30,65,96,0.95,1
2026-09-26T23:49:31,62,95,0.94,1
2026-09-26T23:49:32,62,96,0.85,1
2026-09-26T23:49:33,64,97,0.86,1
2026-09-26T23:49:34,66,96,0.89,1
2026-09-26T23:49:35,61,96,0.90,1
2026-09-26T23:49:36,62,96,0.92,1
2026-09-26T23:49:37,65,96,0.94,1
2026-09-26T23:49:38,61,97,0.88,1
2026-09-26T23:49:39,64,96,0.86,1
2026-09-26T23:49:40,65,97,0.90,1
2026-09-26T23:49:41,63,96,0.94,1
2026-09-26T23:49:42,60,96,0.93,1
2026-09-26T23:49:43,64,94,0.90,1
2026-09-26T23:49:44,63,94,0.92,1
2026-09-26T23:49:45,65,96,0.85,1
2026-09-26T23:49:46,65,94,0.92,1
2026-09-26T23:49:47,66,94,0.92,1
2026-09-26T23:49:48,62,94,0.92,1
2026-09-26T23:49:49,60,95,0.94,1
2026-09-26T23:49:50,60,95,0.87,1
2026-09-26T23:49:51,64,97,0.94,1
2026-09-26T23:49:52,62,95,0.93,1
2026-09-26T23:49:53,63,97,0.91,1
2026-09-26T23:49:54,60,95,0.95,1
2026-09-26T23:49:55,66,94,0.87,1
2026-09-26T23:49:56,65,96,0.85,1
2026-09-26T23:49:57,66,96,0.87,1
2026-09-26T23:49:58,62,97,0.88,1
2026-09-26T23:49:59,62,95,0.88,1
2026-09-26T23:50:00,60,96,0.95,1
2026-09-26T23:50:01,64,96,0.93,1
2026-09-26T23:50:02,62,96,0.87,1
2026-09-26T23:50:03,60,97,0.91,1
2026-09-26T23:50:04,64,95,0.85,1
2026-09-26T23:50:05,62,94,0.90,1
2026-09-26T23:50:06,62,94,0.89,1
2026-09-26T23:50:07,61,97,0.92,1
2026-09-26T23:50:08,64,95,0.91,1
2026-09-26T23:50:09,63,94,0.87,1
2026-09-26T23:50:10,66,96,0.94,1
2026-09-26T23:50:11,64,95,0.87,1
2026-09-26T23:50:12,63,95,0.91,1
2026-09-26T23:50:13,66,95,0.94,1
2026-09-26T23:50:14,65,96,0.93,1
2026-09-26T23:50:15,63,96,0.90,1
2026-09-26T23:50:16,62,94,0.90,1
2026-09-26T23:50:17,66,96,0.93,1
2026-09-26T23:50:18,63,96,0.93,1
2026-09-26T23:50:19,60,96,0.89,1
2026-09-26T23:50:20,60,97,0.89,1
2026-09-26T23:50:21,60,96,0.91,1
2026-09-26T23:50:22,63,97,0.85,1
2026-09-26T23:50:23,61,95,0.93,1
2026-09-26T23:50:24,65,94,0.89,1
2026-09-26T23:50:25,61,96,0.91,1
2026-09-26T23:50:26,66,94,0.94,1
2026-09-26T23:50:27,64,95,0.88,1
2026-09-26T23:50:28,66,97,0.90,1
2026-09-26T23:50:29,65,95,0.94,1
2026-09-26T23:50:30,60,95,0.88,1
2026-09-26T23:50:31,64,97,0.95,1
2026-09-26T23:50:32,61,97,0.86,1
2026-09-26T23:50:33,60,94,0.94,1
2026-09-26T23:50:34,60,94,0.86,1
2026-09-26T23:50:35,61,95,0.94,1
2026-09-26T23:50:36,60,95,0.89,1
2026-09-26T23:50:37,62,95,0.93,1
2026-09-26T23:50:38,65,95,0.92,1
2026-09-26T23:50:39,60,95,0.91,1
2026-09-26T23:50:40,64,94,0.85,1
2026-09-26T23:50:41,60,96,0.93,1
2026-09-26T23:50:42,65,97,0.85,1
2026-09-26T23:50:43,65,96,0.92,1
2026-09-26T23:50:44,64,97,0.89,1
2026-09-26T23:50:45,63,95,0.89,1
2026-09-26T23:50:46,61,95,0.91,1
2026-09-26T23:50:47,66,94,0.91,1
2026-09-26T23:50:48,64,94,0.86,1
2026-09-26T23:50:49,64,94,0.87,1
2026-09-26T23:50:50,63,97,0.95,1
2026-09-26T23:50:51,65,96,0.86,1
2026-09-26T23:50:52,61,97,0.85,1
2026-09-26T23:50:53,65,97,0.92,1
2026-09-26T23:50:54,66,94,0.87,1
2026-09-26T23:50:55,61,96,0.90,1
2026-09-26T23:50:56,66,94,0.92,1
2026-09-26T23:50:57,63,94,0.87,1
2026-09-26T23:50:58,60,96,0.86,1
2026-09-26T23:50:59,62,95,0.91,1
2026-09-26T23:51:00,64,94,0.90,1
2026-09-26T23:51:01,65,94,0.94,1
2026-09-26T23:51:02,63,96,0.91,1
2026-09-26T23:51:03,65,96,0.86,1
2026-09-26T23:51:04,60,94,0.87,1
2026-09-26T23:51:05,63,94,0.89,1
2026-09-26T23:51:06,65,97,0.91,1
2026-09-26T23:51:07,62,96,0.91,1
2026-09-26T23:51:08,62,95,0.87,1
2026-09-26T23:51:09,66,96,0.86,1
2026-09-26T23:51:10,60,94,0.94,1
2026-09-26T23:51:11,61,95,0.85,1
2026-09-26T23:51:12,63,94,0.90,1
2026-09-26T23:51:13,60,95,0.85,1
2026-09-26T23:51:14,63,97,0.94,1
2026-09-26T23:51:15,63,94,0.93,1
2026-09-26T23:51:16,66,96,0.89,1
2026-09-26T23:51:17,61,96,0.95,1
2026-09-26T23:51:18,60,97,0.95,1
2026-09-26T23:51:19,63,94,0.94,1
2026-09-26T23:51:20,65,97,0.85,1
2026-09-26T23:51:21,61,97,0.92,1
2026-09-26T23:51:22,63,94,0.94,1
2026-09-26T23:51:23,63,94,0.94,1
2026-09-26T23:51:24,65,94,0.94,1
2026-09-26T23:51:25,65,95,0.94,1
2026-09-26T23:51:26,61,94,0.91,1
2026-09-26T23:51:27,65,96,0.91,1
2026-09-26T23:51:28,64,97,0.91,1
2026-09-26T23:51:29,63,97,0.92,1
2026-09-26T23:51:30,64,94,0.88,1
2026-09-26T23:51:31,63,97,0.93,1
2026-09-26T23:51:32,64,95,0.91,1
2026-09-26T23:51:33,61,95,0.89,1
2026-09-26T23:51:34,65,97,0.92,1
2026-09-26T23:51:35,63,95,0.87,1
2026-09-26T23:51:36,66,97,0.92,1
2026-09-26T23:51:37,63,94,0.95,1
2026-09-26T23:51:38,62,95,0.87,1
2026-09-26T23:51:39,63,97,0.87,1
2026-09-26T23:51:40,64,94,0.90,1
2026-09-26T23:51:41,62,96,0.92,1
2026-09-26T23:51:42,62,96,0.88,1
2026-09-26T23:51:43,62,95,0.89,1
2026-09-26T23:51:44,61,96,0.94,1
2026-09-26T23:51:45,60,96,0.87,1
2026-09-26T23:51:46,64,97,0.92,1
2026-09-26T23:51:47,66,96,0.90,1
2026-09-26T23:51:48,61,97,0.91,1
2026-09-26T23:51:49,60,96,0.87,1
2026-09-26T23:51:50,60,97,0.86,1
2026-09-26T23:51:51,63,94,0.94,1
2026-09-26T23:51:52,64,96,0.93,1
2026-09-26T23:51:53,65,95,0.91,1
2026-09-26T23:51:54,65,95,0.90,1
2026-09-26T23:51:55,66,96,0.93,1
2026-09-26T23:51:56,66,96,0.92,1
2026-09-26T23:51:57,63,95,0.86,1
2026-09-26T23:51:58,66,95,0.94,1
2026-09-26T23:51:59,62,95,0.92,1
2026-09-26T23:52:00,61,96,0.93,1
2026-09-26T23:52:01,61,94,0.87,1
2026-09-26T23:52:02,62,95,0.90,1
2026-09-26T23:52:03,61,96,0.91,1
2026-09-26T23:52:04,62,94,0.93,1
2026-09-26T23:52:05,64,97,0.86,1
2026-09-26T23:52:06,64,95,0.88,1
2026-09-26T23:52:07,66,95,0.94,1
2026-09-26T23:52:08,66,96,0.91,1
2026-09-26T23:52:09,66,97,0.90,1
2026-09-26T23:52:10,60,95,0.87,1
2026-09-26T23:52:11,60,97,0.89,1
2026-09-26T23:52:12,60,95,0.95,1
2026-09-26T23:52:13,63,95,0.94,1
2026-09-26T23:52:14,66,94,0.85,1
2026-09-26T23:52:15,66,97,0.87,1
2026-09-26T23:52:16,60,97,0.87,1
2026-09-26T23:52:17,63,97,0.94,1
2026-09-26T23:52:18,63,97,0.91,1
2026-09-26T23:52:19,64,96,0.89,1
2026-09-26T23:52:20,60,95,0.86,1
2026-09-26T23:52:21,60,95,0.90,1
2026-09-26T23:52:22,65,94,0.89,1
2026-09-26T23:52:23,61,94,0.92,1
2026-09-26T23:52:24,60,97,0.92,1
2026-09-26T23:52:25,64,96,0.90,1
2026-09-26T23:52:26,63,96,0.92,1
2026-09-26T23:52:27,60,97,0.92,1
2026-09-26T23:52:28,61,95,0.87,1
2026-09-26T23:52:29,60,94,0.88,1
2026-09-26T23:52:30,62,94,0.95,1
2026-09-26T23:52:31,66,96,0.90,1
2026-09-26T23:52:32,66,97,0.88,1
2026-09-26T23:52:33,60,94,0.92,1
2026-09-26T23:52:34,63,96,0.90,1
2026-09-26T23:52:35,61,95,0.86,1
2026-09-26T23:52:36,60,95,0.95,1
2026-09-26T23:52:37,60,97,0.93,1
2026-09-26T23:52:38,63,95,0.88,1
2026-09-26T23:52:39,65,94,0.88,1
2026-09-26T23:52:40,62,95,0.94,1
2026-09-26T23:52:41,64,94,0.94,1
2026-09-26T23:52:42,66,95,0.89,1
2026-09-26T23:52:43,60,95,0.87,1
2026-09-26T23:52:44,65,97,0.90,1
2026-09-26T23:52:45,65,97,0.91,1
2026-09-26T23:52:46,63,96,0.91,1
2026-09-26T23:52:47,66,95,0.88,1
2026-09-26T23:52:48,61,96,0.90,1
2026-09-26T23:52:49,63,95,0.90,1
2026-09-26T23:52:50,66,96,0.94,1
2026-09-26T23:52:51,66,97,0.93,1
2026-09-26T23:52:52,66,94,0.88,1
2026-09-26T23:52:53,64,95,0.85,1
2026-09-26T23:52:54,61,96,0.93,1
2026-09-26T23:52:55,61,96,0.93,1
2026-09-26T23:52:56,62,94,0.94,1
2026-09-26T23:52:57,62,97,0.89,1
2026-09-26T23:52:58,61,95,0.89,1
2026-09-26T23:52:59,63,96,0.88,1
2026-09-26T23:53:00,65,96,0.94,1
2026-09-26T23:53:01,63,96,0.88,1
2026-09-26T23:53:02,66,97,0.93,1
2026-09-26T23:53:03,60,94,0.88,1
2026-09-26T23:53:04,66,94,0.92,1
2026-09-26T23:53:05,64,96,0.88,1
2026-09-26T23:53:06,65,95,0.86,1
2026-09-26T23:53:07,61,96,0.91,1
2026-09-26T23:53:08,60,97,0.91,1
2026-09-26T23:53:09,63,96,0.89,1
2026-09-26T23:53:10,60,97,0.86,1
2026-09-26T23:53:11,66,95,0.87,1
2026-09-26T23:53:12,61,95,0.94,1
2026-09-26T23:53:13,63,97,0.91,1
2026-09-26T23:53:14,60,94,0.93,1
2026-09-26T23:53:15,64,95,0.86,1
2026-09-26T23:53:16,64,96,0.90,1
2026-09-26T23:53:17,60,96,0.86,1
2026-09-26T23:53:18,62,96,0.86,1
2026-09-26T23:53:19,65,95,0.95,1
2026-09-26T23:53:20,62,96,0.87,1
2026-09-26T23:53:21,61,94,0.94,1
2026-09-26T23:53:22,61,95,0.91,1
2026-09-26T23:53:23,60,96,0.86,1
2026-09-26T23:53:24,63,97,0.85,1
2026-09-26T23:53:25,60,97,0.94,1
2026-09-26T23:53:26,63,95,0.86,1
2026-09-26T23:53:27,65,94,0.92,1
2026-09-26T23:53:28,65,96,0.86,1
2026-09-26T23:53:29,66,94,0.89,1
2026-09-26T23:53:30,66,94,0.85,1
2026-09-26T23:53:31,62,95,0.92,1
2026-09-26T23:53:32,65,94,0.86,1
2026-09-26T23:53:33,62,97,0.90,1
2026-09-26T23:53:34,60,94,0.94,1
2026-09-26T23:53:35,62,94,0.91,1
2026-09-26T23:53:36,66,95,0.93,1
2026-09-26T23:53:37,65,96,0.88,1
2026-09-26T23:53:38,60,96,0.88,1
2026-09-26T23:53:39,65,97,0.94,1
2026-09-26T23:53:40,63,96,0.93,1
2026-09-26T23:53:41,64,94,0.92,1
2026-09-26T23:53:42,65,97,0.91,1
2026-09-26T23:53:43,66,94,0.87,1
2026-09-26T23:53:44,65,97,0.88,1
2026-09-26T23:53:45,62,94,0.92,1
2026-09-26T23:53:46,61,97,0.93,1
2026-09-26T23:53:47,63,95,0.91,1
2026-09-26T23:53:48,61,95,0.87,1
2026-09-26T23:53:49,64,95,0.90,1
2026-09-26T23:53:50,61,97,0.86,1
2026-09-26T23:53:51,65,94,0.94,1
2026-09-26T23:53:52,61,96,0.86,1
2026-09-26T23:53:53,63,95,0.93,1
2026-09-26T23:53:54,62,96,0.90,1
2026-09-26T23:53:55,66,95,0.88,1
2026-09-26T23:53:56,63,97,0.89,1
2026-09-26T23:53:57,64,96,0.91,1
2026-09-26T23:53:58,65,97,0.92,1
2026-09-26T23:53:59,64,97,0.89,1
2026-09-26T23:54:00,62,94,0.95,1
2026-09-26T23:54:01,61,94,0.91,1
2026-09-26T23:54:02,61,94,0.86,1
2026-09-26T23:54:03,65,97,0.88,1
2026-09-26T23:54:04,61,94,0.87,1
2026-09-26T23:54:05,61,94,0.93,1
2026-09-26T23:54:06,66,96,0.91,1
2026-09-26T23:54:07,62,96,0.87,1
2026-09-26T23:54:08,64,95,0.93,1
2026-09-26T23:54:09,65,95,0.95,1
2026-09-26T23:54:10,63,97,0.90,1
2026-09-26T23:54:11,65,97,0.89,1
2026-09-26T23:54:12,63,96,0.95,1
2026-09-26T23:54:13,62,96,0.85,1
2026-09-26T23:54:14,60,97,0.91,1
2026-09-26T23:54:15,60,97,0.94,1
2026-09-26T23:54:16,61,96,0.87,1
2026-09-26T23:54:17,61,96,0.89,1
2026-09-26T23:54:18,66,96,0.88,1
2026-09-26T23:54:19,63,94,0.91,1
2026-09-26T23:54:20,63,95,0.94,1
2026-09-26T23:54:21,60,95,0.93,1
2026-09-26T23:54:22,60,95,0.87,1
2026-09-26T23:54:23,61,97,0.92,1
2026-09-26T23:54:24,63,95,0.90,1
2026-09-26T23:54:25,62,97,0.92,1
2026-09-26T23:54:26,63,96,0.93,1
2026-09-26T23:54:27,64,95,0.90,1
2026-09-26T23:54:28,63,96,0.86,1
2026-09-26T23:54:29,64,94,0.95,1
2026-09-26T23:54:30,62,96,0.92,1
2026-09-26T23:54:31,64,97,0.94,1
2026-09-26T23:54:32,62,94,0.94,1
2026-09-26T23:54:33,62,97,0.87,1
2026-09-26T23:54:34,61,97,0.93,1
2026-09-26T23:54:35,65,96,0.89,1
2026-09-26T23:54:36,66,95,0.92,1
2026-09-26T23:54:37,64,94,0.88,1
2026-09-26T23:54:38,62,94,0.87,1
2026-09-26T23:54:39,64,97,0.93,1
2026-09-26T23:54:40,61,97,0.89,1
2026-09-26T23:54:41,61,97,0.91,1
2026-09-26T23:54:42,62,97,0.94,1
2026-09-26T23:54:43,60,95,0.89,1
2026-09-26T23:54:44,60,97,0.90,1
2026-09-26T23:54:45,63,96,0.92,1
2026-09-26T23:54:46,66,96,0.85,1
2026-09-26T23:54:47,62,97,0.93,1
2026-09-26T23:54:48,63,95,0.87,1
2026-09-26T23:54:49,66,96,0.92,1
2026-09-26T23:54:50,62,96,0.92,1
2026-09-26T23:54:51,64,95,0.85,1
2026-09-26T23:54:52,64,97,0.89,1
2026-09-26T23:54:53,61,96,0.86,1
2026-09-26T23:54:54,62,94,0.85,1
2026-09-26T23:54:55,66,94,0.88,1
2026-09-26T23:54:56,66,96,0.86,1
2026-09-26T23:54:57,66,95,0.87,1
2026-09-26T23:54:58,60,96,0.89,1
2026-09-26T23:54:59,64,95,0.87,1
2026-09-26T23:55:00,61,96,0.87,1
2026-09-26T23:55:01,65,94,0.92,1
2026-09-26T23:55:02,61,95,0.89,1
2026-09-26T23:55:03,62,94,0.88,1
2026-09-26T23:55:04,62,95,0.93,1
2026-09-26T23:55:05,62,95,0.92,1
2026-09-26T23:55:06,62,96,0.86,1
2026-09-26T23:55:07,65,95,0.92,1
2026-09-26T23:55:08,64,95,0.95,1
2026-09-26T23:55:09,62,97,0.90,1
2026-09-26T23:55:10,60,97,0.86,1
2026-09-26T23:55:11,64,97,0.88,1
2026-09-26T23:55:12,66,94,0.88,1
2026-09-26T23:55:13,60,95,0.89,1
2026-09-26T23:55:14,60,97,0.89,1
2026-09-26T23:55:15,64,95,0.90,1
2026-09-26T23:55:16,63,97,0.94,1
2026-09-26T23:55:17,64,97,0.89,1
2026-09-26T23:55:18,64,95,0.88,1
2026-09-26T23:55:19,63,94,0.91,1
2026-09-26T23:55:20,61,95,0.87,1
2026-09-26T23:55:21,63,94,0.88,1
2026-09-26T23:55:22,61,96,0.85,1
2026-09-26T23:55:23,61,97,0.89,1
2026-09-26T23:55:24,66,96,0.90,1
2026-09-26T23:55:25,66,97,0.86,1
2026-09-26T23:55:26,62,97,0.87,1
2026-09-26T23:55:27,61,94,0.92,1
2026-09-26T23:55:28,63,97,0.89,1
2026-09-26T23:55:29,64,94,0.87,1
2026-09-26T23:55:30,61,96,0.93,1
2026-09-26T23:55:31,60,94,0.89,1
2026-09-26T23:55:32,66,94,0.90,1
2026-09-26T23:55:33,61,96,0.89,1
2026-09-26T23:55:34,61,96,0.93,1
2026-09-26T23:55:35,62,94,0.86,1
2026-09-26T23:55:36,65,94,0.89,1
2026-09-26T23:55:37,63,96,0.93,1
2026-09-26T23:55:38,65,97,0.86,1
2026-09-26T23:55:39,63,94,0.94,1
2026-09-26T23:55:40,63,95,0.86,1
2026-09-26T23:55:41,65,95,0.86,1
2026-09-26T23:55:42,61,94,0.89,1
2026-09-26T23:55:43,64,94,0.88,1
2026-09-26T23:55:44,64,95,0.94,1
2026-09-26T23:55:45,65,94,0.89,1
2026-09-26T23:55:46,65,96,0.94,1
2026-09-26T23:55:47,63,95,0.86,1
2026-09-26T23:55:48,61,94,0.88,1
2026-09-26T23:55:49,65,96,0.87,1
2026-09-26T23:55:50,65,95,0.89,1
2026-09-26T23:55:51,60,97,0.85,1
2026-09-26T23:55:52,63,96,0.95,1
2026-09-26T23:55:53,62,95,0.93,1
2026-09-26T23:55:54,62,95,0.92,1
2026-09-26T23:55:55,60,96,0.87,1
2026-09-26T23:55:56,63,94,0.94,1
2026-09-26T23:55:57,61,96,0.86,1
2026-09-26T23:55:58,66,94,0.91,1
2026-09-26T23:55:59,65,96,0.94,1
2026-09-26T23:56:00,62,94,0.95,1
2026-09-26T23:56:01,61,94,0.89,1
2026-09-26T23:56:02,62,94,0.92,1
2026-09-26T23:56:03,62,94,0.92,1
2026-09-26T23:56:04,64,97,0.89,1
2026-09-26T23:56:05,60,95,0.91,1
2026-09-26T23:56:06,63,95,0.86,1
2026-09-26T23:56:07,61,96,0.90,1
2026-09-26T23:56:08,61,95,0.95,1
2026-09-26T23:56:09,60,96,0.93,1
2026-09-26T23:56:10,64,96,0.87,1
2026-09-26T23:56:11,62,97,0.89,1
2026-09-26T23:56:12,61,97,0.91,1
2026-09-26T23:56:13,62,96,0.93,1
2026-09-26T23:56:14,65,97,0.90,1
2026-09-26T23:56:15,64,97,0.86,1
2026-09-26T23:56:16,61,97,0.92,1
2026-09-26T23:56:17,64,95,0.90,1
2026-09-26T23:56:18,60,96,0.87,1
2026-09-26T23:56:19,62,95,0.87,1
2026-09-26T23:56:20,60,94,0.95,1
2026-09-26T23:56:21,62,96,0.89,1
2026-09-26T23:56:22,60,95,0.92,1
2026-09-26T23:56:23,61,97,0.93,1
2026-09-26T23:56:24,63,97,0.92,1
2026-09-26T23:56:25,64,94,0.93,1
2026-09-26T23:56:26,65,97,0.89,1
2026-09-26T23:56:27,64,96,0.88,1
2026-09-26T23:56:28,63,95,0.95,1
2026-09-26T23:56:29,61,96,0.94,1
2026-09-26T23:56:30,62,94,0.87,1
2026-09-26T23:56:31,60,94,0.94,1
2026-09-26T23:56:32,62,97,0.89,1
2026-09-26T23:56:33,62,94,0.86,1
2026-09-26T23:56:34,66,94,0.88,1
2026-09-26T23:56:35,65,94,0.90,1
2026-09-26T23:56:36,61,94,0.88,1
2026-09-26T23:56:37,63,97,0.94,1
2026-09-26T23:56:38,60,97,0.93,1
2026-09-26T23:56:39,61,95,0.85,1
2026-09-26T23:56:40,60,94,0.90,1
2026-09-26T23:56:41,63,94,0.90,1
2026-09-26T23:56:42,61,94,0.93,1
2026-09-26T23:56:43,66,94,0.93,1
2026-09-26T23:56:44,64,97,0.91,1
2026-09-26T23:56:45,64,95,0.92,1
2026-09-26T23:56:46,62,96,0.87,1
2026-09-26T23:56:47,66,96,0.91,1
2026-09-26T23:56:48,66,95,0.85,1
2026-09-26T23:56:49,60,96,0.92,1
2026-09-26T23:56:50,63,95,0.88,1
2026-09-26T23:56:51,60,95,0.88,1
2026-09-26T23:56:52,60,94,0.88,1
2026-09-26T23:56:53,62,94,0.93,1
2026-09-26T23:56:54,64,97,0.92,1
2026-09-26T23:56:55,64,96,0.88,1
2026-09-26T23:56:56,62,97,0.94,1
2026-09-26T23:56:57,66,94,0.93,1
2026-09-26T23:56:58,65,95,0.93,1
2026-09-26T23:56:59,65,97,0.91,1
2026-09-26T23:57:00,61,95,0.85,1
2026-09-26T23:57:01,62,94,0.93,1
2026-09-26T23:57:02,64,97,0.88,1
2026-09-26T23:57:03,63,95,0.89,1
2026-09-26T23:57:04,66,95,0.91,1
2026-09-26T23:57:05,64,95,0.88,1
2026-09-26T23:57:06,65,95,0.85,1
2026-09-26T23:57:07,64,95,0.94,1
2026-09-26T23:57:08,64,97,0.94,1
2026-09-26T23:57:09,62,95,0.90,1
2026-09-26T23:57:10,66,97,0.89,1
2026-09-26T23:57:11,61,96,0.93,1
2026-09-26T23:57:12,65,94,0.95,1
2026-09-26T23:57:13,66,95,0.89,1
2026-09-26T23:57:14,63,95,0.85,1
2026-09-26T23:57:15,60,96,0.94,1
2026-09-26T23:57:16,62,97,0.95,1
2026-09-26T23:57:17,61,95,0.87,1
2026-09-26T23:57:18,62,97,0.94,1
2026-09-26T23:57:19,62,94,0.91,1
2026-09-26T23:57:20,64,97,0.91,1
2026-09-26T23:57:21,62,94,0.94,1
2026-09-26T23:57:22,60,95,0.89,1
2026-09-26T23:57:23,66,94,0.88,1
2026-09-26T23:57:24,66,94,0.90,1
2026-09-26T23:57:25,66,94,0.95,1
2026-09-26T23:57:26,62,96,0.85,1
2026-09-26T23:57:27,61,96,0.94,1
2026-09-26T23:57:28,64,94,0.88,1
2026-09-26T23:57:29,64,96,0.92,1
2026-09-26T23:57:30,64,94,0.95,1
2026-09-26T23:57:31,60,97,0.86,1
2026-09-26T23:57:32,62,96,0.90,1
2026-09-26T23:57:33,66,96,0.95,1
2026-09-26T23:57:34,60,95,0.87,1
2026-09-26T23:57:35,64,97,0.93,1
2026-09-26T23:57:36,66,97,0.88,1
2026-09-26T23:57:37,60,96,0.92,1
2026-09-26T23:57:38,63,94,0.90,1
2026-09-26T23:57:39,66,97,0.95,1
2026-09-26T23:57:40,64,95,0.91,1
2026-09-26T23:57:41,64,96,0.91,1
2026-09-26T23:57:42,63,94,0.88,1
2026-09-26T23:57:43,62,97,0.94,1
2026-09-26T23:57:44,66,96,0.86,1
2026-09-26T23:57:45,63,94,0.92,1
2026-09-26T23:57:46,66,96,0.88,1
2026-09-26T23:57:47,60,96,0.85,1
2026-09-26T23:57:48,62,94,0.93,1
2026-09-26T23:57:49,60,97,0.93,1
2026-09-26T23:57:50,60,95,0.87,1
2026-09-26T23:57:51,60,95,0.90,1
2026-09-26T23:57:52,62,94,0.92,1
2026-09-26T23:57:53,61,95,0.94,1
2026-09-26T23:57:54,62,94,0.95,1
2026-09-26T23:57:55,63,97,0.89,1
2026-09-26T23:57:56,62,96,0.89,1
2026-09-26T23:57:57,62,95,0.93,1
2026-09-26T23:57:58,65,95,0.93,1
2026-09-26T23:57:59,60,96,0.88,1
2026-09-26T23:58:00,66,95,0.88,1
2026-09-26T23:58:01,61,94,0.93,1
2026-09-26T23:58:02,61,94,0.92,1
2026-09-26T23:58:03,63,96,0.87,1
2026-09-26T23:58:04,62,95,0.90,1
2026-09-26T23:58:05,61,94,0.94,1
2026-09-26T23:58:06,62,96,0.90,1
2026-09-26T23:58:07,66,95,0.92,1
2026-09-26T23:58:08,66,94,0.93,1
2026-09-26T23:58:09,61,97,0.90,1
2026-09-26T23:58:10,65,97,0.93,1
2026-09-26T23:58:11,64,97,0.87,1
2026-09-26T23:58:12,65,94,0.91,1
2026-09-26T23:58:13,66,94,0.92,1
2026-09-26T23:58:14,62,97,0.88,1
2026-09-26T23:58:15,62,97,0.91,1
2026-09-26T23:58:16,63,94,0.88,1
2026-09-26T23:58:17,63,95,0.91,1
2026-09-26T23:58:18,62,96,0.86,1
2026-09-26T23:58:19,63,97,0.94,1
2026-09-26T23:58:20,66,97,0.89,1
2026-09-26T23:58:21,64,95,0.87,1
2026-09-26T23:58:22,63,94,0.89,1
2026-09-26T23:58:23,63,97,0.88,1
2026-09-26T23:58:24,64,97,0.91,1
2026-09-26T23:58:25,63,96,0.86,1
2026-09-26T23:58:26,61,95,0.91,1
2026-09-26T23:58:27,65,97,0.92,1
2026-09-26T23:58:28,62,94,0.94,1
2026-09-26T23:58:29,61,97,0.87,1
2026-09-26T23:58:30,65,97,0.94,1
2026-09-26T23:58:31,66,97,0.91,1
2026-09-26T23:58:32,63,97,0.86,1
2026-09-26T23:58:33,61,96,0.92,1
2026-09-26T23:58:34,65,94,0.90,1
2026-09-26T23:58:35,62,94,0.95,1
2026-09-26T23:58:36,64,97,0.86,1
2026-09-26T23:58:37,64,94,0.94,1
2026-09-26T23:58:38,65,96,0.87,1
2026-09-26T23:58:39,62,95,0.94,1
2026-09-26T23:58:40,66,97,0.91,1
2026-09-26T23:58:41,64,97,0.92,1
2026-09-26T23:58:42,63,96,0.87,1
2026-09-26T23:58:43,63,96,0.89,1
2026-09-26T23:58:44,61,95,0.86,1
2026-09-26T23:58:45,61,94,0.86,1
2026-09-26T23:58:46,61,96,0.91,1
2026-09-26T23:58:47,63,94,0.92,1
2026-09-26T23:58:48,60,96,0.90,1
2026-09-26T23:58:49,65,96,0.89,1
2026-09-26T23:58:50,66,95,0.86,1
2026-09-26T23:58:51,60,97,0.91,1
2026-09-26T23:58:52,61,96,0.87,1
2026-09-26T23:58:53,65,96,0.94,1
2026-09-26T23:58:54,60,97,0.87,1
2026-09-26T23:58:55,63,95,0.87,1
2026-09-26T23:58:56,62,94,0.87,1
2026-09-26T23:58:57,62,95,0.88,1
2026-09-26T23:58:58,61,97,0.90,1
2026-09-26T23:58:59,63,95,0.92,1
2026-09-26T23:59:00,62,96,0.93,1
2026-09-26T23:59:01,60,96,0.86,1
2026-09-26T23:59:02,63,95,0.87,1
2026-09-26T23:59:03,64,94,0.86,1
2026-09-26T23:59:04,64,95,0.86,1
2026-09-26T23:59:05,60,96,0.92,1
2026-09-26T23:59:06,61,97,0.93,1
2026-09-26T23:59:07,65,96,0.86,1
2026-09-26T23:59:08,62,96,0.92,1
2026-09-26T23:59:09,63,95,0.91,1
2026-09-26T23:59:10,60,95,0.88,1
2026-09-26T23:59:11,62,96,0.93,1
2026-09-26T23:59:12,61,94,0.95,1
2026-09-26T23:59:13,62,97,0.90,1
2026-09-26T23:59:14,61,94,0.86,1
2026-09-26T23:59:15,60,96,0.88,1
2026-09-26T23:59:16,61,95,0.90,1
2026-09-26T23:59:17,60,94,0.88,1
2026-09-26T23:59:18,66,94,0.91,1
2026-09-26T23:59:19,66,97,0.85,1
2026-09-26T23:59:20,62,94,0.86,1
2026-09-26T23:59:21,62,94,0.93,1
2026-09-26T23:59:22,60,97,0.85,1
2026-09-26T23:59:23,61,97,0.91,1
2026-09-26T23:59:24,64,96,0.91,1
2026-09-26T23:59:25,63,96,0.90,1
2026-09-26T23:59:26,60,96,0.89,1
2026-09-26T23:59:27,66,96,0.93,1
2026-09-26T23:59:28,65,97,0.90,1
2026-09-26T23:59:29,63,97,0.93,1
2026-09-26T23:59:30,62,96,0.88,1
2026-09-26T23:59:31,62,97,0.93,1
2026-09-26T23:59:32,61,97,0.93,1
2026-09-26T23:59:33,62,95,0.94,1
2026-09-26T23:59:34,62,96,0.90,1
2026-09-26T23:59:35,61,94,0.90,1
2026-09-26T23:59:36,61,95,0.86,1
2026-09-26T23:59:37,63,97,0.85,1
2026-09-26T23:59:38,64,97,0.88,1
2026-09-26T23:59:39,64,94,0.95,1
2026-09-26T23:59:40,62,96,0.92,1
2026-09-26T23:59:41,61,94,0.88,1
2026-09-26T23:59:42,66,96,0.87,1
2026-09-26T23:59:43,62,94,0.88,1
2026-09-26T23:59:44,64,94,0.92,1
2026-09-26T23:59:45,63,94,0.87,1
2026-09-26T23:59:46,66,95,0.92,1
2026-09-26T23:59:47,66,97,0.94,1
2026-09-26T23:59:48,65,94,0.93,1
2026-09-26T23:59:49,61,95,0.92,1
2026-09-26T23:59:50,60,95,0.87,1
2026-09-26T23:59:51,63,95,0.93,1
2026-09-26T23:59:52,66,97,0.93,1
2026-09-26T23:59:53,60,95,0.88,1
2026-09-26T23:59:54,63,94,0.89,1
2026-09-26T23:59:55,64,97,0.93,1
2026-09-26T23:59:56,60,95,0.93,1
2026-09-26T23:59:57,61,96,0.86,1
2026-09-26T23:59:58,62,96,0.87,1
2026-09-26T23:59:59,61,97,0.91,1
2026-09-27T00:00:00,63,97,0.91,1
2026-09-27T00:00:01,60,94,0.88,1
2026-09-27T00:00:02,66,95,0.91,1
2026-09-27T00:00:03,66,94,0.95,1
2026-09-27T00:00:04,62,95,0.88,1
2026-09-27T00:00:05,66,94,0.95,1
2026-09-27T00:00:06,63,96,0.90,1
2026-09-27T00:00:07,60,95,0.94,1
2026-09-27T00:00:08,65,94,0.87,1
2026-09-27T00:00:09,66,94,0.85,1
2026-09-27T00:00:10,64,97,0.87,1
2026-09-27T00:00:11,64,96,0.88,1
2026-09-27T00:00:12,65,95,0.89,1
2026-09-27T00:00:13,66,97,0.87,1
2026-09-27T00:00:14,62,96,0.95,1
2026-09-27T00:00:15,66,97,0.90,1
2026-09-27T00:00:16,63,96,0.87,1
2026-09-27T00:00:17,61,94,0.88,1
2026-09-27T00:00:18,62,94,0.89,1
2026-09-27T00:00:19,61,95,0.94,1
2026-09-27T00:00:20,60,97,0.87,1
2026-09-27T00:00:21,64,94,0.91,1
2026-09-27T00:00:22,60,97,0.89,1
2026-09-27T00:00:23,62,97,0.86,1
2026-09-27T00:00:24,63,94,0.93,1
2026-09-27T00:00:25,61,95,0.95,1
2026-09-27T00:00:26,66,95,0.90,1
2026-09-27T00:00:27,62,97,0.94,1
2026-09-27T00:00:28,61,96,0.90,1
2026-09-27T00:00:29,66,96,0.93,1
2026-09-27T00:00:30,63,94,0.94,1
2026-09-27T00:00:31,63,96,0.87,1
2026-09-27T00:00:32,65,95,0.92,1
2026-09-27T00:00:33,60,96,0.87,1
2026-09-27T00:00:34,61,96,0.90,1
2026-09-27T00:00:35,61,96,0.92,1
2026-09-27T00:00:36,63,95,0.95,1
2026-09-27T00:00:37,63,94,0.92,1
2026-09-27T00:00:38,66,95,0.90,1
2026-09-27T00:00:39,65,94,0.87,1
2026-09-27T00:00:40,61,97,0.87,1
2026-09-27T00:00:41,65,95,0.95,1
2026-09-27T00:00:42,62,97,0.94,1
2026-09-27T00:00:43,60,96,0.93,1
2026-09-27T00:00:44,63,97,0.92,1
2026-09-27T00:00:45,61,94,0.91,1
2026-09-27T00:00:46,64,97,0.87,1
2026-09-27T00:00:47,66,97,0.87,1
2026-09-27T00:00:48,60,95,0.90,1
2026-09-27T00:00:49,62,95,0.94,1
2026-09-27T00:00:50,64,95,0.88,1
2026-09-27T00:00:51,62,96,0.94,1
2026-09-27T00:00:52,60,95,0.90,1
2026-09-27T00:00:53,60,97,0.90,1
2026-09-27T00:00:54,63,96,0.86,1
2026-09-27T00:00:55,60,96,0.93,1
2026-09-27T00:00:56,65,94,0.93,1
2026-09-27T00:00:57,60,94,0.92,1
2026-09-27T00:00:58,64,97,0.91,1
2026-09-27T00:00:59,61,97,0.90,1
2026-09-27T00:01:00,62,96,0.89,1
2026-09-27T00:01:01,65,95,0.91,1
2026-09-27T00:01:02,61,95,0.86,1
2026-09-27T00:01:03,64,95,0.92,1
2026-09-27T00:01:04,61,94,0.89,1
2026-09-27T00:01:05,65,96,0.95,1
2026-09-27T00:01:06,66,97,0.93,1
2026-09-27T00:01:07,60,94,0.94,1
2026-09-27T00:01:08,65,94,0.90,1
2026-09-27T00:01:09,63,95,0.86,1
2026-09-27T00:01:10,66,97,0.89,1
2026-09-27T00:01:11,64,94,0.86,1
2026-09-27T00:01:12,66,97,0.88,1
2026-09-27T00:01:13,65,97,0.86,1
2026-09-27T00:01:14,65,94,0.92,1
2026-09-27T00:01:15,65,95,0.88,1
2026-09-27T00:01:16,63,96,0.93,1
2026-09-27T00:01:17,64,95,0.93,1
2026-09-27T00:01:18,65,96,0.87,1
2026-09-27T00:01:19,63,97,0.86,1
2026-09-27T00:01:20,64,97,0.88,1
2026-09-27T00:01:21,60,96,0.87,1
2026-09-27T00:01:22,66,94,0.89,1
2026-09-27T00:01:23,61,97,0.89,1
2026-09-27T00:01:24,60,97,0.88,1
2026-09-27T00:01:25,61,95,0.89,1
2026-09-27T00:01:26,63,95,0.88,1
2026-09-27T00:01:27,66,95,0.90,1
2026-09-27T00:01:28,64,96,0.91,1
2026-09-27T00:01:29,60,96,0.89,1
2026-09-27T00:01:30,64,95,0.94,1
2026-09-27T00:01:31,60,96,0.87,1
2026-09-27T00:01:32,62,95,0.86,1
2026-09-27T00:01:33,63,96,0.87,1
2026-09-27T00:01:34,66,96,0.94,1
2026-09-27T00:01:35,64,94,0.87,1
2026-09-27T00:01:36,63,94,0.95,1
2026-09-27T00:01:37,64,94,0.89,1
2026-09-27T00:01:38,63,96,0.94,1
2026-09-27T00:01:39,64,97,0.94,1
2026-09-27T00:01:40,63,96,0.93,1
2026-09-27T00:01:41,64,95,0.86,1
2026-09-27T00:01:42,66,94,0.89,1
2026-09-27T00:01:43,62,95,0.88,1
2026-09-27T00:01:44,63,97,0.87,1
2026-09-27T00:01:45,64,96,0.87,1
2026-09-27T00:01:46,60,94,0.89,1
2026-09-27T00:01:47,63,94,0.89,1
2026-09-27T00:01:48,61,95,0.90,1
2026-09-27T00:01:49,62,94,0.92,1
2026-09-27T00:01:50,62,97,0.94,1
2026-09-27T00:01:51,65,97,0.87,1
2026-09-27T00:01:52,60,97,0.85,1
2026-09-27T00:01:53,63,97,0.94,1
2026-09-27T00:01:54,64,95,0.88,1
2026-09-27T00:01:55,66,96,0.87,1
2026-09-27T00:01:56,62,95,0.87,1
2026-09-27T00:01:57,66,96,0.86,1
2026-09-27T00:01:58,64,97,0.91,1
2026-09-27T00:01:59,64,94,0.89,1
2026-09-27T00:02:00,62,96,0.86,1
2026-09-27T00:02:01,62,96,0.86,1
2026-09-27T00:02:02,66,96,0.86,1
2026-09-27T00:02:03,64,96,0.90,1
2026-09-27T00:02:04,62,95,0.85,1
2026-09-27T00:02:05,65,94,0.91,1
2026-09-27T00:02:06,65,96,0.91,1
2026-09-27T00:02:07,61,95,0.87,1
2026-09-27T00:02:08,60,96,0.87,1
2026-09-27T00:02:09,64,94,0.91,1
2026-09-27T00:02:10,62,96,0.89,1
2026-09-27T00:02:11,61,95,0.90,1
2026-09-27T00:02:12,63,94,0.85,1
2026-09-27T00:02:13,60,95,0.91,1
2026-09-27T00:02:14,66,97,0.87,1
2026-09-27T00:02:15,63,96,0.87,1
2026-09-27T00:02:16,66,95,0.91,1
2026-09-27T00:02:17,61,96,0.92,1
2026-09-27T00:02:18,66,97,0.92,1
2026-09-27T00:02:19,60,94,0.93,1
2026-09-27T00:02:20,60,95,0.87,1
2026-09-27T00:02:21,62,96,0.91,1
2026-09-27T00:02:22,62,94,0.85,1
2026-09-27T00:02:23,64,96,0.90,1
2026-09-27T00:02:24,63,97,0.85,1
2026-09-27T00:02:25,62,95,0.91,1
2026-09-27T00:02:26,66,97,0.87,1
2026-09-27T00:02:27,64,96,0.85,1
2026-09-27T00:02:28,66,97,0.90,1
2026-09-27T00:02:29,65,94,0.93,1
2026-09-27T00:02:30,65,97,0.85,1
2026-09-27T00:02:31,65,96,0.93,1
2026-09-27T00:02:32,66,95,0.92,1
2026-09-27T00:02:33,65,94,0.90,1
2026-09-27T00:02:34,63,96,0.90,1
2026-09-27T00:02:35,65,97,0.87,1
2026-09-27T00:02:36,66,97,0.86,1
2026-09-27T00:02:37,60,96,0.88,1
2026-09-27T00:02:38,61,96,0.92,1
2026-09-27T00:02:39,60,94,0.87,1
2026-09-27T00:02:40,60,96,0.85,1
2026-09-27T00:02:41,60,97,0.92,1
2026-09-27T00:02:42,63,97,0.91,1
2026-09-27T00:02:43,65,94,0.95,1
2026-09-27T00:02:44,63,94,0.87,1
2026-09-27T00:02:45,66,97,0.87,1
2026-09-27T00:02:46,63,97,0.94,1
2026-09-27T00:02:47,66,95,0.91,1
2026-09-27T00:02:48,62,94,0.85,1
2026-09-27T00:02:49,62,97,0.86,1
2026-09-27T00:02:50,62,95,0.94,1
2026-09-27T00:02:51,64,95,0.89,1
2026-09-27T00:02:52,63,95,0.87,1
2026-09-27T00:02:53,66,97,0.86,1
2026-09-27T00:02:54,60,95,0.93,1
2026-09-27T00:02:55,63,94,0.85,1
2026-09-27T00:02:56,66,95,0.89,1
2026-09-27T00:02:57,65,94,0.88,1
2026-09-27T00:02:58,65,94,0.88,1
2026-09-27T00:02:59,63,96,0.94,1
2026-09-27T00:03:00,61,97,0.91,1
2026-09-27T00:03:01,64,94,0.92,1
2026-09-27T00:03:02,62,94,0.87,1
2026-09-27T00:03:03,65,95,0.85,1
2026-09-27T00:03:04,61,95,0.91,1
2026-09-27T00:03:05,61,94,0.91,1
2026-09-27T00:03:06,65,97,0.86,1
2026-09-27T00:03:07,64,94,0.89,1
2026-09-27T00:03:08,61,95,0.88,1
2026-09-27T00:03:09,60,97,0.94,1
2026-09-27T00:03:10,64,95,0.86,1
2026-09-27T00:03:11,61,95,0.92,1
2026-09-27T00:03:12,62,97,0.93,1
2026-09-27T00:03:13,60,95,0.90,1
2026-09-27T00:03:14,62,97,0.93,1
2026-09-27T00:03:15,65,96,0.87,1
2026-09-27T00:03:16,62,96,0.94,1
2026-09-27T00:03:17,66,94,0.88,1
2026-09-27T00:03:18,65,94,0.88,1
2026-09-27T00:03:19,60,94,0.91,1
2026-09-27T00:03:20,62,96,0.86,1
2026-09-27T00:03:21,61,96,0.92,1
2026-09-27T00:03:22,66,95,0.94,1
2026-09-27T00:03:23,62,94,0.93,1
2026-09-27T00:03:24,65,96,0.92,1
2026-09-27T00:03:25,61,94,0.93,1
2026-09-27T00:03:26,62,94,0.92,1
2026-09-27T00:03:27,66,96,0.89,1
2026-09-27T00:03:28,65,96,0.87,1
2026-09-27T00:03:29,65,95,0.92,1
2026-09-27T00:03:30,61,97,0.93,1
2026-09-27T00:03:31,62,97,0.91,1
2026-09-27T00:03:32,65,95,0.88,1
2026-09-27T00:03:33,65,95,0.94,1
2026-09-27T00:03:34,63,94,0.88,1
2026-09-27T00:03:35,64,95,0.88,1
2026-09-27T00:03:36,63,96,0.89,1
2026-09-27T00:03:37,61,97,0.85,1
2026-09-27T00:03:38,64,96,0.90,1
2026-09-27T00:03:39,62,94,0.86,1
2026-09-27T00:03:40,63,94,0.90,1
2026-09-27T00:03:41,64,94,0.93,1
2026-09-27T00:03:42,63,96,0.95,1
2026-09-27T00:03:43,63,96,0.93,1
2026-09-27T00:03:44,61,97,0.91,1
2026-09-27T00:03:45,66,97,0.86,1
2026-09-27T00:03:46,65,94,0.86,1
2026-09-27T00:03:47,65,96,0.86,1
2026-09-27T00:03:48,64,96,0.87,1
2026-09-27T00:03:49,66,94,0.92,1
2026-09-27T00:03:50,60,95,0.88,1
2026-09-27T00:03:51,62,96,0.88,1
2026-09-27T00:03:52,64,96,0.90,1
2026-09-27T00:03:53,61,95,0.89,1
2026-09-27T00:03:54,65,95,0.89,1
2026-09-27T00:03:55,65,97,0.92,1
2026-09-27T00:03:56,60,95,0.92,1
2026-09-27T00:03:57,60,96,0.93,1
2026-09-27T00:03:58,63,94,0.87,1
2026-09-27T00:03:59,61,95,0.91,1
2026-09-27T00:04:00,60,94,0.91,1
2026-09-27T00:04:01,64,95,0.92,1
2026-09-27T00:04:02,61,95,0.89,1
2026-09-27T00:04:03,65,95,0.86,1
2026-09-27T00:04:04,66,94,0.85,1
2026-09-27T00:04:05,64,94,0.92,1
2026-09-27T00:04:06,60,97,0.89,1
2026-09-27T00:04:07,65,96,0.86,1
2026-09-27T00:04:08,63,97,0.94,1
2026-09-27T00:04:09,64,95,0.86,1
2026-09-27T00:04:10,60,95,0.88,1
2026-09-27T00:04:11,65,96,0.87,1
2026-09-27T00:04:12,65,97,0.91,1
2026-09-27T00:04:13,66,96,0.85,1
2026-09-27T00:04:14,66,97,0.93,1
2026-09-27T00:04:15,62,96,0.86,1
2026-09-27T00:04:16,66,96,0.88,1
2026-09-27T00:04:17,60,95,0.90,1
2026-09-27T00:04:18,60,94,0.93,1
2026-09-27T00:04:19,66,95,0.93,1
2026-09-27T00:04:20,60,96,0.92,1
2026-09-27T00:04:21,65,97,0.90,1
2026-09-27T00:04:22,66,94,0.89,1
2026-09-27T00:04:23,61,96,0.94,1
2026-09-27T00:04:24,64,96,0.95,1
2026-09-27T00:04:25,64,96,0.95,1
2026-09-27T00:04:26,64,95,0.92,1
2026-09-27T00:04:27,66,94,0.89,1
2026-09-27T00:04:28,63,97,0.85,1
2026-09-27T00:04:29,61,96,0.91,1
2026-09-27T00:04:30,66,94,0.86,1
2026-09-27T00:04:31,65,96,0.87,1
2026-09-27T00:04:32,65,96,0.86,1
2026-09-27T00:04:33,64,97,0.90,1
2026-09-27T00:04:34,60,97,0.91,1
2026-09-27T00:04:35,60,95,0.92,1
2026-09-27T00:04:36,63,94,0.89,1
2026-09-27T00:04:37,60,96,0.93,1
2026-09-27T00:04:38,62,97,0.92,1
2026-09-27T00:04:39,63,94,0.87,1
2026-09-27T00:04:40,66,96,0.95,1
2026-09-27T00:04:41,62,95,0.92,1
2026-09-27T00:04:42,61,97,0.93,1
2026-09-27T00:04:43,65,95,0.86,1
2026-09-27T00:04:44,61,95,0.91,1
2026-09-27T00:04:45,60,96,0.87,1
2026-09-27T00:04:46,63,95,0.87,1
2026-09-27T00:04:47,65,96,0.88,1
2026-09-27T00:04:48,62,95,0.91,1
2026-09-27T00:04:49,61,94,0.91,1
2026-09-27T00:04:50,65,96,0.92,1
2026-09-27T00:04:51,60,96,0.92,1
2026-09-27T00:04:52,62,96,0.93,1
2026-09-27T00:04:53,60,95,0.93,1
2026-09-27T00:04:54,63,95,0.86,1
2026-09-27T00:04:55,60,96,0.89,1
2026-09-27T00:04:56,60,97,0.94,1
2026-09-27T00:04:57,66,94,0.87,1
2026-09-27T00:04:58,66,94,0.93,1
2026-09-27T00:04:59,63,96,0.85,1
2026-09-27T00:05:00,60,94,0.89,1
2026-09-27T00:05:01,61,96,0.87,1
2026-09-27T00:05:02,64,97,0.92,1
2026-09-27T00:05:03,64,96,0.89,1
2026-09-27T00:05:04,63,97,0.88,1
2026-09-27T00:05:05,64,97,0.86,1
2026-09-27T00:05:06,62,96,0.88,1
2026-09-27T00:05:07,63,97,0.87,1
2026-09-27T00:05:08,64,96,0.93,1
2026-09-27T00:05:09,61,94,0.87,1
2026-09-27T00:05:10,62,95,0.91,1
2026-09-27T00:05:11,63,97,0.93,1
2026-09-27T00:05:12,63,97,0.91,1
2026-09-27T00:05:13,61,96,0.93,1
2026-09-27T00:05:14,63,94,0.87,1
2026-09-27T00:05:15,63,95,0.94,1
2026-09-27T00:05:16,62,95,0.93,1
2026-09-27T00:05:17,66,95,0.95,1
2026-09-27T00:05:18,66,97,0.92,1
2026-09-27T00:05:19,66,95,0.87,1
2026-09-27T00:05:20,62,97,0.86,1
2026-09-27T00:05:21,63,96,0.89,1
2026-09-27T00:05:22,61,96,0.87,1
2026-09-27T00:05:23,64,95,0.94,1
2026-09-27T00:05:24,63,96,0.95,1
2026-09-27T00:05:25,65,94,0.92,1
2026-09-27T00:05:26,66,97,0.90,1
2026-09-27T00:05:27,64,94,0.87,1
2026-09-27T00:05:28,63,94,0.86,1
2026-09-27T00:05:29,61,97,0.88,1
2026-09-27T00:05:30,66,95,0.87,1
2026-09-27T00:05:31,61,96,0.92,1
2026-09-27T00:05:32,62,95,0.88,1
2026-09-27T00:05:33,63,96,0.87,1
2026-09-27T00:05:34,64,95,0.90,1
2026-09-27T00:05:35,66,97,0.89,1
2026-09-27T00:05:36,66,97,0.88,1
2026-09-27T00:05:37,62,96,0.90,1
2026-09-27T00:05:38,65,95,0.93,1
2026-09-27T00:05:39,66,97,0.88,1
2026-09-27T00:05:40,61,95,0.88,1
2026-09-27T00:05:41,63,96,0.94,1
2026-09-27T00:05:42,63,97,0.92,1
2026-09-27T00:05:43,60,94,0.86,1
2026-09-27T00:05:44,62,94,0.86,1
2026-09-27T00:05:45,66,95,0.88,1
2026-09-27T00:05:46,63,97,0.93,1
2026-09-27T00:05:47,65,97,0.87,1
2026-09-27T00:05:48,64,96,0.90,1
2026-09-27T00:05:49,63,96,0.93,1
2026-09-27T00:05:50,62,94,0.94,1
2026-09-27T00:05:51,60,96,0.86,1
2026-09-27T00:05:52,64,97,0.87,1
2026-09-27T00:05:53,63,95,0.87,1
2026-09-27T00:05:54,61,96,0.92,1
2026-09-27T00:05:55,61,95,0.86,1
2026-09-27T00:05:56,63,95,0.86,1
2026-09-27T00:05:57,66,95,0.87,1
2026-09-27T00:05:58,65,95,0.90,1
2026-09-27T00:05:59,66,95,0.88,1
2026-09-27T00:06:00,60,97,0.88,1
2026-09-27T00:06:01,60,96,0.87,1
2026-09-27T00:06:02,64,95,0.88,1
2026-09-27T00:06:03,61,95,0.86,1
2026-09-27T00:06:04,61,97,0.88,1
2026-09-27T00:06:05,62,97,0.86,1
2026-09-27T00:06:06,60,96,0.94,1
2026-09-27T00:06:07,63,96,0.86,1
2026-09-27T00:06:08,64,96,0.90,1
2026-09-27T00:06:09,66,94,0.87,1
2026-09-27T00:06:10,63,94,0.85,1
2026-09-27T00:06:11,63,97,0.90,1
2026-09-27T00:06:12,64,96,0.92,1
2026-09-27T00:06:13,65,94,0.87,1
2026-09-27T00:06:14,63,96,0.93,1
2026-09-27T00:06:15,60,95,0.92,1
2026-09-27T00:06:16,64,97,0.87,1
2026-09-27T00:06:17,64,94,0.91,1
2026-09-27T00:06:18,65,95,0.91,1
2026-09-27T00:06:19,60,95,0.89,1
2026-09-27T00:06:20,66,95,0.92,1
2026-09-27T00:06:21,65,96,0.88,1
2026-09-27T00:06:22,64,94,0.85,1
2026-09-27T00:06:23,66,95,0.88,1
2026-09-27T00:06:24,60,95,0.90,1
2026-09-27T00:06:25,63,94,0.94,1
2026-09-27T00:06:26,62,95,0.94,1
2026-09-27T00:06:27,60,97,0.86,1
2026-09-27T00:06:28,63,94,0.93,1
2026-09-27T00:06:29,61,97,0.89,1
2026-09-27T00:06:30,60,95,0.91,1
2026-09-27T00:06:31,66,94,0.91,1
2026-09-27T00:06:32,66,96,0.91,1
2026-09-27T00:06:33,61,97,0.91,1
2026-09-27T00:06:34,64,94,0.88,1
2026-09-27T00:06:35,61,95,0.92,1
2026-09-27T00:06:36,61,97,0.89,1
2026-09-27T00:06:37,61,97,0.90,1
2026-09-27T00:06:38,63,96,0.88,1
2026-09-27T00:06:39,65,95,0.92,1
2026-09-27T00:06:40,66,97,0.88,1
2026-09-27T00:06:41,64,97,0.94,1
2026-09-27T00:06:42,62,95,0.88,1
2026-09-27T00:06:43,66,97,0.88,1
2026-09-27T00:06:44,62,97,0.91,1
2026-09-27T00:06:45,62,97,0.88,1
2026-09-27T00:06:46,62,96,0.94,1
2026-09-27T00:06:47,63,95,0.88,1
2026-09-27T00:06:48,62,95,0.91,1
2026-09-27T00:06:49,62,96,0.89,1
2026-09-27T00:06:50,64,96,0.90,1
2026-09-27T00:06:51,66,94,0.87,1
2026-09-27T00:06:52,65,95,0.90,1
2026-09-27T00:06:53,62,97,0.86,1
2026-09-27T00:06:54,63,96,0.93,1
2026-09-27T00:06:55,66,94,0.91,1
2026-09-27T00:06:56,61,96,0.88,1
2026-09-27T00:06:57,63,96,0.93,1
2026-09-27T00:06:58,66,95,0.91,1
2026-09-27T00:06:59,65,97,0.85,1
2026-09-27T00:07:00,64,96,0.92,1
2026-09-27T00:07:01,60,95,0.87,1
2026-09-27T00:07:02,64,94,0.91,1
2026-09-27T00:07:03,63,97,0.94,1
2026-09-27T00:07:04,60,95,0.93,1
2026-09-27T00:07:05,61,97,0.88,1
2026-09-27T00:07:06,63,94,0.86,1
2026-09-27T00:07:07,63,97,0.86,1
2026-09-27T00:07:08,63,95,0.86,1
2026-09-27T00:07:09,64,94,0.95,1
2026-09-27T00:07:10,65,97,0.87,1
2026-09-27T00:07:11,60,94,0.90,1
2026-09-27T00:07:12,62,94,0.87,1
2026-09-27T00:07:13,60,94,0.92,1
2026-09-27T00:07:14,60,95,0.92,1
2026-09-27T00:07:15,60,97,0.87,1
2026-09-27T00:07:16,63,94,0.89,1
2026-09-27T00:07:17,64,94,0.88,1
2026-09-27T00:07:18,66,97,0.94,1
2026-09-27T00:07:19,63,94,0.86,1
2026-09-27T00:07:20,66,97,0.93,1
2026-09-27T00:07:21,63,95,0.94,1
2026-09-27T00:07:22,65,95,0.85,1
2026-09-27T00:07:23,60,95,0.88,1
2026-09-27T00:07:24,62,94,0.95,1
2026-09-27T00:07:25,61,94,0.88,1
2026-09-27T00:07:26,63,96,0.86,1
2026-09-27T00:07:27,60,96,0.91,1
2026-09-27T00:07:28,63,94,0.90,1
2026-09-27T00:07:29,65,95,0.92,1
2026-09-27T00:07:30,60,97,0.94,1
2026-09-27T00:07:31,63,94,0.90,1
2026-09-27T00:07:32,66,97,0.92,1
2026-09-27T00:07:33,66,94,0.86,1
2026-09-27T00:07:34,60,96,0.91,1
2026-09-27T00:07:35,60,94,0.92,1
2026-09-27T00:07:36,66,94,0.87,1
2026-09-27T00:07:37,60,96,0.87,1
2026-09-27T00:07:38,65,94,0.94,1
2026-09-27T00:07:39,66,97,0.88,1
2026-09-27T00:07:40,66,97,0.89,1
2026-09-27T00:07:41,63,95,0.91,1
2026-09-27T00:07:42,62,96,0.88,1
2026-09-27T00:07:43,63,94,0.90,1
2026-09-27T00:07:44,60,97,0.87,1
2026-09-27T00:07:45,63,94,0.93,1
2026-09-27T00:07:46,60,97,0.88,1
2026-09-27T00:07:47,66,94,0.85,1
2026-09-27T00:07:48,65,97,0.85,1
2026-09-27T00:07:49,61,95,0.91,1
2026-09-27T00:07:50,62,97,0.89,1
2026-09-27T00:07:51,61,95,0.89,1
2026-09-27T00:07:52,63,96,0.90,1
2026-09-27T00:07:53,64,95,0.92,1
2026-09-27T00:07:54,66,97,0.93,1
2026-09-27T00:07:55,65,97,0.91,1
2026-09-27T00:07:56,66,94,0.86,1
2026-09-27T00:07:57,66,96,0.85,1
2026-09-27T00:07:58,66,97,0.95,1
2026-09-27T00:07:59,62,94,0.86,1
2026-09-27T00:08:00,63,96,0.94,1
2026-09-27T00:08:01,62,96,0.87,1
2026-09-27T00:08:02,62,96,0.94,1
2026-09-27T00:08:03,64,97,0.94,1
2026-09-27T00:08:04,60,94,0.86,1
2026-09-27T00:08:05,60,95,0.94,1
2026-09-27T00:08:06,65,96,0.88,1
2026-09-27T00:08:07,64,94,0.89,1
2026-09-27T00:08:08,61,95,0.86,1
2026-09-27T00:08:09,65,95,0.92,1
2026-09-27T00:08:10,60,95,0.90,1
2026-09-27T00:08:11,64,97,0.95,1
2026-09-27T00:08:12,64,96,0.91,1
2026-09-27T00:08:13,60,95,0.90,1
2026-09-27T00:08:14,63,96,0.92,1
2026-09-27T00:08:15,61,97,0.91,1
2026-09-27T00:08:16,63,94,0.85,1
2026-09-27T00:08:17,60,94,0.86,1
2026-09-27T00:08:18,62,97,0.85,1
2026-09-27T00:08:19,63,97,0.92,1
2026-09-27T00:08:20,66,95,0.89,1
2026-09-27T00:08:21,66,97,0.95,1
2026-09-27T00:08:22,65,95,0.87,1
2026-09-27T00:08:23,63,97,0.87,1
2026-09-27T00:08:24,60,95,0.87,1
2026-09-27T00:08:25,60,94,0.95,1
2026-09-27T00:08:26,60,94,0.87,1
2026-09-27T00:08:27,66,96,0.92,1
2026-09-27T00:08:28,66,96,0.93,1
2026-09-27T00:08:29,63,96,0.91,1
2026-09-27T00:08:30,65,96,0.87,1
2026-09-27T00:08:31,64,96,0.88,1
2026-09-27T00:08:32,60,97,0.93,1
2026-09-27T00:08:33,62,97,0.90,1
2026-09-27T00:08:34,63,94,0.92,1
2026-09-27T00:08:35,61,94,0.94,1
2026-09-27T00:08:36,63,96,0.95,1
2026-09-27T00:08:37,62,97,0.86,1
2026-09-27T00:08:38,65,97,0.88,1
2026-09-27T00:08:39,63,96,0.86,1
2026-09-27T00:08:40,60,97,0.93,1
2026-09-27T00:08:41,62,97,0.87,1
2026-09-27T00:08:42,63,96,0.89,1
2026-09-27T00:08:43,62,97,0.92,1
2026-09-27T00:08:44,63,96,0.89,1
2026-09-27T00:08:45,61,95,0.87,1
2026-09-27T00:08:46,65,96,0.90,1
2026-09-27T00:08:47,64,97,0.94,1
2026-09-27T00:08:48,64,95,0.86,1
2026-09-27T00:08:49,62,94,0.90,1
2026-09-27T00:08:50,61,95,0.88,1
2026-09-27T00:08:51,64,95,0.92,1
2026-09-27T00:08:52,60,94,0.93,1
2026-09-27T00:08:53,64,97,0.87,1
2026-09-27T00:08:54,65,97,0.86,1
2026-09-27T00:08:55,61,95,0.88,1
2026-09-27T00:08:56,66,95,0.89,1
2026-09-27T00:08:57,62,97,0.86,1
2026-09-27T00:08:58,64,96,0.89,1
2026-09-27T00:08:59,60,97,0.94,1
2026-09-27T00:09:00,64,97,0.92,1
2026-09-27T00:09:01,65,97,0.93,1
2026-09-27T00:09:02,63,95,0.87,1
2026-09-27T00:09:03,63,94,0.95,1
2026-09-27T00:09:04,61,95,0.88,1
2026-09-27T00:09:05,64,95,0.86,1
2026-09-27T00:09:06,63,97,0.88,1
2026-09-27T00:09:07,63,95,0.92,1
2026-09-27T00:09:08,62,97,0.87,1
2026-09-27T00:09:09,60,95,0.87,1
2026-09-27T00:09:10,63,94,0.86,1
2026-09-27T00:09:11,64,95,0.95,1
2026-09-27T00:09:12,64,96,0.89,1
2026-09-27T00:09:13,61,95,0.88,1
2026-09-27T00:09:14,64,94,0.87,1
2026-09-27T00:09:15,61,94,0.94,1
2026-09-27T00:09:16,64,94,0.89,1
2026-09-27T00:09:17,63,95,0.93,1
2026-09-27T00:09:18,65,96,0.88,1
2026-09-27T00:09:19,63,96,0.90,1
2026-09-27T00:09:20,61,95,0.88,1
2026-09-27T00:09:21,61,95,0.91,1
2026-09-27T00:09:22,61,95,0.92,1
2026-09-27T00:09:23,65,94,0.88,1
2026-09-27T00:09:24,66,96,0.95,1
2026-09-27T00:09:25,66,96,0.87,1
2026-09-27T00:09:26,61,97,0.86,1
2026-09-27T00:09:27,66,95,0.95,1
2026-09-27T00:09:28,63,97,0.86,1
2026-09-27T00:09:29,60,97,0.93,1
2026-09-27T00:09:30,63,97,0.93,1
2026-09-27T00:09:31,65,94,0.89,1
2026-09-27T00:09:32,60,94,0.92,1
2026-09-27T00:09:33,60,94,0.92,1
2026-09-27T00:09:34,64,97,0.89,1
2026-09-27T00:09:35,63,94,0.89,1
2026-09-27T00:09:36,62,95,0.94,1
2026-09-27T00:09:37,60,95,0.90,1
2026-09-27T00:09:38,66,97,0.92,1
2026-09-27T00:09:39,66,97,0.89,1
2026-09-27T00:09:40,60,95,0.93,1
2026-09-27T00:09:41,66,96,0.86,1
2026-09-27T00:09:42,66,94,0.92,1
2026-09-27T00:09:43,61,97,0.92,1
2026-09-27T00:09:44,65,95,0.86,1
2026-09-27T00:09:45,65,96,0.94,1
2026-09-27T00:09:46,60,97,0.91,1
2026-09-27T00:09:47,65,94,0.90,1
2026-09-27T00:09:48,61,96,0.92,1
2026-09-27T00:09:49,63,96,0.86,1
2026-09-27T00:09:50,66,94,0.90,1
2026-09-27T00:09:51,60,95,0.87,1
2026-09-27T00:09:52,65,97,0.94,1
2026-09-27T00:09:53,65,97,0.89,1
2026-09-27T00:09:54,66,95,0.88,1
2026-09-27T00:09:55,65,97,0.91,1
2026-09-27T00:09:56,62,94,0.86,1
2026-09-27T00:09:57,63,97,0.86,1
2026-09-27T00:09:58,65,96,0.91,1
2026-09-27T00:09:59,60,95,0.88,1
2026-09-27T00:10:00,60,95,0.85,1
2026-09-27T00:10:01,62,96,0.92,1
2026-09-27T00:10:02,63,94,0.95,1
2026-09-27T00:10:03,63,94,0.87,1
2026-09-27T00:10:04,66,94,0.94,1
2026-09-27T00:10:05,60,97,0.94,1
2026-09-27T00:10:06,63,95,0.89,1
2026-09-27T00:10:07,64,94,0.94,1
2026-09-27T00:10:08,65,95,0.93,1
2026-09-27T00:10:09,63,97,0.86,1
2026-09-27T00:10:10,66,97,0.93,1
2026-09-27T00:10:11,62,95,0.91,1
2026-09-27T00:10:12,64,94,0.85,1
2026-09-27T00:10:13,60,96,0.86,1
2026-09-27T00:10:14,65,96,0.92,1
2026-09-27T00:10:15,62,95,0.85,1
2026-09-27T00:10:16,60,97,0.91,1
2026-09-27T00:10:17,64,94,0.85,1
2026-09-27T00:10:18,65,97,0.94,1
2026-09-27T00:10:19,60,94,0.94,1
2026-09-27T00:10:20,61,97,0.94,1
2026-09-27T00:10:21,64,96,0.88,1
2026-09-27T00:10:22,65,95,0.91,1
2026-09-27T00:10:23,64,96,0.92,1
2026-09-27T00:10:24,61,97,0.92,1
2026-09-27T00:10:25,65,95,0.88,1
2026-09-27T00:10:26,63,96,0.94,1
2026-09-27T00:10:27,61,95,0.89,1
2026-09-27T00:10:28,63,96,0.88,1
2026-09-27T00:10:29,63,94,0.87,1
2026-09-27T00:10:30,65,94,0.94,1
2026-09-27T00:10:31,65,96,0.94,1
2026-09-27T00:10:32,62,95,0.87,1
2026-09-27T00:10:33,65,95,0.94,1
2026-09-27T00:10:34,62,94,0.91,1
2026-09-27T00:10:35,60,96,0.88,1
2026-09-27T00:10:36,66,95,0.86,1
2026-09-27T00:10:37,63,97,0.93,1
2026-09-27T00:10:38,64,96,0.95,1
2026-09-27T00:10:39,66,96,0.93,1
2026-09-27T00:10:40,64,95,0.91,1
2026-09-27T00:10:41,64,96,0.86,1
2026-09-27T00:10:42,64,97,0.87,1
2026-09-27T00:10:43,61,95,0.89,1
2026-09-27T00:10:44,62,95,0.89,1
2026-09-27T00:10:45,66,97,0.89,1
2026-09-27T00:10:46,61,97,0.91,1
2026-09-27T00:10:47,62,95,0.86,1
2026-09-27T00:10:48,65,96,0.88,1
2026-09-27T00:10:49,61,95,0.91,1
2026-09-27T00:10:50,63,97,0.92,1
2026-09-27T00:10:51,66,95,0.95,1
2026-09-27T00:10:52,65,94,0.90,1
2026-09-27T00:10:53,60,96,0.93,1
2026-09-27T00:10:54,61,97,0.88,1
2026-09-27T00:10:55,64,96,0.94,1
2026-09-27T00:10:56,63,95,0.90,1
2026-09-27T00:10:57,64,97,0.90,1
2026-09-27T00:10:58,65,96,0.91,1
2026-09-27T00:10:59,63,94,0.88,1
2026-09-27T00:11:00,64,94,0.94,1
2026-09-27T00:11:01,62,94,0.95,1
2026-09-27T00:11:02,60,94,0.91,1
2026-09-27T00:11:03,63,96,0.91,1
2026-09-27T00:11:04,63,96,0.94,1
2026-09-27T00:11:05,65,96,0.85,1
2026-09-27T00:11:06,63,94,0.94,1
2026-09-27T00:11:07,65,95,0.88,1
2026-09-27T00:11:08,62,94,0.90,1
2026-09-27T00:11:09,64,97,0.94,1
2026-09-27T00:11:10,64,94,0.86,1
2026-09-27T00:11:11,64,96,0.85,1
2026-09-27T00:11:12,61,96,0.85,1
2026-09-27T00:11:13,61,97,0.94,1
2026-09-27T00:11:14,63,96,0.91,1
2026-09-27T00:11:15,60,94,0.94,1
2026-09-27T00:11:16,62,97,0.92,1
2026-09-27T00:11:17,63,95,0.87,1
2026-09-27T00:11:18,60,94,0.90,1
2026-09-27T00:11:19,62,94,0.93,1
2026-09-27T00:11:20,60,94,0.87,1
2026-09-27T00:11:21,65,96,0.91,1
2026-09-27T00:11:22,66,96,0.93,1
2026-09-27T00:11:23,62,95,0.92,1
2026-09-27T00:11:24,65,94,0.93,1
2026-09-27T00:11:25,65,95,0.88,1
2026-09-27T00:11:26,66,97,0.86,1
2026-09-27T00:11:27,60,96,0.86,1
2026-09-27T00:11:28,60,96,0.90,1
2026-09-27T00:11:29,65,95,0.86,1
2026-09-27T00:11:30,63,97,0.88,1
2026-09-27T00:11:31,63,96,0.87,1
2026-09-27T00:11:32,65,94,0.95,1
2026-09-27T00:11:33,60,97,0.88,1
2026-09-27T00:11:34,62,97,0.88,1
2026-09-27T00:11:35,62,96,0.93,1
2026-09-27T00:11:36,60,97,0.92,1
2026-09-27T00:11:37,60,97,0.88,1
2026-09-27T00:11:38,63,96,0.85,1
2026-09-27T00:11:39,65,96,0.94,1
2026-09-27T00:11:40,64,96,0.90,1
2026-09-27T00:11:41,65,94,0.93,1
2026-09-27T00:11:42,64,97,0.93,1
2026-09-27T00:11:43,63,97,0.88,1
2026-09-27T00:11:44,66,94,0.93,1
2026-09-27T00:11:45,61,96,0.87,1
2026-09-27T00:11:46,62,96,0.93,1
2026-09-27T00:11:47,62,94,0.90,1
2026-09-27T00:11:48,65,96,0.89,1
2026-09-27T00:11:49,64,96,0.92,1
2026-09-27T00:11:50,62,97,0.90,1
2026-09-27T00:11:51,62,94,0.95,1
2026-09-27T00:11:52,66,94,0.91,1
2026-09-27T00:11:53,60,94,0.93,1
2026-09-27T00:11:54,65,94,0.85,1
2026-09-27T00:11:55,61,96,0.88,1
2026-09-27T00:11:56,65,95,0.88,1
2026-09-27T00:11:57,64,97,0.87,1
2026-09-27T00:11:58,65,95,0.93,1
2026-09-27T00:11:59,62,94,0.91,1
2026-09-27T00:12:00,60,97,0.92,1
2026-09-27T00:12:01,62,94,0.85,1
2026-09-27T00:12:02,60,96,0.86,1
2026-09-27T00:12:03,65,97,0.93,1
2026-09-27T00:12:04,65,97,0.94,1
2026-09-27T00:12:05,60,97,0.91,1
2026-09-27T00:12:06,60,96,0.89,1
2026-09-27T00:12:07,61,97,0.86,1
2026-09-27T00:12:08,61,95,0.94,1
2026-09-27T00:12:09,60,97,0.90,1
2026-09-27T00:12:10,65,97,0.95,1
2026-09-27T00:12:11,66,97,0.94,1
2026-09-27T00:12:12,66,94,0.89,1
2026-09-27T00:12:13,66,95,0.92,1
2026-09-27T00:12:14,60,95,0.91,1
2026-09-27T00:12:15,62,96,0.94,1
2026-09-27T00:12:16,63,97,0.92,1
2026-09-27T00:12:17,63,97,0.90,1
2026-09-27T00:12:18,63,94,0.89,1
2026-09-27T00:12:19,66,95,0.87,1
2026-09-27T00:12:20,61,94,0.94,1
2026-09-27T00:12:21,63,95,0.91,1
2026-09-27T00:12:22,66,95,0.86,1
2026-09-27T00:12:23,61,97,0.87,1
2026-09-27T00:12:24,65,96,0.88,1
2026-09-27T00:12:25,63,94,0.89,1
2026-09-27T00:12:26,62,94,0.91,1
2026-09-27T00:12:27,60,94,0.85,1
2026-09-27T00:12:28,66,94,0.90,1
2026-09-27T00:12:29,61,97,0.91,1
2026-09-27T00:12:30,66,97,0.93,1
2026-09-27T00:12:31,60,94,0.94,1
2026-09-27T00:12:32,60,94,0.90,1
2026-09-27T00:12:33,62,94,0.92,1
2026-09-27T00:12:34,64,96,0.93,1
2026-09-27T00:12:35,65,96,0.93,1
2026-09-27T00:12:36,63,94,0.92,1
2026-09-27T00:12:37,66,94,0.92,1
2026-09-27T00:12:38,61,97,0.87,1
2026-09-27T00:12:39,66,97,0.86,1
2026-09-27T00:12:40,62,94,0.95,1
2026-09-27T00:12:41,63,94,0.93,1
2026-09-27T00:12:42,60,97,0.86,1
2026-09-27T00:12:43,61,94,0.92,1
2026-09-27T00:12:44,64,97,0.93,1
2026-09-27T00:12:45,62,97,0.95,1
2026-09-27T00:12:46,65,97,0.88,1
2026-09-27T00:12:47,61,94,0.92,1
2026-09-27T00:12:48,66,95,0.90,1
2026-09-27T00:12:49,65,95,0.86,1
2026-09-27T00:12:50,65,94,0.87,1
2026-09-27T00:12:51,61,96,0.92,1
2026-09-27T00:12:52,63,96,0.89,1
2026-09-27T00:12:53,60,97,0.87,1
2026-09-27T00:12:54,60,95,0.94,1
2026-09-27T00:12:55,66,95,0.94,1
2026-09-27T00:12:56,63,96,0.93,1
2026-09-27T00:12:57,62,95,0.94,1
2026-09-27T00:12:58,66,95,0.93,1
2026-09-27T00:12:59,64,94,0.86,1
2026-09-27T00:13:00,61,96,0.93,1
2026-09-27T00:13:01,62,95,0.86,1
2026-09-27T00:13:02,66,96,0.87,1
2026-09-27T00:13:03,63,95,0.91,1
2026-09-27T00:13:04,65,96,0.93,1
2026-09-27T00:13:05,63,94,0.89,1
2026-09-27T00:13:06,60,97,0.85,1
2026-09-27T00:13:07,60,96,0.91,1
2026-09-27T00:13:08,65,95,0.92,1
2026-09-27T00:13:09,62,94,0.92,1
2026-09-27T00:13:10,65,95,0.91,1
2026-09-27T00:13:11,60,97,0.87,1
2026-09-27T00:13:12,60,96,0.95,1
2026-09-27T00:13:13,62,97,0.88,1
2026-09-27T00:13:14,63,96,0.91,1
2026-09-27T00:13:15,62,96,0.90,1
2026-09-27T00:13:16,64,95,0.94,1
2026-09-27T00:13:17,62,97,0.88,1
2026-09-27T00:13:18,63,94,0.93,1
2026-09-27T00:13:19,60,96,0.90,1
2026-09-27T00:13:20,64,96,0.93,1
2026-09-27T00:13:21,65,96,0.90,1
2026-09-27T00:13:22,63,96,0.93,1
2026-09-27T00:13:23,62,96,0.86,1
2026-09-27T00:13:24,63,94,0.91,1
2026-09-27T00:13:25,64,97,0.93,1
2026-09-27T00:13:26,66,95,0.91,1
2026-09-27T00:13:27,63,95,0.88,1
2026-09-27T00:13:28,63,95,0.89,1
2026-09-27T00:13:29,61,94,0.90,1
2026-09-27T00:13:30,60,95,0.89,1
2026-09-27T00:13:31,62,97,0.86,1
2026-09-27T00:13:32,63,97,0.93,1
2026-09-27T00:13:33,63,95,0.91,1
2026-09-27T00:13:34,66,94,0.87,1
2026-09-27T00:13:35,62,96,0.88,1
2026-09-27T00:13:36,60,94,0.87,1
2026-09-27T00:13:37,64,94,0.87,1
2026-09-27T00:13:38,61,95,0.86,1
2026-09-27T00:13:39,66,94,0.89,1
2026-09-27T00:13:40,64,94,0.87,1
2026-09-27T00:13:41,64,95,0.91,1
2026-09-27T00:13:42,62,94,0.89,1
2026-09-27T00:13:43,65,96,0.90,1
2026-09-27T00:13:44,62,96,0.91,1
2026-09-27T00:13:45,62,97,0.95,1
2026-09-27T00:13:46,60,97,0.93,1
2026-09-27T00:13:47,63,94,0.93,1
2026-09-27T00:13:48,65,94,0.89,1
2026-09-27T00:13:49,66,94,0.91,1
2026-09-27T00:13:50,66,95,0.91,1
2026-09-27T00:13:51,63,95,0.95,1
2026-09-27T00:13:52,60,96,0.87,1
2026-09-27T00:13:53,65,96,0.89,1
2026-09-27T00:13:54,64,94,0.91,1
2026-09-27T00:13:55,63,95,0.93,1
2026-09-27T00:13:56,65,94,0.94,1
2026-09-27T00:13:57,66,96,0.90,1
2026-09-27T00:13:58,66,94,0.93,1
2026-09-27T00:13:59,63,94,0.85,1
2026-09-27T00:14:00,60,96,0.88,1
2026-09-27T00:14:01,66,96,0.87,1
2026-09-27T00:14:02,61,96,0.90,1
2026-09-27T00:14:03,65,97,0.88,1
2026-09-27T00:14:04,60,94,0.92,1
2026-09-27T00:14:05,64,95,0.91,1
2026-09-27T00:14:06,65,97,0.93,1
2026-09-27T00:14:07,63,96,0.91,1
2026-09-27T00:14:08,64,95,0.94,1
2026-09-27T00:14:09,65,97,0.94,1
2026-09-27T00:14:10,65,94,0.91,1
2026-09-27T00:14:11,60,95,0.85,1
2026-09-27T00:14:12,61,96,0.89,1
2026-09-27T00:14:13,63,94,0.90,1
2026-09-27T00:14:14,62,95,0.92,1
2026-09-27T00:14:15,66,96,0.86,1
2026-09-27T00:14:16,66,95,0.86,1
2026-09-27T00:14:17,65,95,0.91,1
2026-09-27T00:14:18,60,97,0.92,1
2026-09-27T00:14:19,64,94,0.87,1
2026-09-27T00:14:20,65,94,0.95,1
2026-09-27T00:14:21,60,96,0.94,1
2026-09-27T00:14:22,66,96,0.85,1
2026-09-27T00:14:23,63,94,0.88,1
2026-09-27T00:14:24,60,94,0.88,1
2026-09-27T00:14:25,62,94,0.87,1
2026-09-27T00:14:26,65,96,0.88,1
2026-09-27T00:14:27,66,97,0.92,1
2026-09-27T00:14:28,61,94,0.90,1
2026-09-27T00:14:29,65,96,0.87,1
2026-09-27T00:14:30,63,95,0.94,1
2026-09-27T00:14:31,66,94,0.87,1
2026-09-27T00:14:32,64,94,0.92,1
2026-09-27T00:14:33,63,96,0.93,1
2026-09-27T00:14:34,64,96,0.93,1
2026-09-27T00:14:35,65,96,0.92,1
2026-09-27T00:14:36,63,97,0.93,1
2026-09-27T00:14:37,60,94,0.93,1
2026-09-27T00:14:38,60,95,0.87,1
2026-09-27T00:14:39,63,97,0.91,1
2026-09-27T00:14:40,66,95,0.89,1
2026-09-27T00:14:41,65,94,0.87,1
2026-09-27T00:14:42,62,95,0.87,1
2026-09-27T00:14:43,66,96,0.92,1
2026-09-27T00:14:44,60,95,0.88,1
2026-09-27T00:14:45,64,95,0.95,1
2026-09-27T00:14:46,62,95,0.93,1
2026-09-27T00:14:47,63,95,0.86,1
2026-09-27T00:14:48,62,94,0.91,1
2026-09-27T00:14:49,61,95,0.92,1
2026-09-27T00:14:50,62,94,0.85,1
2026-09-27T00:14:51,61,97,0.91,1
2026-09-27T00:14:52,65,97,0.93,1
2026-09-27T00:14:53,64,97,0.87,1
2026-09-27T00:14:54,60,97,0.85,1
2026-09-27T00:14:55,65,96,0.94,1
2026-09-27T00:14:56,63,94,0.91,1
2026-09-27T00:14:57,65,96,0.94,1
2026-09-27T00:14:58,60,97,0.90,1
2026-09-27T00:14:59,66,94,0.92,1
2026-09-27T00:15:00,62,96,0.91,1
2026-09-27T00:15:01,64,95,0.89,1
2026-09-27T00:15:02,60,94,0.94,1
2026-09-27T00:15:03,64,95,0.91,1
2026-09-27T00:15:04,65,96,0.85,1
2026-09-27T00:15:05,63,96,0.92,1
2026-09-27T00:15:06,64,97,0.94,1
2026-09-27T00:15:07,61,96,0.94,1
2026-09-27T00:15:08,64,94,0.91,1
2026-09-27T00:15:09,60,96,0.88,1
2026-09-27T00:15:10,63,97,0.86,1
2026-09-27T00:15:11,66,94,0.93,1
2026-09-27T00:15:12,61,97,0.89,1
2026-09-27T00:15:13,66,97,0.90,1
2026-09-27T00:15:14,61,94,0.87,1
2026-09-27T00:15:15,65,94,0.94,1
2026-09-27T00:15:16,66,96,0.94,1
2026-09-27T00:15:17,62,95,0.89,1
2026-09-27T00:15:18,63,94,0.94,1
2026-09-27T00:15:19,60,94,0.91,1
2026-09-27T00:15:20,61,97,0.95,1
2026-09-27T00:15:21,65,95,0.90,1
2026-09-27T00:15:22,66,95,0.88,1
2026-09-27T00:15:23,63,96,0.88,1
2026-09-27T00:15:24,65,94,0.92,1
2026-09-27T00:15:25,66,94,0.90,1
2026-09-27T00:15:26,65,96,0.90,1
2026-09-27T00:15:27,63,94,0.92,1
2026-09-27T00:15:28,61,97,0.93,1
2026-09-27T00:15:29,62,94,0.87,1
2026-09-27T00:15:30,66,95,0.94,1
2026-09-27T00:15:31,64,94,0.88,1
2026-09-27T00:15:32,61,96,0.87,1
2026-09-27T00:15:33,60,95,0.86,1
2026-09-27T00:15:34,60,95,0.89,1
2026-09-27T00:15:35,65,95,0.87,1
2026-09-27T00:15:36,61,97,0.91,1
2026-09-27T00:15:37,66,94,0.87,1
2026-09-27T00:15:38,64,97,0.94,1
2026-09-27T00:15:39,61,97,0.93,1
2026-09-27T00:15:40,64,94,0.89,1
2026-09-27T00:15:41,61,97,0.89,1
2026-09-27T00:15:42,66,97,0.85,1
2026-09-27T00:15:43,65,96,0.88,1
2026-09-27T00:15:44,64,96,0.87,1
2026-09-27T00:15:45,61,96,0.90,1
2026-09-27T00:15:46,61,96,0.87,1
2026-09-27T00:15:47,64,97,0.86,1
2026-09-27T00:15:48,60,96,0.87,1
2026-09-27T00:15:49,64,94,0.86,1
2026-09-27T00:15:50,65,95,0.95,1
2026-09-27T00:15:51,66,94,0.95,1
2026-09-27T00:15:52,63,94,0.88,1
2026-09-27T00:15:53,62,96,0.92,1
2026-09-27T00:15:54,65,95,0.85,1
2026-09-27T00:15:55,62,94,0.88,1
2026-09-27T00:15:56,64,94,0.92,1
2026-09-27T00:15:57,63,94,0.89,1
2026-09-27T00:15:58,65,96,0.86,1
2026-09-27T00:15:59,61,95,0.94,1
2026-09-27T00:16:00,66,97,0.85,1
2026-09-27T00:16:01,65,95,0.86,1
2026-09-27T00:16:02,60,97,0.89,1
2026-09-27T00:16:03,64,95,0.93,1
2026-09-27T00:16:04,64,95,0.89,1
2026-09-27T00:16:05,65,96,0.89,1
2026-09-27T00:16:06,66,94,0.94,1
2026-09-27T00:16:07,65,95,0.93,1
2026-09-27T00:16:08,63,94,0.93,1
2026-09-27T00:16:09,64,94,0.87,1
2026-09-27T00:16:10,66,97,0.87,1
2026-09-27T00:16:11,60,97,0.95,1
2026-09-27T00:16:12,60,95,0.90,1
2026-09-27T00:16:13,61,96,0.93,1
2026-09-27T00:16:14,60,96,0.89,1
2026-09-27T00:16:15,60,97,0.92,1
2026-09-27T00:16:16,63,94,0.91,1
2026-09-27T00:16:17,64,96,0.90,1
2026-09-27T00:16:18,65,97,0.86,1
2026-09-27T00:16:19,61,94,0.86,1
2026-09-27T00:16:20,61,95,0.91,1
2026-09-27T00:16:21,63,94,0.86,1
2026-09-27T00:16:22,63,94,0.93,1
2026-09-27T00:16:23,64,97,0.88,1
2026-09-27T00:16:24,61,94,0.90,1
2026-09-27T00:16:25,63,94,0.92,1
2026-09-27T00:16:26,62,94,0.95,1
2026-09-27T00:16:27,66,94,0.88,1
2026-09-27T00:16:28,66,95,0.94,1
2026-09-27T00:16:29,62,94,0.92,1
2026-09-27T00:16:30,65,97,0.87,1
2026-09-27T00:16:31,66,94,0.89,1
2026-09-27T00:16:32,66,97,0.89,1
2026-09-27T00:16:33,64,97,0.86,1
2026-09-27T00:16:34,63,94,0.86,1
2026-09-27T00:16:35,64,94,0.86,1
2026-09-27T00:16:36,60,95,0.89,1
2026-09-27T00:16:37,60,97,0.86,1
2026-09-27T00:16:38,66,94,0.88,1
2026-09-27T00:16:39,65,95,0.89,1
2026-09-27T00:16:40,62,94,0.89,1
2026-09-27T00:16:41,64,94,0.88,1
2026-09-27T00:16:42,64,94,0.86,1
2026-09-27T00:16:43,65,96,0.90,1
2026-09-27T00:16:44,62,95,0.90,1
2026-09-27T00:16:45,61,95,0.87,1
2026-09-27T00:16:46,62,97,0.92,1
2026-09-27T00:16:47,66,95,0.92,1
2026-09-27T00:16:48,63,95,0.92,1
2026-09-27T00:16:49,61,97,0.93,1
2026-09-27T00:16:50,64,97,0.91,1
2026-09-27T00:16:51,65,97,0.93,1
2026-09-27T00:16:52,65,95,0.87,1
2026-09-27T00:16:53,61,96,0.87,1
2026-09-27T00:16:54,61,97,0.87,1
2026-09-27T00:16:55,62,96,0.85,1
2026-09-27T00:16:56,62,95,0.90,1
2026-09-27T00:16:57,61,94,0.93,1
2026-09-27T00:16:58,66,97,0.94,1
2026-09-27T00:16:59,64,97,0.86,1
2026-09-27T00:17:00,62,94,0.91,1
2026-09-27T00:17:01,63,94,0.92,1
2026-09-27T00:17:02,63,95,0.87,1
2026-09-27T00:17:03,66,94,0.87,1
2026-09-27T00:17:04,65,97,0.93,1
2026-09-27T00:17:05,62,96,0.86,1
2026-09-27T00:17:06,61,95,0.86,1
2026-09-27T00:17:07,66,97,0.90,1
2026-09-27T00:17:08,66,97,0.88,1
2026-09-27T00:17:09,66,94,0.89,1
2026-09-27T00:17:10,62,94,0.89,1
2026-09-27T00:17:11,60,96,0.92,1
2026-09-27T00:17:12,65,97,0.87,1
2026-09-27T00:17:13,65,95,0.94,1
2026-09-27T00:17:14,60,96,0.86,1
2026-09-27T00:17:15,66,95,0.90,1
2026-09-27T00:17:16,66,97,0.94,1
2026-09-27T00:17:17,66,94,0.94,1
2026-09-27T00:17:18,64,94,0.87,1
2026-09-27T00:17:19,60,95,0.86,1
2026-09-27T00:17:20,62,97,0.92,1
2026-09-27T00:17:21,61,94,0.88,1
2026-09-27T00:17:22,64,94,0.87,1
2026-09-27T00:17:23,62,96,0.95,1
2026-09-27T00:17:24,60,97,0.93,1
2026-09-27T00:17:25,64,97,0.88,1
2026-09-27T00:17:26,65,97,0.95,1
2026-09-27T00:17:27,62,97,0.91,1
2026-09-27T00:17:28,65,97,0.95,1
2026-09-27T00:17:29,62,97,0.95,1
2026-09-27T00:17:30,65,97,0.89,1
2026-09-27T00:17:31,63,96,0.89,1
2026-09-27T00:17:32,62,97,0.87,1
2026-09-27T00:17:33,60,95,0.90,1
2026-09-27T00:17:34,62,97,0.88,1
2026-09-27T00:17:35,64,97,0.94,1
2026-09-27T00:17:36,60,96,0.90,1
2026-09-27T00:17:37,66,94,0.85,1
2026-09-27T00:17:38,64,94,0.95,1
2026-09-27T00:17:39,65,95,0.92,1
2026-09-27T00:17:40,62,97,0.85,1
2026-09-27T00:17:41,60,97,0.95,1
2026-09-27T00:17:42,65,97,0.87,1
2026-09-27T00:17:43,66,97,0.92,1
2026-09-27T00:17:44,61,97,0.90,1
2026-09-27T00:17:45,61,97,0.92,1
2026-09-27T00:17:46,60,96,0.93,1
2026-09-27T00:17:47,63,97,0.87,1
2026-09-27T00:17:48,60,95,0.87,1
2026-09-27T00:17:49,63,94,0.92,1
2026-09-27T00:17:50,64,95,0.87,1
2026-09-27T00:17:51,65,95,0.93,1
2026-09-27T00:17:52,66,96,0.88,1
2026-09-27T00:17:53,62,97,0.93,1
2026-09-27T00:17:54,60,95,0.89,1
2026-09-27T00:17:55,66,94,0.89,1
2026-09-27T00:17:56,63,97,0.86,1
2026-09-27T00:17:57,66,96,0.89,1
2026-09-27T00:17:58,60,97,0.93,1
2026-09-27T00:17:59,65,97,0.88,1
2026-09-27T00:18:00,63,97,0.85,1
2026-09-27T00:18:01,65,95,0.86,1
2026-09-27T00:18:02,63,94,0.92,1
2026-09-27T00:18:03,64,94,0.94,1
2026-09-27T00:18:04,65,96,0.88,1
2026-09-27T00:18:05,61,94,0.91,1
2026-09-27T00:18:06,66,96,0.90,1
2026-09-27T00:18:07,62,96,0.89,1
2026-09-27T00:18:08,61,94,0.94,1
2026-09-27T00:18:09,61,97,0.90,1
2026-09-27T00:18:10,61,95,0.95,1
2026-09-27T00:18:11,61,96,0.86,1
2026-09-27T00:18:12,65,95,0.90,1
2026-09-27T00:18:13,64,97,0.94,1
2026-09-27T00:18:14,60,96,0.90,1
2026-09-27T00:18:15,66,94,0.93,1
2026-09-27T00:18:16,61,96,0.91,1
2026-09-27T00:18:17,62,94,0.87,1
2026-09-27T00:18:18,61,97,0.86,1
2026-09-27T00:18:19,64,97,0.90,1
2026-09-27T00:18:20,65,95,0.88,1
2026-09-27T00:18:21,60,96,0.90,1
2026-09-27T00:18:22,60,95,0.89,1
2026-09-27T00:18:23,62,96,0.87,1
2026-09-27T00:18:24,63,95,0.92,1
2026-09-27T00:18:25,62,97,0.93,1
2026-09-27T00:18:26,61,94,0.89,1
2026-09-27T00:18:27,60,97,0.87,1
2026-09-27T00:18:28,60,94,0.91,1
2026-09-27T00:18:29,65,94,0.86,1
2026-09-27T00:18:30,60,96,0.93,1
2026-09-27T00:18:31,66,95,0.91,1
2026-09-27T00:18:32,60,94,0.87,1
2026-09-27T00:18:33,60,95,0.91,1
2026-09-27T00:18:34,66,96,0.92,1
2026-09-27T00:18:35,63,97,0.85,1
2026-09-27T00:18:36,61,97,0.85,1
2026-09-27T00:18:37,65,97,0.87,1
2026-09-27T00:18:38,66,97,0.93,1
2026-09-27T00:18:39,61,95,0.95,1
2026-09-27T00:18:40,64,95,0.89,1
2026-09-27T00:18:41,63,97,0.89,1
2026-09-27T00:18:42,60,97,0.86,1
2026-09-27T00:18:43,63,96,0.87,1
2026-09-27T00:18:44,60,96,0.94,1
2026-09-27T00:18:45,62,95,0.89,1
2026-09-27T00:18:46,63,95,0.88,1
2026-09-27T00:18:47,64,94,0.95,1
2026-09-27T00:18:48,63,95,0.88,1
2026-09-27T00:18:49,63,94,0.92,1
2026-09-27T00:18:50,62,97,0.88,1
2026-09-27T00:18:51,60,96,0.94,1
2026-09-27T00:18:52,63,94,0.93,1
2026-09-27T00:18:53,66,94,0.91,1
2026-09-27T00:18:54,65,97,0.86,1
2026-09-27T00:18:55,62,95,0.88,1
2026-09-27T00:18:56,63,97,0.89,1
2026-09-27T00:18:57,62,97,0.90,1
2026-09-27T00:18:58,65,97,0.89,1
2026-09-27T00:18:59,61,95,0.87,1
2026-09-27T00:19:00,62,95,0.87,1
2026-09-27T00:19:01,65,97,0.89,1
2026-09-27T00:19:02,63,94,0.88,1
2026-09-27T00:19:03,61,95,0.87,1
2026-09-27T00:19:04,60,94,0.91,1
2026-09-27T00:19:05,64,97,0.91,1
2026-09-27T00:19:06,63,95,0.89,1
2026-09-27T00:19:07,64,96,0.93,1
2026-09-27T00:19:08,65,96,0.88,1
2026-09-27T00:19:09,61,97,0.95,1
2026-09-27T00:19:10,61,96,0.85,1
2026-09-27T00:19:11,66,96,0.87,1
2026-09-27T00:19:12,61,95,0.86,1
2026-09-27T00:19:13,62,95,0.91,1
2026-09-27T00:19:14,60,95,0.90,1
2026-09-27T00:19:15,62,94,0.87,1
2026-09-27T00:19:16,62,94,0.87,1
2026-09-27T00:19:17,66,96,0.92,1
2026-09-27T00:19:18,65,96,0.95,1
2026-09-27T00:19:19,61,97,0.90,1
2026-09-27T00:19:20,63,97,0.89,1
2026-09-27T00:19:21,66,96,0.87,1
2026-09-27T00:19:22,62,97,0.86,1
2026-09-27T00:19:23,62,96,0.86,1
2026-09-27T00:19:24,61,94,0.88,1
2026-09-27T00:19:25,61,96,0.91,1
2026-09-27T00:19:26,60,94,0.86,1
2026-09-27T00:19:27,66,95,0.86,1
2026-09-27T00:19:28,66,96,0.87,1
2026-09-27T00:19:29,64,95,0.87,1
2026-09-27T00:19:30,61,94,0.86,1
2026-09-27T00:19:31,64,94,0.93,1
2026-09-27T00:19:32,60,95,0.89,1
2026-09-27T00:19:33,60,94,0.93,1
2026-09-27T00:19:34,61,94,0.91,1
2026-09-27T00:19:35,61,95,0.95,1
2026-09-27T00:19:36,64,94,0.89,1
2026-09-27T00:19:37,62,94,0.91,1
2026-09-27T00:19:38,62,96,0.92,1
2026-09-27T00:19:39,60,94,0.95,1
2026-09-27T00:19:40,62,96,0.94,1
2026-09-27T00:19:41,62,95,0.87,1
2026-09-27T00:19:42,64,94,0.89,1
2026-09-27T00:19:43,63,97,0.89,1
2026-09-27T00:19:44,66,96,0.93,1
2026-09-27T00:19:45,61,97,0.91,1
2026-09-27T00:19:46,60,95,0.93,1
2026-09-27T00:19:47,60,94,0.95,1
2026-09-27T00:19:48,65,94,0.93,1
2026-09-27T00:19:49,60,96,0.87,1
2026-09-27T00:19:50,65,97,0.90,1
2026-09-27T00:19:51,66,96,0.92,1
2026-09-27T00:19:52,61,97,0.94,1
2026-09-27T00:19:53,65,97,0.93,1
2026-09-27T00:19:54,61,96,0.93,1
2026-09-27T00:19:55,63,96,0.94,1
2026-09-27T00:19:56,60,94,0.92,1
2026-09-27T00:19:57,65,97,0.91,1
2026-09-27T00:19:58,66,94,0.90,1
2026-09-27T00:19:59,62,95,0.92,1
2026-09-27T00:20:00,61,96,0.92,1
2026-09-27T00:20:01,66,95,0.89,1
2026-09-27T00:20:02,61,94,0.90,1
2026-09-27T00:20:03,65,94,0.95,1
2026-09-27T00:20:04,65,94,0.90,1
2026-09-27T00:20:05,60,94,0.95,1
2026-09-27T00:20:06,61,95,0.93,1
2026-09-27T00:20:07,66,94,0.89,1
2026-09-27T00:20:08,60,96,0.86,1
2026-09-27T00:20:09,63,97,0.93,1
2026-09-27T00:20:10,64,94,0.93,1
2026-09-27T00:20:11,63,96,0.94,1
2026-09-27T00:20:12,62,96,0.88,1
2026-09-27T00:20:13,64,96,0.87,1
2026-09-27T00:20:14,63,96,0.88,1
2026-09-27T00:20:15,63,96,0.94,1
2026-09-27T00:20:16,64,96,0.92,1
2026-09-27T00:20:17,61,95,0.85,1
2026-09-27T00:20:18,62,95,0.89,1
2026-09-27T00:20:19,63,95,0.88,1
2026-09-27T00:20:20,65,94,0.95,1
2026-09-27T00:20:21,65,96,0.91,1
2026-09-27T00:20:22,63,96,0.90,1
2026-09-27T00:20:23,66,95,0.86,1
2026-09-27T00:20:24,63,95,0.92,1
2026-09-27T00:20:25,66,96,0.87,1
2026-09-27T00:20:26,61,96,0.86,1
2026-09-27T00:20:27,65,94,0.90,1
2026-09-27T00:20:28,63,96,0.92,1
2026-09-27T00:20:29,65,94,0.94,1
2026-09-27T00:20:30,62,97,0.89,1
2026-09-27T00:20:31,60,94,0.94,1
2026-09-27T00:20:32,66,95,0.88,1
2026-09-27T00:20:33,65,97,0.91,1
2026-09-27T00:20:34,61,94,0.86,1
2026-09-27T00:20:35,62,96,0.94,1
2026-09-27T00:20:36,62,94,0.89,1
2026-09-27T00:20:37,62,97,0.91,1
2026-09-27T00:20:38,63,95,0.87,1
2026-09-27T00:20:39,65,95,0.89,1
2026-09-27T00:20:40,66,95,0.89,1
2026-09-27T00:20:41,61,95,0.92,1
2026-09-27T00:20:42,64,96,0.91,1
2026-09-27T00:20:43,60,94,0.86,1
2026-09-27T00:20:44,61,97,0.88,1
2026-09-27T00:20:45,62,97,0.91,1
2026-09-27T00:20:46,61,94,0.95,1
2026-09-27T00:20:47,61,94,0.92,1
2026-09-27T00:20:48,63,94,0.88,1
2026-09-27T00:20:49,62,97,0.89,1
2026-09-27T00:20:50,65,96,0.89,1
2026-09-27T00:20:51,62,96,0.92,1
2026-09-27T00:20:52,61,95,0.91,1
2026-09-27T00:20:53,61,95,0.92,1
2026-09-27T00:20:54,65,95,0.86,1
2026-09-27T00:20:55,65,94,0.90,1
2026-09-27T00:20:56,61,94,0.90,1
2026-09-27T00:20:57,65,96,0.86,1
2026-09-27T00:20:58,60,96,0.89,1
2026-09-27T00:20:59,65,97,0.87,1
2026-09-27T00:21:00,65,94,0.95,1
2026-09-27T00:21:01,60,94,0.90,1
2026-09-27T00:21:02,63,95,0.92,1
2026-09-27T00:21:03,65,96,0.90,1
2026-09-27T00:21:04,63,95,0.87,1
2026-09-27T00:21:05,60,95,0.89,1
2026-09-27T00:21:06,65,95,0.86,1
2026-09-27T00:21:07,62,96,0.94,1
2026-09-27T00:21:08,63,97,0.89,1
2026-09-27T00:21:09,63,97,0.86,1
2026-09-27T00:21:10,64,96,0.93,1
2026-09-27T00:21:11,65,95,0.90,1
2026-09-27T00:21:12,65,95,0.88,1
2026-09-27T00:21:13,61,96,0.92,1
2026-09-27T00:21:14,63,97,0.86,1
2026-09-27T00:21:15,62,97,0.92,1
2026-09-27T00:21:16,61,94,0.95,1
2026-09-27T00:21:17,65,95,0.92,1
2026-09-27T00:21:18,65,95,0.91,1
2026-09-27T00:21:19,62,94,0.95,1
2026-09-27T00:21:20,63,95,0.87,1
2026-09-27T00:21:21,62,95,0.92,1
2026-09-27T00:21:22,64,96,0.92,1
2026-09-27T00:21:23,64,95,0.87,1
2026-09-27T00:21:24,65,95,0.92,1
2026-09-27T00:21:25,60,95,0.86,1
2026-09-27T00:21:26,63,95,0.90,1
2026-09-27T00:21:27,60,95,0.91,1
2026-09-27T00:21:28,60,94,0.86,1
2026-09-27T00:21:29,64,95,0.86,1
2026-09-27T00:21:30,65,95,0.95,1
2026-09-27T00:21:31,60,97,0.89,1
2026-09-27T00:21:32,62,95,0.90,1
2026-09-27T00:21:33,64,97,0.91,1
2026-09-27T00:21:34,62,96,0.85,1
2026-09-27T00:21:35,63,96,0.91,1
2026-09-27T00:21:36,63,96,0.92,1
2026-09-27T00:21:37,60,95,0.88,1
2026-09-27T00:21:38,61,94,0.90,1
2026-09-27T00:21:39,61,94,0.90,1
2026-09-27T00:21:40,64,96,0.87,1
2026-09-27T00:21:41,60,97,0.91,1
2026-09-27T00:21:42,61,95,0.90,1
2026-09-27T00:21:43,66,95,0.91,1
2026-09-27T00:21:44,66,96,0.95,1
2026-09-27T00:21:45,63,95,0.89,1
2026-09-27T00:21:46,62,96,0.95,1
2026-09-27T00:21:47,66,97,0.90,1
2026-09-27T00:21:48,62,94,0.94,1
2026-09-27T00:21:49,61,94,0.89,1
2026-09-27T00:21:50,62,94,0.89,1
2026-09-27T00:21:51,61,95,0.85,1
2026-09-27T00:21:52,65,96,0.90,1
2026-09-27T00:21:53,63,96,0.86,1
2026-09-27T00:21:54,62,97,0.90,1
2026-09-27T00:21:55,63,97,0.87,1
2026-09-27T00:21:56,65,94,0.93,1
2026-09-27T00:21:57,66,96,0.87,1
2026-09-27T00:21:58,64,97,0.88,1
2026-09-27T00:21:59,63,96,0.88,1
2026-09-27T00:22:00,61,94,0.92,1
2026-09-27T00:22:01,64,97,0.88,1
2026-09-27T00:22:02,60,97,0.85,1
2026-09-27T00:22:03,60,96,0.93,1
2026-09-27T00:22:04,64,97,0.94,1
2026-09-27T00:22:05,64,96,0.91,1
2026-09-27T00:22:06,64,95,0.88,1
2026-09-27T00:22:07,66,97,0.91,1
2026-09-27T00:22:08,62,96,0.87,1
2026-09-27T00:22:09,62,97,0.95,1
2026-09-27T00:22:10,61,96,0.95,1
2026-09-27T00:22:11,65,95,0.92,1
2026-09-27T00:22:12,64,96,0.87,1
2026-09-27T00:22:13,62,94,0.94,1
2026-09-27T00:22:14,61,97,0.90,1
2026-09-27T00:22:15,64,95,0.95,1
2026-09-27T00:22:16,64,95,0.87,1
2026-09-27T00:22:17,65,95,0.87,1
2026-09-27T00:22:18,66,97,0.85,1
2026-09-27T00:22:19,64,95,0.95,1
2026-09-27T00:22:20,60,95,0.94,1
2026-09-27T00:22:21,60,97,0.87,1
2026-09-27T00:22:22,60,94,0.92,1
2026-09-27T00:22:23,61,96,0.93,1
2026-09-27T00:22:24,66,97,0.87,1
2026-09-27T00:22:25,66,97,0.92,1
2026-09-27T00:22:26,60,96,0.86,1
2026-09-27T00:22:27,62,97,0.87,1
2026-09-27T00:22:28,60,96,0.88,1
2026-09-27T00:22:29,64,95,0.88,1
2026-09-27T00:22:30,60,97,0.92,1
2026-09-27T00:22:31,64,94,0.87,1
2026-09-27T00:22:32,64,94,0.89,1
2026-09-27T00:22:33,66,95,0.89,1
2026-09-27T00:22:34,63,96,0.90,1
2026-09-27T00:22:35,63,97,0.85,1
2026-09-27T00:22:36,61,96,0.86,1
2026-09-27T00:22:37,63,96,0.91,1
2026-09-27T00:22:38,63,94,0.85,1
2026-09-27T00:22:39,61,97,0.86,1
2026-09-27T00:22:40,60,96,0.92,1
2026-09-27T00:22:41,62,94,0.93,1
2026-09-27T00:22:42,66,95,0.86,1
2026-09-27T00:22:43,64,95,0.89,1
2026-09-27T00:22:44,62,96,0.88,1
2026-09-27T00:22:45,64,94,0.91,1
2026-09-27T00:22:46,62,97,0.88,1
2026-09-27T00:22:47,66,97,0.86,1
2026-09-27T00:22:48,65,96,0.93,1
2026-09-27T00:22:49,64,96,0.88,1
2026-09-27T00:22:50,61,97,0.88,1
2026-09-27T00:22:51,65,95,0.93,1
2026-09-27T00:22:52,66,94,0.88,1
2026-09-27T00:22:53,62,96,0.89,1
2026-09-27T00:22:54,64,96,0.89,1
2026-09-27T00:22:55,64,97,0.94,1
2026-09-27T00:22:56,62,97,0.86,1
2026-09-27T00:22:57,62,94,0.86,1
2026-09-27T00:22:58,63,95,0.95,1
2026-09-27T00:22:59,65,96,0.90,1
2026-09-27T00:23:00,66,96,0.91,1
2026-09-27T00:23:01,62,96,0.92,1
2026-09-27T00:23:02,64,94,0.95,1
2026-09-27T00:23:03,60,94,0.94,1
2026-09-27T00:23:04,64,97,0.86,1
2026-09-27T00:23:05,63,96,0.87,1
2026-09-27T00:23:06,63,97,0.88,1
2026-09-27T00:23:07,61,97,0.94,1
2026-09-27T00:23:08,63,94,0.95,1
2026-09-27T00:23:09,65,96,0.90,1
2026-09-27T00:23:10,61,96,0.89,1
2026-09-27T00:23:11,63,97,0.90,1
2026-09-27T00:23:12,62,95,0.90,1
2026-09-27T00:23:13,66,96,0.91,1
2026-09-27T00:23:14,65,94,0.87,1
2026-09-27T00:23:15,60,96,0.89,1
2026-09-27T00:23:16,65,94,0.94,1
2026-09-27T00:23:17,61,94,0.91,1
2026-09-27T00:23:18,61,95,0.89,1
2026-09-27T00:23:19,61,95,0.88,1
2026-09-27T00:23:20,61,94,0.87,1
2026-09-27T00:23:21,66,96,0.87,1
2026-09-27T00:23:22,66,95,0.88,1
2026-09-27T00:23:23,65,97,0.94,1
2026-09-27T00:23:24,62,95,0.90,1
2026-09-27T00:23:25,61,97,0.85,1
2026-09-27T00:23:26,62,94,0.86,1
2026-09-27T00:23:27,62,97,0.89,1
2026-09-27T00:23:28,66,95,0.89,1
2026-09-27T00:23:29,60,96,0.93,1
2026-09-27T00:23:30,60,95,0.91,1
2026-09-27T00:23:31,64,95,0.95,1
2026-09-27T00:23:32,62,96,0.85,1
2026-09-27T00:23:33,64,97,0.90,1
2026-09-27T00:23:34,65,96,0.91,1
2026-09-27T00:23:35,66,96,0.91,1
2026-09-27T00:23:36,66,97,0.91,1
2026-09-27T00:23:37,60,94,0.95,1
2026-09-27T00:23:38,65,94,0.92,1
2026-09-27T00:23:39,66,94,0.86,1
2026-09-27T00:23:40,61,96,0.93,1
2026-09-27T00:23:41,66,96,0.85,1
2026-09-27T00:23:42,66,96,0.85,1
2026-09-27T00:23:43,60,94,0.93,1
2026-09-27T00:23:44,64,94,0.87,1
2026-09-27T00:23:45,66,96,0.95,1
2026-09-27T00:23:46,62,95,0.85,1
2026-09-27T00:23:47,64,94,0.93,1
2026-09-27T00:23:48,65,96,0.95,1
2026-09-27T00:23:49,63,97,0.87,1
2026-09-27T00:23:50,65,95,0.90,1
2026-09-27T00:23:51,63,96,0.88,1
2026-09-27T00:23:52,63,96,0.86,1
2026-09-27T00:23:53,63,96,0.88,1
2026-09-27T00:23:54,65,95,0.90,1
2026-09-27T00:23:55,65,94,0.86,1
2026-09-27T00:23:56,64,94,0.91,1
2026-09-27T00:23:57,62,97,0.89,1
2026-09-27T00:23:58,61,94,0.92,1
2026-09-27T00:23:59,62,95,0.86,1
2026-09-27T00:24:00,60,96,0.93,1
2026-09-27T00:24:01,62,97,0.85,1
2026-09-27T00:24:02,60,96,0.89,1
2026-09-27T00:24:03,66,95,0.85,1
2026-09-27T00:24:04,62,97,0.87,1
2026-09-27T00:24:05,62,94,0.88,1
2026-09-27T00:24:06,63,94,0.93,1
2026-09-27T00:24:07,64,94,0.87,1
2026-09-27T00:24:08,61,97,0.89,1
2026-09-27T00:24:09,63,95,0.92,1
2026-09-27T00:24:10,61,96,0.88,1
2026-09-27T00:24:11,64,95,0.88,1
2026-09-27T00:24:12,66,97,0.88,1
2026-09-27T00:24:13,61,96,0.89,1
2026-09-27T00:24:14,63,94,0.86,1
2026-09-27T00:24:15,62,97,0.91,1
2026-09-27T00:24:16,66,97,0.87,1
2026-09-27T00:24:17,64,95,0.91,1
2026-09-27T00:24:18,60,97,0.86,1
2026-09-27T00:24:19,66,97,0.95,1
2026-09-27T00:24:20,63,94,0.85,1
2026-09-27T00:24:21,63,96,0.86,1
2026-09-27T00:24:22,63,96,0.90,1
2026-09-27T00:24:23,61,95,0.87,1
2026-09-27T00:24:24,65,95,0.86,1
2026-09-27T00:24:25,66,96,0.89,1
2026-09-27T00:24:26,64,94,0.89,1
2026-09-27T00:24:27,63,97,0.93,1
2026-09-27T00:24:28,63,97,0.93,1
2026-09-27T00:24:29,62,97,0.89,1
2026-09-27T00:24:30,65,95,0.94,1
2026-09-27T00:24:31,65,94,0.92,1
2026-09-27T00:24:32,64,94,0.94,1
2026-09-27T00:24:33,64,96,0.93,1
2026-09-27T00:24:34,60,97,0.94,1
2026-09-27T00:24:35,62,94,0.87,1
2026-09-27T00:24:36,60,95,0.89,1
2026-09-27T00:24:37,65,95,0.91,1
2026-09-27T00:24:38,65,96,0.86,1
2026-09-27T00:24:39,64,95,0.90,1
2026-09-27T00:24:40,60,94,0.89,1
2026-09-27T00:24:41,61,97,0.89,1
2026-09-27T00:24:42,65,95,0.94,1
2026-09-27T00:24:43,66,96,0.91,1
2026-09-27T00:24:44,65,94,0.93,1
2026-09-27T00:24:45,65,96,0.86,1
2026-09-27T00:24:46,62,95,0.87,1
2026-09-27T00:24:47,60,96,0.94,1
2026-09-27T00:24:48,61,95,0.89,1
2026-09-27T00:24:49,65,94,0.86,1
2026-09-27T00:24:50,61,95,0.91,1
2026-09-27T00:24:51,61,96,0.92,1
2026-09-27T00:24:52,64,94,0.89,1
2026-09-27T00:24:53,63,95,0.88,1
2026-09-27T00:24:54,66,97,0.91,1
2026-09-27T00:24:55,65,97,0.94,1
2026-09-27T00:24:56,63,95,0.95,1
2026-09-27T00:24:57,64,95,0.91,1
2026-09-27T00:24:58,61,94,0.90,1
2026-09-27T00:24:59,66,94,0.89,1
2026-09-27T00:25:00,64,94,0.89,1
2026-09-27T00:25:01,65,95,0.90,1
2026-09-27T00:25:02,65,97,0.87,1
2026-09-27T00:25:03,64,95,0.89,1
2026-09-27T00:25:04,64,94,0.92,1
2026-09-27T00:25:05,66,95,0.88,1
2026-09-27T00:25:06,65,96,0.89,1
2026-09-27T00:25:07,63,97,0.91,1
2026-09-27T00:25:08,62,95,0.91,1
2026-09-27T00:25:09,62,94,0.85,1
2026-09-27T00:25:10,64,95,0.92,1
2026-09-27T00:25:11,62,96,0.93,1
2026-09-27T00:25:12,61,97,0.89,1
2026-09-27T00:25:13,64,97,0.87,1
2026-09-27T00:25:14,62,95,0.88,1
2026-09-27T00:25:15,62,94,0.94,1
2026-09-27T00:25:16,62,95,0.87,1
2026-09-27T00:25:17,62,95,0.87,1
2026-09-27T00:25:18,60,97,0.92,1
2026-09-27T00:25:19,61,97,0.93,1
2026-09-27T00:25:20,64,94,0.88,1
2026-09-27T00:25:21,64,94,0.86,1
2026-09-27T00:25:22,62,95,0.86,1
2026-09-27T00:25:23,64,94,0.90,1
2026-09-27T00:25:24,65,94,0.91,1
2026-09-27T00:25:25,61,94,0.87,1
2026-09-27T00:25:26,61,95,0.88,1
2026-09-27T00:25:27,65,97,0.87,1
2026-09-27T00:25:28,63,96,0.87,1
2026-09-27T00:25:29,62,95,0.89,1
2026-09-27T00:25:30,60,94,0.87,1
2026-09-27T00:25:31,63,96,0.90,1
2026-09-27T00:25:32,63,97,0.86,1
2026-09-27T00:25:33,64,96,0.90,1
2026-09-27T00:25:34,66,96,0.90,1
2026-09-27T00:25:35,64,97,0.89,1
2026-09-27T00:25:36,61,94,0.94,1
2026-09-27T00:25:37,61,95,0.89,1
2026-09-27T00:25:38,62,95,0.90,1
2026-09-27T00:25:39,66,97,0.95,1
2026-09-27T00:25:40,60,97,0.91,1
2026-09-27T00:25:41,61,94,0.92,1
2026-09-27T00:25:42,66,95,0.92,1
2026-09-27T00:25:43,61,95,0.94,1
2026-09-27T00:25:44,65,96,0.89,1
2026-09-27T00:25:45,65,96,0.90,1
2026-09-27T00:25:46,66,96,0.90,1
2026-09-27T00:25:47,63,97,0.93,1
2026-09-27T00:25:48,60,94,0.94,1
2026-09-27T00:25:49,65,94,0.88,1
2026-09-27T00:25:50,63,95,0.86,1
2026-09-27T00:25:51,66,95,0.90,1
2026-09-27T00:25:52,60,96,0.88,1
2026-09-27T00:25:53,61,94,0.92,1
2026-09-27T00:25:54,63,96,0.95,1
2026-09-27T00:25:55,65,95,0.94,1
2026-09-27T00:25:56,65,94,0.94,1
2026-09-27T00:25:57,66,95,0.86,1
2026-09-27T00:25:58,62,96,0.94,1
2026-09-27T00:25:59,66,96,0.86,1
2026-09-27T00:26:00,66,97,0.88,1
2026-09-27T00:26:01,60,94,0.92,1
2026-09-27T00:26:02,63,95,0.93,1
2026-09-27T00:26:03,62,97,0.89,1
2026-09-27T00:26:04,63,97,0.92,1
2026-09-27T00:26:05,64,94,0.89,1
2026-09-27T00:26:06,64,97,0.89,1
2026-09-27T00:26:07,62,97,0.91,1
2026-09-27T00:26:08,62,96,0.95,1
2026-09-27T00:26:09,63,96,0.88,1
2026-09-27T00:26:10,64,96,0.87,1
2026-09-27T00:26:11,65,94,0.89,1
2026-09-27T00:26:12,66,94,0.94,1
2026-09-27T00:26:13,65,95,0.90,1
2026-09-27T00:26:14,60,97,0.89,1
2026-09-27T00:26:15,60,94,0.88,1
2026-09-27T00:26:16,60,95,0.89,1
2026-09-27T00:26:17,65,96,0.85,1
2026-09-27T00:26:18,60,96,0.94,1
2026-09-27T00:26:19,66,96,0.92,1
2026-09-27T00:26:20,62,96,0.90,1
2026-09-27T00:26:21,62,97,0.93,1
2026-09-27T00:26:22,62,95,0.86,1
2026-09-27T00:26:23,60,97,0.89,1
2026-09-27T00:26:24,65,96,0.93,1
2026-09-27T00:26:25,60,96,0.91,1
2026-09-27T00:26:26,65,97,0.87,1
2026-09-27T00:26:27,60,94,0.91,1
2026-09-27T00:26:28,61,96,0.86,1
2026-09-27T00:26:29,61,94,0.89,1
2026-09-27T00:26:30,66,95,0.89,1
2026-09-27T00:26:31,64,97,0.88,1
2026-09-27T00:26:32,65,97,0.92,1
2026-09-27T00:26:33,64,97,0.88,1
2026-09-27T00:26:34,61,95,0.92,1
2026-09-27T00:26:35,65,94,0.95,1
2026-09-27T00:26:36,62,94,0.90,1
2026-09-27T00:26:37,60,97,0.90,1
2026-09-27T00:26:38,65,94,0.95,1
2026-09-27T00:26:39,65,96,0.91,1
2026-09-27T00:26:40,63,95,0.95,1
2026-09-27T00:26:41,66,95,0.94,1
2026-09-27T00:26:42,66,94,0.93,1
2026-09-27T00:26:43,65,95,0.95,1
2026-09-27T00:26:44,65,96,0.90,1
2026-09-27T00:26:45,62,97,0.93,1
2026-09-27T00:26:46,66,97,0.88,1
2026-09-27T00:26:47,62,94,0.93,1
2026-09-27T00:26:48,62,95,0.90,1
2026-09-27T00:26:49,63,95,0.87,1
2026-09-27T00:26:50,64,95,0.91,1
2026-09-27T00:26:51,66,94,0.87,1
2026-09-27T00:26:52,62,96,0.90,1
2026-09-27T00:26:53,66,94,0.85,1
2026-09-27T00:26:54,66,95,0.90,1
2026-09-27T00:26:55,60,94,0.88,1
2026-09-27T00:26:56,66,94,0.88,1
2026-09-27T00:26:57,64,97,0.89,1
2026-09-27T00:26:58,61,94,0.93,1
2026-09-27T00:26:59,61,94,0.86,1
2026-09-27T00:27:00,66,96,0.85,1
2026-09-27T00:27:01,61,95,0.89,1
2026-09-27T00:27:02,63,94,0.86,1
2026-09-27T00:27:03,60,95,0.85,1
2026-09-27T00:27:04,63,96,0.86,1
2026-09-27T00:27:05,66,96,0.94,1
2026-09-27T00:27:06,60,94,0.86,1
2026-09-27T00:27:07,62,95,0.89,1
2026-09-27T00:27:08,63,96,0.92,1
2026-09-27T00:27:09,62,97,0.92,1
2026-09-27T00:27:10,66,97,0.90,1
2026-09-27T00:27:11,61,95,0.87,1
2026-09-27T00:27:12,61,94,0.94,1
2026-09-27T00:27:13,62,95,0.95,1
2026-09-27T00:27:14,61,97,0.87,1
2026-09-27T00:27:15,62,95,0.86,1
2026-09-27T00:27:16,62,97,0.93,1
2026-09-27T00:27:17,64,94,0.86,1
2026-09-27T00:27:18,62,95,0.95,1
2026-09-27T00:27:19,64,97,0.91,1
2026-09-27T00:27:20,60,94,0.86,1
2026-09-27T00:27:21,63,97,0.93,1
2026-09-27T00:27:22,65,96,0.92,1
2026-09-27T00:27:23,63,97,0.87,1
2026-09-27T00:27:24,64,95,0.90,1
2026-09-27T00:27:25,64,96,0.87,1
2026-09-27T00:27:26,61,94,0.90,1
2026-09-27T00:27:27,62,96,0.92,1
2026-09-27T00:27:28,60,96,0.93,1
2026-09-27T00:27:29,65,97,0.86,1
2026-09-27T00:27:30,64,94,0.91,1
2026-09-27T00:27:31,60,97,0.93,1
2026-09-27T00:27:32,62,96,0.87,1
2026-09-27T00:27:33,63,95,0.91,1
2026-09-27T00:27:34,62,94,0.94,1
2026-09-27T00:27:35,60,97,0.89,1
2026-09-27T00:27:36,66,94,0.89,1
2026-09-27T00:27:37,60,97,0.87,1
2026-09-27T00:27:38,66,95,0.91,1
2026-09-27T00:27:39,62,96,0.86,1
2026-09-27T00:27:40,60,94,0.91,1
2026-09-27T00:27:41,64,95,0.94,1
2026-09-27T00:27:42,65,97,0.86,1
2026-09-27T00:27:43,63,95,0.91,1
2026-09-27T00:27:44,66,94,0.88,1
2026-09-27T00:27:45,63,97,0.88,1
2026-09-27T00:27:46,61,94,0.88,1
2026-09-27T00:27:47,64,96,0.93,1
2026-09-27T00:27:48,61,94,0.89,1
2026-09-27T00:27:49,61,97,0.85,1
2026-09-27T00:27:50,64,96,0.92,1
2026-09-27T00:27:51,63,96,0.90,1
2026-09-27T00:27:52,63,97,0.93,1
2026-09-27T00:27:53,61,96,0.86,1
2026-09-27T00:27:54,64,95,0.88,1
2026-09-27T00:27:55,62,94,0.88,1
2026-09-27T00:27:56,64,94,0.87,1
2026-09-27T00:27:57,65,97,0.94,1
2026-09-27T00:27:58,60,96,0.88,1
2026-09-27T00:27:59,64,94,0.91,1
2026-09-27T00:28:00,64,96,0.90,1
2026-09-27T00:28:01,62,96,0.89,1
2026-09-27T00:28:02,61,96,0.91,1
2026-09-27T00:28:03,61,95,0.85,1
2026-09-27T00:28:04,62,96,0.86,1
2026-09-27T00:28:05,60,96,0.88,1
2026-09-27T00:28:06,60,94,0.93,1
2026-09-27T00:28:07,63,95,0.92,1
2026-09-27T00:28:08,63,96,0.86,1
2026-09-27T00:28:09,65,96,0.94,1
2026-09-27T00:28:10,65,94,0.87,1
2026-09-27T00:28:11,62,97,0.93,1
2026-09-27T00:28:12,64,94,0.95,1
2026-09-27T00:28:13,66,95,0.92,1
2026-09-27T00:28:14,66,97,0.87,1
2026-09-27T00:28:15,62,94,0.91,1
2026-09-27T00:28:16,61,97,0.86,1
2026-09-27T00:28:17,62,97,0.94,1
2026-09-27T00:28:18,61,95,0.86,1
2026-09-27T00:28:19,63,94,0.86,1
2026-09-27T00:28:20,63,97,0.86,1
2026-09-27T00:28:21,62,95,0.86,1
2026-09-27T00:28:22,61,96,0.94,1
2026-09-27T00:28:23,60,94,0.94,1
2026-09-27T00:28:24,66,97,0.90,1
2026-09-27T00:28:25,61,95,0.94,1
2026-09-27T00:28:26,60,96,0.89,1
2026-09-27T00:28:27,66,96,0.93,1
2026-09-27T00:28:28,61,94,0.93,1
2026-09-27T00:28:29,60,94,0.95,1
2026-09-27T00:28:30,61,97,0.91,1
2026-09-27T00:28:31,64,95,0.91,1
2026-09-27T00:28:32,65,94,0.89,1
2026-09-27T00:28:33,66,97,0.91,1
2026-09-27T00:28:34,65,94,0.91,1
2026-09-27T00:28:35,63,95,0.86,1
2026-09-27T00:28:36,66,94,0.89,1
2026-09-27T00:28:37,64,95,0.86,1
2026-09-27T00:28:38,63,95,0.92,1
2026-09-27T00:28:39,60,95,0.90,1
2026-09-27T00:28:40,63,97,0.85,1
2026-09-27T00:28:41,64,94,0.88,1
2026-09-27T00:28:42,65,94,0.90,1
2026-09-27T00:28:43,64,96,0.92,1
2026-09-27T00:28:44,65,94,0.88,1
2026-09-27T00:28:45,64,97,0.94,1
2026-09-27T00:28:46,64,94,0.95,1
2026-09-27T00:28:47,60,97,0.86,1
2026-09-27T00:28:48,60,96,0.95,1
2026-09-27T00:28:49,63,97,0.92,1
2026-09-27T00:28:50,61,95,0.93,1
2026-09-27T00:28:51,60,95,0.86,1
2026-09-27T00:28:52,63,95,0.94,1
2026-09-27T00:28:53,62,94,0.86,1
2026-09-27T00:28:54,66,94,0.95,1
2026-09-27T00:28:55,64,96,0.92,1
2026-09-27T00:28:56,60,96,0.90,1
2026-09-27T00:28:57,63,94,0.94,1
2026-09-27T00:28:58,66,94,0.85,1
2026-09-27T00:28:59,61,97,0.89,1
2026-09-27T00:29:00,60,95,0.91,1
2026-09-27T00:29:01,66,97,0.86,1
2026-09-27T00:29:02,65,97,0.86,1
2026-09-27T00:29:03,60,96,0.94,1
2026-09-27T00:29:04,61,96,0.93,1
2026-09-27T00:29:05,64,94,0.86,1
2026-09-27T00:29:06,62,97,0.93,1
2026-09-27T00:29:07,63,95,0.87,1
2026-09-27T00:29:08,63,97,0.89,1
2026-09-27T00:29:09,62,97,0.92,1
2026-09-27T00:29:10,61,95,0.95,1
2026-09-27T00:29:11,60,95,0.90,1
2026-09-27T00:29:12,66,94,0.92,1
2026-09-27T00:29:13,65,95,0.91,1
2026-09-27T00:29:14,60,94,0.87,1
2026-09-27T00:29:15,62,95,0.88,1
2026-09-27T00:29:16,65,94,0.88,1
2026-09-27T00:29:17,61,95,0.89,1
2026-09-27T00:29:18,63,96,0.90,1
2026-09-27T00:29:19,61,94,0.93,1
2026-09-27T00:29:20,62,94,0.95,1
2026-09-27T00:29:21,61,95,0.93,1
2026-09-27T00:29:22,62,96,0.85,1
2026-09-27T00:29:23,61,94,0.93,1
2026-09-27T00:29:24,64,94,0.90,1
2026-09-27T00:29:25,65,95,0.90,1
2026-09-27T00:29:26,66,95,0.87,1
2026-09-27T00:29:27,65,95,0.87,1
2026-09-27T00:29:28,60,94,0.92,1
2026-09-27T00:29:29,66,94,0.92,1
2026-09-27T00:29:30,61,94,0.90,1
2026-09-27T00:29:31,61,97,0.86,1
2026-09-27T00:29:32,66,94,0.91,1
2026-09-27T00:29:33,62,95,0.87,1
2026-09-27T00:29:34,63,95,0.89,1
2026-09-27T00:29:35,61,95,0.90,1
2026-09-27T00:29:36,63,96,0.88,1
2026-09-27T00:29:37,66,94,0.94,1
2026-09-27T00:29:38,64,94,0.86,1
2026-09-27T00:29:39,66,96,0.94,1
2026-09-27T00:29:40,60,95,0.93,1
2026-09-27T00:29:41,61,95,0.94,1
2026-09-27T00:29:42,65,95,0.90,1
2026-09-27T00:29:43,62,94,0.93,1
2026-09-27T00:29:44,63,94,0.86,1
2026-09-27T00:29:45,65,97,0.86,1
2026-09-27T00:29:46,61,96,0.90,1
2026-09-27T00:29:47,62,97,0.95,1
2026-09-27T00:29:48,63,95,0.91,1
2026-09-27T00:29:49,62,94,0.94,1
2026-09-27T00:29:50,63,97,0.90,1
2026-09-27T00:29:51,66,95,0.93,1
2026-09-27T00:29:52,66,96,0.86,1
2026-09-27T00:29:53,64,97,0.91,1
2026-09-27T00:29:54,61,95,0.86,1
2026-09-27T00:29:55,63,94,0.93,1
2026-09-27T00:29:56,64,95,0.92,1
2026-09-27T00:29:57,63,96,0.86,1
2026-09-27T00:29:58,62,94,0.92,1
2026-09-27T00:29:59,63,96,0.93,1
2026-09-27T00:30:00,65,94,0.90,1
2026-09-27T00:30:01,60,95,0.93,1
2026-09-27T00:30:02,60,97,0.93,1
2026-09-27T00:30:03,64,97,0.91,1
2026-09-27T00:30:04,64,96,0.86,1
2026-09-27T00:30:05,63,97,0.88,1
2026-09-27T00:30:06,63,97,0.91,1
2026-09-27T00:30:07,61,95,0.86,1
2026-09-27T00:30:08,66,97,0.92,1
2026-09-27T00:30:09,62,97,0.87,1
2026-09-27T00:30:10,61,95,0.90,1
2026-09-27T00:30:11,62,94,0.92,1
2026-09-27T00:30:12,66,95,0.87,1
2026-09-27T00:30:13,63,96,0.86,1
2026-09-27T00:30:14,65,96,0.88,1
2026-09-27T00:30:15,64,97,0.93,1
2026-09-27T00:30:16,65,94,0.95,1
2026-09-27T00:30:17,61,96,0.89,1
2026-09-27T00:30:18,64,95,0.87,1
2026-09-27T00:30:19,61,95,0.91,1
2026-09-27T00:30:20,62,94,0.86,1
2026-09-27T00:30:21,61,96,0.94,1
2026-09-27T00:30:22,66,94,0.95,1
2026-09-27T00:30:23,64,95,0.93,1
2026-09-27T00:30:24,60,94,0.88,1
2026-09-27T00:30:25,66,97,0.87,1
2026-09-27T00:30:26,64,96,0.89,1
2026-09-27T00:30:27,62,95,0.86,1
2026-09-27T00:30:28,63,97,0.91,1
2026-09-27T00:30:29,60,95,0.94,1
2026-09-27T00:30:30,60,96,0.90,1
2026-09-27T00:30:31,60,94,0.88,1
2026-09-27T00:30:32,60,96,0.88,1
2026-09-27T00:30:33,64,95,0.87,1
2026-09-27T00:30:34,63,97,0.94,1
2026-09-27T00:30:35,61,97,0.92,1
2026-09-27T00:30:36,61,95,0.90,1
2026-09-27T00:30:37,64,96,0.86,1
2026-09-27T00:30:38,64,95,0.94,1
2026-09-27T00:30:39,61,97,0.86,1
2026-09-27T00:30:40,63,97,0.87,1
2026-09-27T00:30:41,60,97,0.91,1
2026-09-27T00:30:42,61,95,0.90,1
2026-09-27T00:30:43,66,94,0.86,1
2026-09-27T00:30:44,62,96,0.92,1
2026-09-27T00:30:45,60,95,0.94,1
2026-09-27T00:30:46,64,96,0.91,1
2026-09-27T00:30:47,64,94,0.91,1
2026-09-27T00:30:48,64,96,0.90,1
2026-09-27T00:30:49,66,94,0.94,1
2026-09-27T00:30:50,64,94,0.88,1
2026-09-27T00:30:51,62,97,0.94,1
2026-09-27T00:30:52,62,97,0.92,1
2026-09-27T00:30:53,62,94,0.89,1
2026-09-27T00:30:54,61,96,0.92,1
2026-09-27T00:30:55,65,97,0.93,1
2026-09-27T00:30:56,64,94,0.87,1
2026-09-27T00:30:57,65,94,0.92,1
2026-09-27T00:30:58,64,97,0.95,1
2026-09-27T00:30:59,61,94,0.87,1
2026-09-27T00:31:00,62,96,0.86,1
2026-09-27T00:31:01,62,96,0.87,1
2026-09-27T00:31:02,63,96,0.88,1
2026-09-27T00:31:03,65,94,0.91,1
2026-09-27T00:31:04,66,96,0.86,1
2026-09-27T00:31:05,65,95,0.93,1
2026-09-27T00:31:06,66,95,0.86,1
2026-09-27T00:31:07,66,95,0.91,1
2026-09-27T00:31:08,65,94,0.90,1
2026-09-27T00:31:09,66,95,0.94,1
2026-09-27T00:31:10,62,96,0.90,1
2026-09-27T00:31:11,60,97,0.87,1
2026-09-27T00:31:12,66,95,0.86,1
2026-09-27T00:31:13,65,97,0.94,1
2026-09-27T00:31:14,64,94,0.93,1
2026-09-27T00:31:15,66,94,0.94,1
2026-09-27T00:31:16,60,94,0.91,1
2026-09-27T00:31:17,66,97,0.95,1
2026-09-27T00:31:18,64,94,0.85,1
2026-09-27T00:31:19,61,94,0.86,1
2026-09-27T00:31:20,61,94,0.87,1
2026-09-27T00:31:21,66,96,0.86,1
2026-09-27T00:31:22,65,97,0.87,1
2026-09-27T00:31:23,60,94,0.87,1
2026-09-27T00:31:24,64,97,0.86,1
2026-09-27T00:31:25,63,97,0.88,1
2026-09-27T00:31:26,60,95,0.87,1
2026-09-27T00:31:27,62,96,0.88,1
2026-09-27T00:31:28,60,97,0.94,1
2026-09-27T00:31:29,60,97,0.90,1
2026-09-27T00:31:30,60,94,0.88,1
2026-09-27T00:31:31,66,96,0.87,1
2026-09-27T00:31:32,60,95,0.85,1
2026-09-27T00:31:33,66,94,0.92,1
2026-09-27T00:31:34,61,97,0.91,1
2026-09-27T00:31:35,61,96,0.94,1
2026-09-27T00:31:36,66,97,0.94,1
2026-09-27T00:31:37,60,97,0.86,1
2026-09-27T00:31:38,66,96,0.95,1
2026-09-27T00:31:39,61,95,0.89,1
2026-09-27T00:31:40,63,94,0.93,1
2026-09-27T00:31:41,61,96,0.87,1
2026-09-27T00:31:42,62,95,0.87,1
2026-09-27T00:31:43,61,97,0.95,1
2026-09-27T00:31:44,63,95,0.87,1
2026-09-27T00:31:45,65,96,0.90,1
2026-09-27T00:31:46,60,97,0.89,1
2026-09-27T00:31:47,60,96,0.88,1
2026-09-27T00:31:48,64,97,0.92,1
2026-09-27T00:31:49,61,94,0.88,1
2026-09-27T00:31:50,64,94,0.94,1
2026-09-27T00:31:51,63,96,0.94,1
2026-09-27T00:31:52,60,94,0.93,1
2026-09-27T00:31:53,64,94,0.87,1
2026-09-27T00:31:54,63,97,0.92,1
2026-09-27T00:31:55,62,94,0.94,1
2026-09-27T00:31:56,61,95,0.87,1
2026-09-27T00:31:57,63,96,0.88,1
2026-09-27T00:31:58,64,94,0.94,1
2026-09-27T00:31:59,60,94,0.91,1
2026-09-27T00:32:00,61,96,0.92,1
2026-09-27T00:32:01,62,94,0.92,1
2026-09-27T00:32:02,62,97,0.94,1
2026-09-27T00:32:03,63,94,0.94,1
2026-09-27T00:32:04,60,94,0.88,1
2026-09-27T00:32:05,64,94,0.94,1
2026-09-27T00:32:06,60,94,0.89,1
2026-09-27T00:32:07,66,94,0.94,1
2026-09-27T00:32:08,62,95,0.88,1
2026-09-27T00:32:09,65,94,0.92,1
2026-09-27T00:32:10,62,97,0.91,1
2026-09-27T00:32:11,63,95,0.95,1
2026-09-27T00:32:12,64,97,0.93,1
2026-09-27T00:32:13,66,94,0.86,1
2026-09-27T00:32:14,63,95,0.89,1
2026-09-27T00:32:15,65,94,0.95,1
2026-09-27T00:32:16,65,97,0.94,1
2026-09-27T00:32:17,61,94,0.94,1
2026-09-27T00:32:18,66,96,0.89,1
2026-09-27T00:32:19,60,95,0.92,1
2026-09-27T00:32:20,65,97,0.89,1
2026-09-27T00:32:21,63,96,0.92,1
2026-09-27T00:32:22,66,96,0.94,1
2026-09-27T00:32:23,64,97,0.85,1
2026-09-27T00:32:24,66,94,0.93,1
2026-09-27T00:32:25,64,95,0.86,1
2026-09-27T00:32:26,63,97,0.92,1
2026-09-27T00:32:27,60,96,0.88,1
2026-09-27T00:32:28,65,97,0.86,1
2026-09-27T00:32:29,63,96,0.90,1
2026-09-27T00:32:30,60,97,0.93,1
2026-09-27T00:32:31,64,97,0.88,1
2026-09-27T00:32:32,62,94,0.89,1
2026-09-27T00:32:33,60,97,0.92,1
2026-09-27T00:32:34,62,97,0.91,1
2026-09-27T00:32:35,61,94,0.92,1
2026-09-27T00:32:36,63,96,0.89,1
2026-09-27T00:32:37,65,96,0.89,1
2026-09-27T00:32:38,61,97,0.89,1
2026-09-27T00:32:39,65,96,0.94,1
2026-09-27T00:32:40,63,97,0.93,1
2026-09-27T00:32:41,63,94,0.89,1
2026-09-27T00:32:42,63,96,0.94,1
2026-09-27T00:32:43,63,94,0.90,1
2026-09-27T00:32:44,63,95,0.86,1
2026-09-27T00:32:45,66,94,0.95,1
2026-09-27T00:32:46,63,95,0.87,1
2026-09-27T00:32:47,64,94,0.89,1
2026-09-27T00:32:48,65,95,0.92,1
2026-09-27T00:32:49,61,94,0.94,1
2026-09-27T00:32:50,63,94,0.91,1
2026-09-27T00:32:51,66,97,0.87,1
2026-09-27T00:32:52,63,94,0.87,1
2026-09-27T00:32:53,66,96,0.88,1
2026-09-27T00:32:54,62,97,0.86,1
2026-09-27T00:32:55,60,94,0.90,1
2026-09-27T00:32:56,65,94,0.90,1
2026-09-27T00:32:57,62,96,0.93,1
2026-09-27T00:32:58,62,97,0.93,1
2026-09-27T00:32:59,62,97,0.86,1
2026-09-27T00:33:00,61,95,0.87,1
2026-09-27T00:33:01,65,97,0.86,1
2026-09-27T00:33:02,62,94,0.86,1
2026-09-27T00:33:03,60,94,0.88,1
2026-09-27T00:33:04,62,94,0.92,1
2026-09-27T00:33:05,62,97,0.87,1
2026-09-27T00:33:06,66,95,0.91,1
2026-09-27T00:33:07,60,94,0.91,1
2026-09-27T00:33:08,61,97,0.89,1
2026-09-27T00:33:09,60,95,0.89,1
2026-09-27T00:33:10,61,95,0.92,1
2026-09-27T00:33:11,63,95,0.94,1
2026-09-27T00:33:12,62,97,0.93,1
2026-09-27T00:33:13,60,94,0.91,1
2026-09-27T00:33:14,63,95,0.88,1
2026-09-27T00:33:15,64,96,0.90,1
2026-09-27T00:33:16,62,95,0.94,1
2026-09-27T00:33:17,63,95,0.91,1
2026-09-27T00:33:18,65,97,0.93,1
2026-09-27T00:33:19,63,95,0.87,1
2026-09-27T00:33:20,62,97,0.88,1
2026-09-27T00:33:21,66,95,0.89,1
2026-09-27T00:33:22,63,97,0.95,1
2026-09-27T00:33:23,62,97,0.85,1
2026-09-27T00:33:24,66,94,0.85,1
2026-09-27T00:33:25,66,96,0.88,1
2026-09-27T00:33:26,65,94,0.94,1
2026-09-27T00:33:27,60,96,0.86,1
2026-09-27T00:33:28,65,97,0.88,1
2026-09-27T00:33:29,64,96,0.93,1
2026-09-27T00:33:30,64,95,0.88,1
2026-09-27T00:33:31,66,97,0.88,1
2026-09-27T00:33:32,61,94,0.90,1
2026-09-27T00:33:33,65,94,0.86,1
2026-09-27T00:33:34,60,97,0.86,1
2026-09-27T00:33:35,66,96,0.94,1
2026-09-27T00:33:36,64,96,0.94,1
2026-09-27T00:33:37,66,96,0.92,1
2026-09-27T00:33:38,64,96,0.89,1
2026-09-27T00:33:39,62,96,0.92,1
2026-09-27T00:33:40,63,95,0.87,1
2026-09-27T00:33:41,63,95,0.90,1
2026-09-27T00:33:42,63,97,0.88,1
2026-09-27T00:33:43,64,97,0.94,1
2026-09-27T00:33:44,66,95,0.87,1
2026-09-27T00:33:45,63,94,0.87,1
2026-09-27T00:33:46,64,97,0.93,1
2026-09-27T00:33:47,60,96,0.94,1
2026-09-27T00:33:48,60,94,0.88,1
2026-09-27T00:33:49,61,97,0.91,1
2026-09-27T00:33:50,65,97,0.86,1
2026-09-27T00:33:51,65,96,0.92,1
2026-09-27T00:33:52,64,95,0.92,1
2026-09-27T00:33:53,63,94,0.93,1
2026-09-27T00:33:54,66,96,0.89,1
2026-09-27T00:33:55,65,94,0.92,1
2026-09-27T00:33:56,60,96,0.91,1
2026-09-27T00:33:57,64,94,0.91,1
2026-09-27T00:33:58,66,94,0.95,1
2026-09-27T00:33:59,65,97,0.89,1
2026-09-27T00:34:00,66,96,0.86,1
2026-09-27T00:34:01,64,94,0.86,1
2026-09-27T00:34:02,61,95,0.87,1
2026-09-27T00:34:03,64,94,0.89,1
2026-09-27T00:34:04,63,96,0.89,1
2026-09-27T00:34:05,63,97,0.88,1
2026-09-27T00:34:06,65,94,0.93,1
2026-09-27T00:34:07,65,96,0.91,1
2026-09-27T00:34:08,63,97,0.91,1
2026-09-27T00:34:09,61,95,0.89,1
2026-09-27T00:34:10,62,97,0.95,1
2026-09-27T00:34:11,64,94,0.90,1
2026-09-27T00:34:12,60,94,0.92,1
2026-09-27T00:34:13,60,97,0.88,1
2026-09-27T00:34:14,62,94,0.94,1
2026-09-27T00:34:15,65,94,0.95,1
2026-09-27T00:34:16,63,95,0.93,1
2026-09-27T00:34:17,63,97,0.87,1
2026-09-27T00:34:18,61,95,0.88,1
2026-09-27T00:34:19,60,95,0.86,1
2026-09-27T00:34:20,60,96,0.88,1
2026-09-27T00:34:21,63,95,0.91,1
2026-09-27T00:34:22,61,97,0.92,1
2026-09-27T00:34:23,64,95,0.94,1
2026-09-27T00:34:24,64,97,0.89,1
2026-09-27T00:34:25,61,97,0.90,1
2026-09-27T00:34:26,63,96,0.87,1
2026-09-27T00:34:27,63,95,0.85,1
2026-09-27T00:34:28,62,95,0.88,1
2026-09-27T00:34:29,64,96,0.92,1
2026-09-27T00:34:30,60,96,0.86,1
2026-09-27T00:34:31,62,95,0.94,1
2026-09-27T00:34:32,63,95,0.91,1
2026-09-27T00:34:33,60,94,0.86,1
2026-09-27T00:34:34,60,95,0.86,1
2026-09-27T00:34:35,62,96,0.86,1
2026-09-27T00:34:36,62,95,0.86,1
2026-09-27T00:34:37,61,95,0.85,1
2026-09-27T00:34:38,60,94,0.90,1
2026-09-27T00:34:39,66,95,0.89,1
2026-09-27T00:34:40,63,94,0.89,1
2026-09-27T00:34:41,60,96,0.91,1
2026-09-27T00:34:42,61,95,0.91,1
2026-09-27T00:34:43,60,97,0.87,1
2026-09-27T00:34:44,64,97,0.88,1
2026-09-27T00:34:45,65,95,0.85,1
2026-09-27T00:34:46,61,97,0.86,1
2026-09-27T00:34:47,65,95,0.87,1
2026-09-27T00:34:48,62,94,0.87,1
2026-09-27T00:34:49,63,94,0.88,1
2026-09-27T00:34:50,65,96,0.94,1
2026-09-27T00:34:51,65,97,0.93,1
2026-09-27T00:34:52,61,96,0.90,1
2026-09-27T00:34:53,60,95,0.88,1
2026-09-27T00:34:54,64,94,0.92,1
2026-09-27T00:34:55,63,95,0.90,1
2026-09-27T00:34:56,61,95,0.85,1
2026-09-27T00:34:57,61,95,0.86,1
2026-09-27T00:34:58,62,94,0.94,1
2026-09-27T00:34:59,64,97,0.92,1
2026-09-27T00:35:00,60,95,0.89,1
2026-09-27T00:35:01,65,94,0.89,1
2026-09-27T00:35:02,66,96,0.94,1
2026-09-27T00:35:03,65,96,0.91,1
2026-09-27T00:35:04,64,94,0.88,1
2026-09-27T00:35:05,61,94,0.87,1
2026-09-27T00:35:06,66,96,0.92,1
2026-09-27T00:35:07,65,95,0.87,1
2026-09-27T00:35:08,63,94,0.87,1
2026-09-27T00:35:09,62,97,0.89,1
2026-09-27T00:35:10,60,94,0.94,1
2026-09-27T00:35:11,61,97,0.89,1
2026-09-27T00:35:12,61,95,0.89,1
2026-09-27T00:35:13,66,97,0.90,1
2026-09-27T00:35:14,65,96,0.90,1
2026-09-27T00:35:15,64,94,0.86,1
2026-09-27T00:35:16,66,96,0.94,1
2026-09-27T00:35:17,61,96,0.91,1
2026-09-27T00:35:18,61,95,0.91,1
2026-09-27T00:35:19,64,95,0.87,1
2026-09-27T00:35:20,60,97,0.95,1
2026-09-27T00:35:21,66,97,0.86,1
2026-09-27T00:35:22,65,94,0.86,1
2026-09-27T00:35:23,62,96,0.88,1
2026-09-27T00:35:24,62,96,0.91,1
2026-09-27T00:35:25,65,97,0.94,1
2026-09-27T00:35:26,61,97,0.93,1
2026-09-27T00:35:27,64,96,0.87,1
2026-09-27T00:35:28,60,96,0.86,1
2026-09-27T00:35:29,64,96,0.85,1
2026-09-27T00:35:30,63,96,0.88,1
2026-09-27T00:35:31,66,97,0.86,1
2026-09-27T00:35:32,64,96,0.85,1
2026-09-27T00:35:33,65,95,0.87,1
2026-09-27T00:35:34,63,97,0.92,1
2026-09-27T00:35:35,66,96,0.90,1
2026-09-27T00:35:36,65,96,0.87,1
2026-09-27T00:35:37,62,96,0.87,1
2026-09-27T00:35:38,60,95,0.93,1
2026-09-27T00:35:39,60,95,0.88,1
2026-09-27T00:35:40,60,96,0.87,1
2026-09-27T00:35:41,63,95,0.87,1
2026-09-27T00:35:42,60,95,0.92,1
2026-09-27T00:35:43,65,94,0.88,1
2026-09-27T00:35:44,63,94,0.87,1
2026-09-27T00:35:45,63,97,0.89,1
2026-09-27T00:35:46,62,96,0.93,1
2026-09-27T00:35:47,66,95,0.91,1
2026-09-27T00:35:48,66,94,0.95,1
2026-09-27T00:35:49,60,97,0.87,1
2026-09-27T00:35:50,65,95,0.87,1
2026-09-27T00:35:51,62,96,0.90,1
2026-09-27T00:35:52,61,94,0.87,1
2026-09-27T00:35:53,62,95,0.92,1
2026-09-27T00:35:54,60,94,0.92,1
2026-09-27T00:35:55,63,94,0.87,1
2026-09-27T00:35:56,62,94,0.89,1
2026-09-27T00:35:57,66,94,0.92,1
2026-09-27T00:35:58,60,95,0.89,1
2026-09-27T00:35:59,61,96,0.86,1
2026-09-27T00:36:00,62,97,0.91,1
2026-09-27T00:36:01,66,96,0.87,1
2026-09-27T00:36:02,61,95,0.90,1
2026-09-27T00:36:03,65,95,0.93,1
2026-09-27T00:36:04,62,94,0.85,1
2026-09-27T00:36:05,61,96,0.89,1
2026-09-27T00:36:06,65,94,0.89,1
2026-09-27T00:36:07,62,97,0.85,1
2026-09-27T00:36:08,60,97,0.91,1
2026-09-27T00:36:09,65,97,0.90,1
2026-09-27T00:36:10,60,94,0.95,1
2026-09-27T00:36:11,63,95,0.91,1
2026-09-27T00:36:12,60,95,0.91,1
2026-09-27T00:36:13,66,96,0.89,1
2026-09-27T00:36:14,65,97,0.89,1
2026-09-27T00:36:15,61,96,0.85,1
2026-09-27T00:36:16,60,95,0.90,1
2026-09-27T00:36:17,60,95,0.88,1
2026-09-27T00:36:18,64,97,0.92,1
2026-09-27T00:36:19,61,94,0.92,1
2026-09-27T00:36:20,62,95,0.92,1
2026-09-27T00:36:21,61,95,0.93,1
2026-09-27T00:36:22,65,94,0.88,1
2026-09-27T00:36:23,65,96,0.89,1
2026-09-27T00:36:24,61,94,0.89,1
2026-09-27T00:36:25,65,94,0.87,1
2026-09-27T00:36:26,64,96,0.93,1
2026-09-27T00:36:27,65,95,0.85,1
2026-09-27T00:36:28,60,96,0.89,1
2026-09-27T00:36:29,62,94,0.89,1
2026-09-27T00:36:30,61,95,0.92,1
2026-09-27T00:36:31,62,97,0.86,1
2026-09-27T00:36:32,62,95,0.89,1
2026-09-27T00:36:33,64,94,0.90,1
2026-09-27T00:36:34,62,94,0.90,1
2026-09-27T00:36:35,62,97,0.95,1
2026-09-27T00:36:36,62,96,0.94,1
2026-09-27T00:36:37,64,96,0.88,1
2026-09-27T00:36:38,65,96,0.93,1
2026-09-27T00:36:39,64,97,0.92,1
2026-09-27T00:36:40,63,94,0.90,1
2026-09-27T00:36:41,64,97,0.89,1
2026-09-27T00:36:42,65,94,0.93,1
2026-09-27T00:36:43,66,97,0.87,1
2026-09-27T00:36:44,64,97,0.89,1
2026-09-27T00:36:45,60,96,0.90,1
2026-09-27T00:36:46,63,95,0.90,1
2026-09-27T00:36:47,65,94,0.94,1
2026-09-27T00:36:48,66,94,0.91,1
2026-09-27T00:36:49,60,97,0.91,1
2026-09-27T00:36:50,60,95,0.91,1
2026-09-27T00:36:51,60,97,0.90,1
2026-09-27T00:36:52,61,97,0.95,1
2026-09-27T00:36:53,61,97,0.94,1
2026-09-27T00:36:54,65,96,0.92,1
2026-09-27T00:36:55,62,95,0.89,1
2026-09-27T00:36:56,61,95,0.89,1
2026-09-27T00:36:57,61,95,0.88,1
2026-09-27T00:36:58,62,96,0.86,1
2026-09-27T00:36:59,64,95,0.86,1
2026-09-27T00:37:00,63,97,0.86,1
2026-09-27T00:37:01,63,94,0.87,1
2026-09-27T00:37:02,64,95,0.85,1
2026-09-27T00:37:03,65,95,0.88,1
2026-09-27T00:37:04,66,97,0.89,1
2026-09-27T00:37:05,60,96,0.89,1
2026-09-27T00:37:06,60,97,0.94,1
2026-09-27T00:37:07,60,95,0.89,1
2026-09-27T00:37:08,66,96,0.90,1
2026-09-27T00:37:09,60,95,0.90,1
2026-09-27T00:37:10,65,97,0.85,1
2026-09-27T00:37:11,63,96,0.89,1
2026-09-27T00:37:12,65,95,0.92,1
2026-09-27T00:37:13,62,97,0.93,1
2026-09-27T00:37:14,61,96,0.86,1
2026-09-27T00:37:15,63,96,0.92,1
2026-09-27T00:37:16,66,96,0.87,1
2026-09-27T00:37:17,63,94,0.85,1
2026-09-27T00:37:18,61,96,0.93,1
2026-09-27T00:37:19,62,95,0.95,1
2026-09-27T00:37:20,66,94,0.95,1
2026-09-27T00:37:21,63,95,0.86,1
2026-09-27T00:37:22,66,96,0.88,1
2026-09-27T00:37:23,60,97,0.95,1
2026-09-27T00:37:24,65,95,0.89,1
2026-09-27T00:37:25,63,97,0.87,1
2026-09-27T00:37:26,66,95,0.88,1
2026-09-27T00:37:27,60,97,0.89,1
2026-09-27T00:37:28,65,97,0.94,1
2026-09-27T00:37:29,65,94,0.88,1
2026-09-27T00:37:30,65,95,0.94,1
2026-09-27T00:37:31,63,97,0.91,1
2026-09-27T00:37:32,66,95,0.91,1
2026-09-27T00:37:33,60,94,0.86,1
2026-09-27T00:37:34,64,97,0.90,1
2026-09-27T00:37:35,65,95,0.90,1
2026-09-27T00:37:36,66,94,0.86,1
2026-09-27T00:37:37,61,95,0.87,1
2026-09-27T00:37:38,61,96,0.86,1
2026-09-27T00:37:39,63,94,0.95,1
2026-09-27T00:37:40,66,95,0.90,1
2026-09-27T00:37:41,63,97,0.93,1
2026-09-27T00:37:42,66,96,0.86,1
2026-09-27T00:37:43,61,96,0.88,1
2026-09-27T00:37:44,63,96,0.89,1
2026-09-27T00:37:45,62,95,0.93,1
2026-09-27T00:37:46,63,94,0.88,1
2026-09-27T00:37:47,61,96,0.87,1
2026-09-27T00:37:48,66,95,0.86,1
2026-09-27T00:37:49,61,94,0.92,1
2026-09-27T00:37:50,60,94,0.86,1
2026-09-27T00:37:51,63,97,0.89,1
2026-09-27T00:37:52,63,95,0.94,1
2026-09-27T00:37:53,62,95,0.87,1
2026-09-27T00:37:54,65,96,0.95,1
2026-09-27T00:37:55,62,95,0.92,1
2026-09-27T00:37:56,63,94,0.92,1
2026-09-27T00:37:57,62,94,0.95,1
2026-09-27T00:37:58,61,96,0.88,1
2026-09-27T00:37:59,65,96,0.86,1
2026-09-27T00:38:00,64,94,0.89,1
2026-09-27T00:38:01,63,96,0.87,1
2026-09-27T00:38:02,61,97,0.93,1
2026-09-27T00:38:03,66,96,0.87,1
2026-09-27T00:38:04,64,94,0.87,1
2026-09-27T00:38:05,63,94,0.89,1
2026-09-27T00:38:06,66,94,0.91,1
2026-09-27T00:38:07,64,94,0.89,1
2026-09-27T00:38:08,62,94,0.86,1
2026-09-27T00:38:09,60,94,0.88,1
2026-09-27T00:38:10,64,97,0.93,1
2026-09-27T00:38:11,64,96,0.89,1
2026-09-27T00:38:12,64,97,0.92,1
2026-09-27T00:38:13,65,96,0.87,1
2026-09-27T00:38:14,60,95,0.85,1
2026-09-27T00:38:15,66,96,0.94,1
2026-09-27T00:38:16,63,96,0.87,1
2026-09-27T00:38:17,64,97,0.93,1
2026-09-27T00:38:18,62,96,0.87,1
2026-09-27T00:38:19,63,97,0.88,1
2026-09-27T00:38:20,61,95,0.91,1
2026-09-27T00:38:21,62,96,0.86,1
2026-09-27T00:38:22,65,94,0.89,1
2026-09-27T00:38:23,61,97,0.86,1
2026-09-27T00:38:24,65,97,0.87,1
2026-09-27T00:38:25,65,96,0.91,1
2026-09-27T00:38:26,62,97,0.94,1
2026-09-27T00:38:27,64,96,0.93,1
2026-09-27T00:38:28,61,95,0.91,1
2026-09-27T00:38:29,60,95,0.93,1
2026-09-27T00:38:30,66,95,0.88,1
2026-09-27T00:38:31,62,97,0.91,1
2026-09-27T00:38:32,66,97,0.95,1
2026-09-27T00:38:33,61,95,0.93,1
2026-09-27T00:38:34,64,97,0.86,1
2026-09-27T00:38:35,66,95,0.89,1
2026-09-27T00:38:36,62,95,0.86,1
2026-09-27T00:38:37,64,94,0.91,1
2026-09-27T00:38:38,66,96,0.87,1
2026-09-27T00:38:39,61,94,0.93,1
2026-09-27T00:38:40,66,94,0.93,1
2026-09-27T00:38:41,62,97,0.87,1
2026-09-27T00:38:42,63,95,0.87,1
2026-09-27T00:38:43,66,97,0.87,1
2026-09-27T00:38:44,65,94,0.92,1
2026-09-27T00:38:45,64,95,0.93,1
2026-09-27T00:38:46,64,95,0.89,1
2026-09-27T00:38:47,66,95,0.89,1
2026-09-27T00:38:48,65,95,0.89,1
2026-09-27T00:38:49,60,97,0.92,1
2026-09-27T00:38:50,64,96,0.87,1
2026-09-27T00:38:51,63,94,0.91,1
2026-09-27T00:38:52,63,97,0.90,1
2026-09-27T00:38:53,61,97,0.86,1
2026-09-27T00:38:54,65,97,0.89,1
2026-09-27T00:38:55,65,97,0.93,1
2026-09-27T00:38:56,60,94,0.89,1
2026-09-27T00:38:57,62,96,0.91,1
2026-09-27T00:38:58,65,95,0.89,1
2026-09-27T00:38:59,66,94,0.85,1
2026-09-27T00:39:00,66,96,0.90,1
2026-09-27T00:39:01,65,95,0.93,1
2026-09-27T00:39:02,62,96,0.89,1
2026-09-27T00:39:03,60,96,0.86,1
2026-09-27T00:39:04,66,95,0.86,1
2026-09-27T00:39:05,62,96,0.91,1
2026-09-27T00:39:06,64,97,0.92,1
2026-09-27T00:39:07,63,96,0.90,1
2026-09-27T00:39:08,66,95,0.90,1
2026-09-27T00:39:09,62,94,0.91,1
2026-09-27T00:39:10,62,96,0.89,1
2026-09-27T00:39:11,65,96,0.87,1
2026-09-27T00:39:12,61,95,0.93,1
2026-09-27T00:39:13,61,95,0.92,1
2026-09-27T00:39:14,64,95,0.87,1
2026-09-27T00:39:15,65,95,0.90,1
2026-09-27T00:39:16,63,95,0.90,1
2026-09-27T00:39:17,62,97,0.92,1
2026-09-27T00:39:18,65,94,0.87,1
2026-09-27T00:39:19,65,96,0.91,1
2026-09-27T00:39:20,63,96,0.87,1
2026-09-27T00:39:21,66,96,0.87,1
2026-09-27T00:39:22,60,97,0.92,1
2026-09-27T00:39:23,63,95,0.88,1
2026-09-27T00:39:24,64,95,0.89,1
2026-09-27T00:39:25,63,95,0.89,1
2026-09-27T00:39:26,63,95,0.92,1
2026-09-27T00:39:27,65,97,0.95,1
2026-09-27T00:39:28,66,96,0.89,1
2026-09-27T00:39:29,66,96,0.92,1
2026-09-27T00:39:30,60,97,0.90,1
2026-09-27T00:39:31,60,95,0.91,1
2026-09-27T00:39:32,61,96,0.86,1
2026-09-27T00:39:33,65,96,0.92,1
2026-09-27T00:39:34,62,97,0.95,1
2026-09-27T00:39:35,64,95,0.89,1
2026-09-27T00:39:36,64,97,0.93,1
2026-09-27T00:39:37,64,97,0.91,1
2026-09-27T00:39:38,66,96,0.87,1
2026-09-27T00:39:39,62,96,0.92,1
2026-09-27T00:39:40,66,94,0.91,1
2026-09-27T00:39:41,63,94,0.86,1
2026-09-27T00:39:42,65,97,0.95,1
2026-09-27T00:39:43,63,94,0.94,1
2026-09-27T00:39:44,66,97,0.92,1
2026-09-27T00:39:45,62,94,0.85,1
2026-09-27T00:39:46,60,97,0.87,1
2026-09-27T00:39:47,64,95,0.93,1
2026-09-27T00:39:48,66,94,0.90,1
2026-09-27T00:39:49,62,97,0.89,1
2026-09-27T00:39:50,61,94,0.92,1
2026-09-27T00:39:51,65,97,0.91,1
2026-09-27T00:39:52,64,95,0.89,1
2026-09-27T00:39:53,65,96,0.92,1
2026-09-27T00:39:54,60,95,0.91,1
2026-09-27T00:39:55,61,97,0.87,1
2026-09-27T00:39:56,61,96,0.86,1
2026-09-27T00:39:57,65,94,0.90,1
2026-09-27T00:39:58,66,96,0.87,1
2026-09-27T00:39:59,60,96,0.92,1
2026-09-27T00:40:00,61,95,0.88,1
2026-09-27T00:40:01,64,94,0.90,1
2026-09-27T00:40:02,66,97,0.87,1
2026-09-27T00:40:03,65,96,0.88,1
2026-09-27T00:40:04,62,95,0.94,1
2026-09-27T00:40:05,63,96,0.91,1
2026-09-27T00:40:06,63,97,0.85,1
2026-09-27T00:40:07,65,96,0.90,1
2026-09-27T00:40:08,60,95,0.86,1
2026-09-27T00:40:09,66,97,0.88,1
2026-09-27T00:40:10,60,96,0.89,1
2026-09-27T00:40:11,63,97,0.93,1
2026-09-27T00:40:12,64,96,0.89,1
2026-09-27T00:40:13,60,96,0.86,1
2026-09-27T00:40:14,61,96,0.90,1
2026-09-27T00:40:15,65,96,0.90,1
2026-09-27T00:40:16,61,97,0.93,1
2026-09-27T00:40:17,66,95,0.95,1
2026-09-27T00:40:18,63,95,0.87,1
2026-09-27T00:40:19,64,96,0.89,1
2026-09-27T00:40:20,65,97,0.87,1
2026-09-27T00:40:21,66,96,0.90,1
2026-09-27T00:40:22,65,95,0.89,1
2026-09-27T00:40:23,62,94,0.94,1
2026-09-27T00:40:24,63,96,0.91,1
2026-09-27T00:40:25,61,97,0.86,1
2026-09-27T00:40:26,65,97,0.88,1
2026-09-27T00:40:27,63,95,0.93,1
2026-09-27T00:40:28,61,97,0.88,1
2026-09-27T00:40:29,65,97,0.88,1
2026-09-27T00:40:30,61,94,0.94,1
2026-09-27T00:40:31,65,97,0.87,1
2026-09-27T00:40:32,61,94,0.89,1
2026-09-27T00:40:33,63,94,0.86,1
2026-09-27T00:40:34,64,95,0.94,1
2026-09-27T00:40:35,65,95,0.95,1
2026-09-27T00:40:36,60,95,0.92,1
2026-09-27T00:40:37,66,95,0.94,1
2026-09-27T00:40:38,60,95,0.94,1
2026-09-27T00:40:39,65,95,0.95,1
2026-09-27T00:40:40,66,97,0.88,1
2026-09-27T00:40:41,63,96,0.93,1
2026-09-27T00:40:42,63,94,0.87,1
2026-09-27T00:40:43,64,97,0.94,1
2026-09-27T00:40:44,62,95,0.91,1
2026-09-27T00:40:45,60,96,0.88,1
2026-09-27T00:40:46,64,97,0.87,1
2026-09-27T00:40:47,65,94,0.86,1
2026-09-27T00:40:48,62,95,0.87,1
2026-09-27T00:40:49,62,95,0.93,1
2026-09-27T00:40:50,63,96,0.95,1
2026-09-27T00:40:51,61,97,0.91,1
2026-09-27T00:40:52,64,94,0.91,1
2026-09-27T00:40:53,62,95,0.88,1
2026-09-27T00:40:54,65,94,0.93,1
2026-09-27T00:40:55,64,97,0.95,1
2026-09-27T00:40:56,61,94,0.94,1
2026-09-27T00:40:57,66,96,0.93,1
2026-09-27T00:40:58,63,96,0.87,1
2026-09-27T00:40:59,63,97,0.90,1
2026-09-27T00:41:00,66,94,0.94,1
2026-09-27T00:41:01,65,96,0.89,1
2026-09-27T00:41:02,62,94,0.94,1
2026-09-27T00:41:03,65,97,0.89,1
2026-09-27T00:41:04,66,97,0.89,1
2026-09-27T00:41:05,60,95,0.87,1
2026-09-27T00:41:06,63,95,0.86,1
2026-09-27T00:41:07,64,97,0.92,1
2026-09-27T00:41:08,65,96,0.90,1
2026-09-27T00:41:09,66,97,0.87,1
2026-09-27T00:41:10,66,95,0.91,1
2026-09-27T00:41:11,61,96,0.88,1
2026-09-27T00:41:12,64,97,0.93,1
2026-09-27T00:41:13,64,94,0.94,1
2026-09-27T00:41:14,61,94,0.87,1
2026-09-27T00:41:15,63,97,0.91,1
2026-09-27T00:41:16,62,95,0.90,1
2026-09-27T00:41:17,61,94,0.88,1
2026-09-27T00:41:18,60,94,0.95,1
2026-09-27T00:41:19,65,97,0.88,1
2026-09-27T00:41:20,62,96,0.92,1
2026-09-27T00:41:21,62,95,0.89,1
2026-09-27T00:41:22,62,95,0.86,1
2026-09-27T00:41:23,63,97,0.87,1
2026-09-27T00:41:24,63,97,0.92,1
2026-09-27T00:41:25,66,97,0.86,1
2026-09-27T00:41:26,61,97,0.93,1
2026-09-27T00:41:27,66,96,0.85,1
2026-09-27T00:41:28,62,96,0.87,1
2026-09-27T00:41:29,60,94,0.86,1
2026-09-27T00:41:30,63,94,0.94,1
2026-09-27T00:41:31,65,96,0.90,1
2026-09-27T00:41:32,60,96,0.92,1
2026-09-27T00:41:33,60,95,0.91,1
2026-09-27T00:41:34,61,95,0.87,1
2026-09-27T00:41:35,63,97,0.90,1
2026-09-27T00:41:36,62,95,0.87,1
2026-09-27T00:41:37,62,97,0.91,1
2026-09-27T00:41:38,60,94,0.95,1
2026-09-27T00:41:39,65,96,0.89,1
2026-09-27T00:41:40,62,94,0.90,1
2026-09-27T00:41:41,62,94,0.93,1
2026-09-27T00:41:42,60,96,0.89,1
2026-09-27T00:41:43,61,94,0.85,1
2026-09-27T00:41:44,65,94,0.88,1
2026-09-27T00:41:45,65,96,0.89,1
2026-09-27T00:41:46,60,97,0.93,1
2026-09-27T00:41:47,66,94,0.88,1
2026-09-27T00:41:48,62,97,0.88,1
2026-09-27T00:41:49,60,96,0.87,1
2026-09-27T00:41:50,65,94,0.85,1
2026-09-27T00:41:51,65,96,0.91,1
2026-09-27T00:41:52,66,95,0.94,1
2026-09-27T00:41:53,60,95,0.90,1
2026-09-27T00:41:54,65,94,0.89,1
2026-09-27T00:41:55,66,94,0.86,1
2026-09-27T00:41:56,66,97,0.86,1
2026-09-27T00:41:57,61,97,0.91,1
2026-09-27T00:41:58,63,94,0.90,1
2026-09-27T00:41:59,64,94,0.90,1
2026-09-27T00:42:00,62,95,0.94,1
2026-09-27T00:42:01,66,97,0.94,1
2026-09-27T00:42:02,66,96,0.86,1
2026-09-27T00:42:03,60,96,0.90,1
2026-09-27T00:42:04,61,95,0.87,1
2026-09-27T00:42:05,61,94,0.91,1
2026-09-27T00:42:06,60,97,0.95,1
2026-09-27T00:42:07,64,94,0.92,1
2026-09-27T00:42:08,60,95,0.91,1
2026-09-27T00:42:09,60,96,0.92,1
2026-09-27T00:42:10,65,97,0.91,1
2026-09-27T00:42:11,66,96,0.93,1
2026-09-27T00:42:12,60,96,0.92,1
2026-09-27T00:42:13,65,95,0.94,1
2026-09-27T00:42:14,62,94,0.89,1
2026-09-27T00:42:15,65,95,0.94,1
2026-09-27T00:42:16,60,95,0.90,1
2026-09-27T00:42:17,61,94,0.95,1
2026-09-27T00:42:18,60,97,0.90,1
2026-09-27T00:42:19,63,97,0.89,1
2026-09-27T00:42:20,61,94,0.85,1
2026-09-27T00:42:21,63,95,0.95,1
2026-09-27T00:42:22,61,96,0.90,1
2026-09-27T00:42:23,64,95,0.88,1
2026-09-27T00:42:24,61,94,0.87,1
2026-09-27T00:42:25,62,97,0.88,1
2026-09-27T00:42:26,62,97,0.91,1
2026-09-27T00:42:27,65,97,0.92,1
2026-09-27T00:42:28,60,97,0.91,1
2026-09-27T00:42:29,63,94,0.88,1
2026-09-27T00:42:30,63,96,0.91,1
2026-09-27T00:42:31,66,95,0.94,1
2026-09-27T00:42:32,64,95,0.93,1
2026-09-27T00:42:33,65,94,0.94,1
2026-09-27T00:42:34,65,97,0.87,1
2026-09-27T00:42:35,64,96,0.87,1
2026-09-27T00:42:36,66,96,0.90,1
2026-09-27T00:42:37,64,96,0.90,1
2026-09-27T00:42:38,62,94,0.93,1
2026-09-27T00:42:39,63,95,0.91,1
2026-09-27T00:42:40,66,95,0.94,1
2026-09-27T00:42:41,63,97,0.94,1
2026-09-27T00:42:42,60,95,0.86,1
2026-09-27T00:42:43,65,95,0.88,1
2026-09-27T00:42:44,65,95,0.86,1
2026-09-27T00:42:45,62,95,0.95,1
2026-09-27T00:42:46,61,96,0.95,1
2026-09-27T00:42:47,63,96,0.91,1
2026-09-27T00:42:48,63,94,0.88,1
2026-09-27T00:42:49,66,97,0.89,1
2026-09-27T00:42:50,63,95,0.91,1
2026-09-27T00:42:51,65,96,0.94,1
2026-09-27T00:42:52,62,96,0.90,1
2026-09-27T00:42:53,62,94,0.88,1
2026-09-27T00:42:54,61,97,0.85,1
2026-09-27T00:42:55,66,95,0.92,1
2026-09-27T00:42:56,63,95,0.90,1
2026-09-27T00:42:57,62,96,0.94,1
2026-09-27T00:42:58,64,94,0.89,1
2026-09-27T00:42:59,66,97,0.93,1
2026-09-27T00:43:00,61,96,0.85,1
2026-09-27T00:43:01,65,95,0.85,1
2026-09-27T00:43:02,62,97,0.90,1
2026-09-27T00:43:03,62,96,0.90,1
2026-09-27T00:43:04,66,94,0.94,1
2026-09-27T00:43:05,63,96,0.87,1
2026-09-27T00:43:06,63,95,0.92,1
2026-09-27T00:43:07,60,94,0.91,1
2026-09-27T00:43:08,60,96,0.87,1
2026-09-27T00:43:09,60,97,0.94,1
2026-09-27T00:43:10,64,97,0.88,1
2026-09-27T00:43:11,64,97,0.92,1
2026-09-27T00:43:12,62,96,0.93,1
2026-09-27T00:43:13,62,95,0.87,1
2026-09-27T00:43:14,66,94,0.87,1
2026-09-27T00:43:15,65,94,0.86,1
2026-09-27T00:43:16,65,95,0.90,1
2026-09-27T00:43:17,66,95,0.91,1
2026-09-27T00:43:18,62,95,0.90,1
2026-09-27T00:43:19,60,96,0.95,1
2026-09-27T00:43:20,64,94,0.91,1
2026-09-27T00:43:21,65,94,0.92,1
2026-09-27T00:43:22,64,96,0.91,1
2026-09-27T00:43:23,61,97,0.90,1
2026-09-27T00:43:24,64,95,0.93,1
2026-09-27T00:43:25,65,94,0.93,1
2026-09-27T00:43:26,65,97,0.87,1
2026-09-27T00:43:27,60,95,0.90,1
2026-09-27T00:43:28,62,95,0.86,1
2026-09-27T00:43:29,62,97,0.90,1
2026-09-27T00:43:30,64,97,0.87,1
2026-09-27T00:43:31,66,97,0.95,1
2026-09-27T00:43:32,62,94,0.86,1
2026-09-27T00:43:33,62,94,0.89,1
2026-09-27T00:43:34,66,96,0.86,1
2026-09-27T00:43:35,61,96,0.94,1
2026-09-27T00:43:36,64,96,0.89,1
2026-09-27T00:43:37,64,96,0.86,1
2026-09-27T00:43:38,62,96,0.93,1
2026-09-27T00:43:39,61,94,0.86,1
2026-09-27T00:43:40,66,97,0.85,1
2026-09-27T00:43:41,63,94,0.93,1
2026-09-27T00:43:42,60,97,0.91,1
2026-09-27T00:43:43,62,96,0.90,1
2026-09-27T00:43:44,64,94,0.94,1
2026-09-27T00:43:45,60,94,0.92,1
2026-09-27T00:43:46,65,97,0.86,1
2026-09-27T00:43:47,60,97,0.94,1
2026-09-27T00:43:48,62,95,0.93,1
2026-09-27T00:43:49,65,96,0.86,1
2026-09-27T00:43:50,63,97,0.86,1
2026-09-27T00:43:51,65,95,0.95,1
2026-09-27T00:43:52,65,95,0.89,1
2026-09-27T00:43:53,62,94,0.92,1
2026-09-27T00:43:54,66,96,0.95,1
2026-09-27T00:43:55,66,96,0.92,1
2026-09-27T00:43:56,61,94,0.90,1
2026-09-27T00:43:57,63,95,0.94,1
2026-09-27T00:43:58,66,96,0.89,1
2026-09-27T00:43:59,64,94,0.86,1
2026-09-27T00:44:00,62,96,0.87,1
2026-09-27T00:44:01,65,97,0.86,1
2026-09-27T00:44:02,66,97,0.90,1
2026-09-27T00:44:03,64,97,0.88,1
2026-09-27T00:44:04,64,96,0.94,1
2026-09-27T00:44:05,60,94,0.90,1
2026-09-27T00:44:06,65,97,0.93,1
2026-09-27T00:44:07,63,96,0.85,1
2026-09-27T00:44:08,66,94,0.86,1
2026-09-27T00:44:09,64,96,0.85,1
2026-09-27T00:44:10,64,97,0.89,1
2026-09-27T00:44:11,60,94,0.85,1
2026-09-27T00:44:12,60,95,0.92,1
2026-09-27T00:44:13,61,97,0.85,1
2026-09-27T00:44:14,60,96,0.95,1
2026-09-27T00:44:15,61,95,0.93,1
2026-09-27T00:44:16,65,96,0.85,1
2026-09-27T00:44:17,66,95,0.88,1
2026-09-27T00:44:18,61,94,0.93,1
2026-09-27T00:44:19,61,97,0.90,1
2026-09-27T00:44:20,62,94,0.92,1
2026-09-27T00:44:21,64,95,0.89,1
2026-09-27T00:44:22,61,96,0.86,1
2026-09-27T00:44:23,61,94,0.94,1
2026-09-27T00:44:24,65,94,0.86,1
2026-09-27T00:44:25,65,94,0.89,1
2026-09-27T00:44:26,63,95,0.89,1
2026-09-27T00:44:27,62,95,0.89,1
2026-09-27T00:44:28,63,95,0.88,1
2026-09-27T00:44:29,65,95,0.93,1
2026-09-27T00:44:30,66,95,0.87,1
2026-09-27T00:44:31,60,96,0.94,1
2026-09-27T00:44:32,61,97,0.93,1
2026-09-27T00:44:33,62,94,0.85,1
2026-09-27T00:44:34,60,97,0.94,1
2026-09-27T00:44:35,63,96,0.89,1
2026-09-27T00:44:36,63,95,0.88,1
2026-09-27T00:44:37,62,96,0.89,1
2026-09-27T00:44:38,66,97,0.91,1
2026-09-27T00:44:39,63,96,0.91,1
2026-09-27T00:44:40,66,97,0.95,1
2026-09-27T00:44:41,60,95,0.86,1
2026-09-27T00:44:42,61,95,0.93,1
2026-09-27T00:44:43,62,94,0.94,1
2026-09-27T00:44:44,66,96,0.90,1
2026-09-27T00:44:45,61,94,0.90,1
2026-09-27T00:44:46,60,95,0.94,1
2026-09-27T00:44:47,62,94,0.85,1
2026-09-27T00:44:48,66,94,0.89,1
2026-09-27T00:44:49,61,97,0.94,1
2026-09-27T00:44:50,62,95,0.92,1
2026-09-27T00:44:51,61,96,0.85,1
2026-09-27T00:44:52,63,94,0.88,1
2026-09-27T00:44:53,66,97,0.90,1
2026-09-27T00:44:54,66,97,0.94,1
2026-09-27T00:44:55,63,94,0.85,1
2026-09-27T00:44:56,60,96,0.88,1
2026-09-27T00:44:57,62,94,0.86,1
2026-09-27T00:44:58,61,94,0.89,1
2026-09-27T00:44:59,61,97,0.90,1
2026-09-27T00:45:00,62,97,0.88,1
2026-09-27T00:45:01,66,96,0.91,1
2026-09-27T00:45:02,64,94,0.86,1
2026-09-27T00:45:03,62,94,0.91,1
2026-09-27T00:45:04,60,97,0.89,1
2026-09-27T00:45:05,61,96,0.92,1
2026-09-27T00:45:06,65,97,0.87,1
2026-09-27T00:45:07,66,94,0.94,1
2026-09-27T00:45:08,60,96,0.87,1
2026-09-27T00:45:09,61,94,0.94,1
2026-09-27T00:45:10,61,94,0.94,1
2026-09-27T00:45:11,65,95,0.85,1
2026-09-27T00:45:12,60,95,0.90,1
2026-09-27T00:45:13,65,94,0.88,1
2026-09-27T00:45:14,61,97,0.91,1
2026-09-27T00:45:15,62,97,0.93,1
2026-09-27T00:45:16,62,95,0.88,1
2026-09-27T00:45:17,65,96,0.91,1
2026-09-27T00:45:18,61,97,0.90,1
2026-09-27T00:45:19,61,94,0.89,1
2026-09-27T00:45:20,60,97,0.85,1
2026-09-27T00:45:21,65,94,0.89,1
2026-09-27T00:45:22,65,94,0.93,1
2026-09-27T00:45:23,63,95,0.89,1
2026-09-27T00:45:24,60,96,0.93,1
2026-09-27T00:45:25,63,94,0.85,1
2026-09-27T00:45:26,62,96,0.86,1
2026-09-27T00:45:27,65,94,0.91,1
2026-09-27T00:45:28,66,94,0.95,1
2026-09-27T00:45:29,65,95,0.92,1
2026-09-27T00:45:30,62,97,0.92,1
2026-09-27T00:45:31,65,94,0.91,1
2026-09-27T00:45:32,60,95,0.89,1
2026-09-27T00:45:33,61,94,0.91,1
2026-09-27T00:45:34,60,96,0.89,1
2026-09-27T00:45:35,64,96,0.86,1
2026-09-27T00:45:36,64,94,0.88,1
2026-09-27T00:45:37,63,96,0.85,1
2026-09-27T00:45:38,61,95,0.87,1
2026-09-27T00:45:39,60,95,0.92,1
2026-09-27T00:45:40,66,95,0.89,1
2026-09-27T00:45:41,66,96,0.94,1
2026-09-27T00:45:42,64,96,0.89,1
2026-09-27T00:45:43,66,97,0.86,1
2026-09-27T00:45:44,60,97,0.95,1
2026-09-27T00:45:45,62,95,0.86,1
2026-09-27T00:45:46,61,96,0.89,1
2026-09-27T00:45:47,63,95,0.95,1
2026-09-27T00:45:48,65,97,0.88,1
2026-09-27T00:45:49,61,95,0.85,1
2026-09-27T00:45:50,62,94,0.94,1
2026-09-27T00:45:51,64,94,0.86,1
2026-09-27T00:45:52,63,96,0.94,1
2026-09-27T00:45:53,66,95,0.91,1
2026-09-27T00:45:54,64,96,0.86,1
2026-09-27T00:45:55,62,95,0.89,1
2026-09-27T00:45:56,66,96,0.95,1
2026-09-27T00:45:57,65,97,0.88,1
2026-09-27T00:45:58,64,97,0.90,1
2026-09-27T00:45:59,65,95,0.86,1
2026-09-27T00:46:00,60,94,0.90,1
2026-09-27T00:46:01,65,95,0.89,1
2026-09-27T00:46:02,66,94,0.92,1
2026-09-27T00:46:03,62,94,0.93,1
2026-09-27T00:46:04,65,94,0.94,1
2026-09-27T00:46:05,60,95,0.92,1
2026-09-27T00:46:06,66,97,0.89,1
2026-09-27T00:46:07,61,94,0.89,1
2026-09-27T00:46:08,62,97,0.88,1
2026-09-27T00:46:09,64,95,0.86,1
2026-09-27T00:46:10,61,94,0.89,1
2026-09-27T00:46:11,61,95,0.94,1
2026-09-27T00:46:12,64,94,0.88,1
2026-09-27T00:46:13,66,96,0.88,1
2026-09-27T00:46:14,64,97,0.88,1
2026-09-27T00:46:15,64,97,0.87,1
2026-09-27T00:46:16,66,97,0.86,1
2026-09-27T00:46:17,63,97,0.87,1
2026-09-27T00:46:18,66,96,0.87,1
2026-09-27T00:46:19,62,96,0.87,1
2026-09-27T00:46:20,64,97,0.90,1
2026-09-27T00:46:21,64,97,0.94,1
2026-09-27T00:46:22,61,94,0.91,1
2026-09-27T00:46:23,65,94,0.88,1
2026-09-27T00:46:24,62,96,0.93,1
2026-09-27T00:46:25,66,95,0.89,1
2026-09-27T00:46:26,62,94,0.89,1
2026-09-27T00:46:27,62,95,0.88,1
2026-09-27T00:46:28,63,94,0.89,1
2026-09-27T00:46:29,60,96,0.87,1
2026-09-27T00:46:30,63,95,0.95,1
2026-09-27T00:46:31,63,94,0.89,1
2026-09-27T00:46:32,62,96,0.90,1
2026-09-27T00:46:33,63,95,0.88,1
2026-09-27T00:46:34,64,94,0.91,1
2026-09-27T00:46:35,65,95,0.86,1
2026-09-27T00:46:36,64,97,0.93,1
2026-09-27T00:46:37,63,97,0.87,1
2026-09-27T00:46:38,60,97,0.85,1
2026-09-27T00:46:39,63,96,0.93,1
2026-09-27T00:46:40,65,95,0.87,1
2026-09-27T00:46:41,66,96,0.93,1
2026-09-27T00:46:42,62,96,0.85,1
2026-09-27T00:46:43,63,94,0.87,1
2026-09-27T00:46:44,63,97,0.85,1
2026-09-27T00:46:45,60,96,0.94,1
2026-09-27T00:46:46,63,97,0.90,1
2026-09-27T00:46:47,62,96,0.85,1
2026-09-27T00:46:48,65,97,0.91,1
2026-09-27T00:46:49,62,97,0.95,1
2026-09-27T00:46:50,66,94,0.89,1
2026-09-27T00:46:51,61,97,0.88,1
2026-09-27T00:46:52,65,97,0.85,1
2026-09-27T00:46:53,61,96,0.95,1
2026-09-27T00:46:54,60,97,0.87,1
2026-09-27T00:46:55,63,95,0.92,1
2026-09-27T00:46:56,60,96,0.86,1
2026-09-27T00:46:57,66,94,0.94,1
2026-09-27T00:46:58,64,95,0.87,1
2026-09-27T00:46:59,60,94,0.95,1
2026-09-27T00:47:00,63,95,0.90,1
2026-09-27T00:47:01,62,95,0.93,1
2026-09-27T00:47:02,65,97,0.85,1
2026-09-27T00:47:03,64,94,0.85,1
2026-09-27T00:47:04,65,97,0.86,1
2026-09-27T00:47:05,60,94,0.92,1
2026-09-27T00:47:06,63,96,0.94,1
2026-09-27T00:47:07,63,97,0.94,1
2026-09-27T00:47:08,61,96,0.88,1
2026-09-27T00:47:09,61,96,0.94,1
2026-09-27T00:47:10,62,94,0.90,1
2026-09-27T00:47:11,66,95,0.86,1
2026-09-27T00:47:12,64,96,0.92,1
2026-09-27T00:47:13,61,95,0.95,1
2026-09-27T00:47:14,61,97,0.86,1
2026-09-27T00:47:15,61,96,0.88,1
2026-09-27T00:47:16,66,97,0.89,1
2026-09-27T00:47:17,66,95,0.88,1
2026-09-27T00:47:18,65,97,0.95,1
2026-09-27T00:47:19,61,95,0.94,1
2026-09-27T00:47:20,61,94,0.93,1
2026-09-27T00:47:21,61,96,0.85,1
2026-09-27T00:47:22,65,97,0.87,1
2026-09-27T00:47:23,62,94,0.91,1
2026-09-27T00:47:24,63,95,0.87,1
2026-09-27T00:47:25,60,95,0.92,1
2026-09-27T00:47:26,65,96,0.87,1
2026-09-27T00:47:27,61,97,0.86,1
2026-09-27T00:47:28,61,96,0.89,1
2026-09-27T00:47:29,62,94,0.88,1
2026-09-27T00:47:30,64,96,0.88,1
2026-09-27T00:47:31,66,97,0.93,1
2026-09-27T00:47:32,66,96,0.86,1
2026-09-27T00:47:33,62,96,0.93,1
2026-09-27T00:47:34,65,94,0.92,1
2026-09-27T00:47:35,63,97,0.85,1
2026-09-27T00:47:36,61,94,0.91,1
2026-09-27T00:47:37,64,97,0.86,1
2026-09-27T00:47:38,65,96,0.93,1
2026-09-27T00:47:39,63,97,0.88,1
2026-09-27T00:47:40,62,97,0.88,1
2026-09-27T00:47:41,65,94,0.92,1
2026-09-27T00:47:42,66,94,0.94,1
2026-09-27T00:47:43,64,95,0.87,1
2026-09-27T00:47:44,63,95,0.89,1
2026-09-27T00:47:45,63,96,0.93,1
2026-09-27T00:47:46,64,97,0.87,1
2026-09-27T00:47:47,65,95,0.92,1
2026-09-27T00:47:48,63,94,0.93,1
2026-09-27T00:47:49,66,95,0.90,1
2026-09-27T00:47:50,64,97,0.86,1
2026-09-27T00:47:51,65,97,0.92,1
2026-09-27T00:47:52,60,95,0.91,1
2026-09-27T00:47:53,61,96,0.93,1
2026-09-27T00:47:54,63,94,0.93,1
2026-09-27T00:47:55,60,96,0.95,1
2026-09-27T00:47:56,60,96,0.89,1
2026-09-27T00:47:57,60,96,0.86,1
2026-09-27T00:47:58,62,97,0.85,1
2026-09-27T00:47:59,62,94,0.91,1
2026-09-27T00:48:00,65,97,0.89,1
2026-09-27T00:48:01,63,97,0.90,1
2026-09-27T00:48:02,66,96,0.86,1
2026-09-27T00:48:03,62,97,0.94,1
2026-09-27T00:48:04,60,94,0.93,1
2026-09-27T00:48:05,63,94,0.94,1
2026-09-27T00:48:06,64,94,0.88,1
2026-09-27T00:48:07,65,95,0.88,1
2026-09-27T00:48:08,62,95,0.86,1
2026-09-27T00:48:09,63,97,0.92,1
2026-09-27T00:48:10,64,97,0.88,1
2026-09-27T00:48:11,64,94,0.85,1
2026-09-27T00:48:12,66,96,0.92,1
2026-09-27T00:48:13,63,94,0.89,1
2026-09-27T00:48:14,61,95,0.88,1
2026-09-27T00:48:15,60,95,0.87,1
2026-09-27T00:48:16,65,96,0.91,1
2026-09-27T00:48:17,62,96,0.90,1
2026-09-27T00:48:18,60,94,0.94,1
2026-09-27T00:48:19,64,97,0.92,1
2026-09-27T00:48:20,61,94,0.90,1
2026-09-27T00:48:21,62,96,0.94,1
2026-09-27T00:48:22,63,97,0.93,1
2026-09-27T00:48:23,63,97,0.90,1
2026-09-27T00:48:24,65,96,0.89,1
2026-09-27T00:48:25,61,95,0.95,1
2026-09-27T00:48:26,64,97,0.90,1
2026-09-27T00:48:27,64,97,0.85,1
2026-09-27T00:48:28,65,95,0.86,1
2026-09-27T00:48:29,65,95,0.86,1
2026-09-27T00:48:30,64,96,0.91,1
2026-09-27T00:48:31,66,94,0.87,1
2026-09-27T00:48:32,62,97,0.93,1
2026-09-27T00:48:33,60,95,0.87,1
2026-09-27T00:48:34,64,96,0.95,1
2026-09-27T00:48:35,61,97,0.91,1
2026-09-27T00:48:36,63,95,0.94,1
2026-09-27T00:48:37,65,96,0.92,1
2026-09-27T00:48:38,62,97,0.86,1
2026-09-27T00:48:39,61,95,0.91,1
2026-09-27T00:48:40,66,97,0.87,1
2026-09-27T00:48:41,65,94,0.86,1
2026-09-27T00:48:42,60,97,0.85,1
2026-09-27T00:48:43,61,94,0.87,1
2026-09-27T00:48:44,63,97,0.85,1
2026-09-27T00:48:45,62,95,0.88,1
2026-09-27T00:48:46,62,97,0.93,1
2026-09-27T00:48:47,62,96,0.86,1
2026-09-27T00:48:48,63,96,0.92,1
2026-09-27T00:48:49,61,94,0.85,1
2026-09-27T00:48:50,65,97,0.93,1
2026-09-27T00:48:51,65,94,0.92,1
2026-09-27T00:48:52,64,96,0.92,1
2026-09-27T00:48:53,66,95,0.90,1
2026-09-27T00:48:54,62,95,0.88,1
2026-09-27T00:48:55,62,96,0.94,1
2026-09-27T00:48:56,60,96,0.91,1
2026-09-27T00:48:57,60,94,0.92,1
2026-09-27T00:48:58,60,94,0.90,1
2026-09-27T00:48:59,65,97,0.93,1
2026-09-27T00:49:00,64,94,0.87,1
2026-09-27T00:49:01,66,94,0.93,1
2026-09-27T00:49:02,65,96,0.94,1
2026-09-27T00:49:03,60,94,0.87,1
2026-09-27T00:49:04,63,95,0.94,1
2026-09-27T00:49:05,60,96,0.90,1
2026-09-27T00:49:06,60,94,0.85,1
2026-09-27T00:49:07,64,94,0.88,1
2026-09-27T00:49:08,63,96,0.91,1
2026-09-27T00:49:09,60,95,0.93,1
2026-09-27T00:49:10,61,97,0.90,1
2026-09-27T00:49:11,64,96,0.92,1
2026-09-27T00:49:12,64,94,0.86,1
2026-09-27T00:49:13,60,94,0.89,1
2026-09-27T00:49:14,60,95,0.92,1
2026-09-27T00:49:15,66,96,0.88,1
2026-09-27T00:49:16,63,96,0.89,1
2026-09-27T00:49:17,62,94,0.95,1
2026-09-27T00:49:18,64,94,0.86,1
2026-09-27T00:49:19,61,97,0.87,1
2026-09-27T00:49:20,62,94,0.91,1
2026-09-27T00:49:21,61,95,0.86,1
2026-09-27T00:49:22,62,94,0.89,1
2026-09-27T00:49:23,66,97,0.90,1
2026-09-27T00:49:24,61,97,0.95,1
2026-09-27T00:49:25,64,95,0.88,1
2026-09-27T00:49:26,63,97,0.85,1
2026-09-27T00:49:27,66,97,0.90,1
2026-09-27T00:49:28,61,97,0.93,1
2026-09-27T00:49:29,66,94,0.87,1
2026-09-27T00:49:30,65,96,0.90,1
2026-09-27T00:49:31,60,97,0.91,1
2026-09-27T00:49:32,61,97,0.92,1
2026-09-27T00:49:33,61,97,0.93,1
2026-09-27T00:49:34,62,97,0.88,1
2026-09-27T00:49:35,60,96,0.93,1
2026-09-27T00:49:36,64,96,0.91,1
2026-09-27T00:49:37,65,96,0.89,1
2026-09-27T00:49:38,65,96,0.91,1
2026-09-27T00:49:39,61,95,0.90,1
2026-09-27T00:49:40,66,97,0.91,1
2026-09-27T00:49:41,62,96,0.87,1
2026-09-27T00:49:42,62,95,0.94,1
2026-09-27T00:49:43,65,96,0.89,1
2026-09-27T00:49:44,63,94,0.94,1
2026-09-27T00:49:45,66,96,0.91,1
2026-09-27T00:49:46,60,97,0.89,1
2026-09-27T00:49:47,62,94,0.90,1
2026-09-27T00:49:48,66,94,0.91,1
2026-09-27T00:49:49,60,96,0.89,1
2026-09-27T00:49:50,64,96,0.88,1
2026-09-27T00:49:51,64,95,0.88,1
2026-09-27T00:49:52,62,95,0.87,1
2026-09-27T00:49:53,63,97,0.86,1
2026-09-27T00:49:54,64,94,0.91,1
2026-09-27T00:49:55,66,96,0.94,1
2026-09-27T00:49:56,64,96,0.86,1
2026-09-27T00:49:57,65,96,0.86,1
2026-09-27T00:49:58,63,94,0.85,1
2026-09-27T00:49:59,66,94,0.90,1
2026-09-27T00:50:00,60,97,0.91,1
2026-09-27T00:50:01,64,97,0.92,1
2026-09-27T00:50:02,62,96,0.94,1
2026-09-27T00:50:03,62,95,0.94,1
2026-09-27T00:50:04,64,97,0.95,1
2026-09-27T00:50:05,64,96,0.89,1
2026-09-27T00:50:06,62,94,0.94,1
2026-09-27T00:50:07,62,97,0.89,1
2026-09-27T00:50:08,63,96,0.87,1
2026-09-27T00:50:09,63,97,0.88,1
2026-09-27T00:50:10,61,94,0.88,1
2026-09-27T00:50:11,62,96,0.87,1
2026-09-27T00:50:12,63,96,0.89,1
2026-09-27T00:50:13,60,97,0.91,1
2026-09-27T00:50:14,65,94,0.91,1
2026-09-27T00:50:15,61,95,0.94,1
2026-09-27T00:50:16,62,97,0.94,1
2026-09-27T00:50:17,64,96,0.94,1
2026-09-27T00:50:18,66,95,0.85,1
2026-09-27T00:50:19,62,94,0.86,1
2026-09-27T00:50:20,66,95,0.86,1
2026-09-27T00:50:21,62,97,0.90,1
2026-09-27T00:50:22,61,97,0.94,1
2026-09-27T00:50:23,60,94,0.94,1
2026-09-27T00:50:24,66,94,0.85,1
2026-09-27T00:50:25,66,94,0.89,1
2026-09-27T00:50:26,65,97,0.91,1
2026-09-27T00:50:27,65,96,0.92,1
2026-09-27T00:50:28,63,95,0.85,1
2026-09-27T00:50:29,62,94,0.86,1
2026-09-27T00:50:30,62,96,0.93,1
2026-09-27T00:50:31,61,95,0.87,1
2026-09-27T00:50:32,60,96,0.86,1
2026-09-27T00:50:33,66,96,0.91,1
2026-09-27T00:50:34,64,96,0.90,1
2026-09-27T00:50:35,64,96,0.85,1
2026-09-27T00:50:36,66,96,0.87,1
2026-09-27T00:50:37,62,94,0.86,1
2026-09-27T00:50:38,60,95,0.89,1
2026-09-27T00:50:39,60,97,0.94,1
2026-09-27T00:50:40,63,95,0.95,1
2026-09-27T00:50:41,66,95,0.85,1
2026-09-27T00:50:42,61,96,0.90,1
2026-09-27T00:50:43,64,95,0.87,1
2026-09-27T00:50:44,62,94,0.85,1
2026-09-27T00:50:45,62,97,0.85,1
2026-09-27T00:50:46,66,97,0.91,1
2026-09-27T00:50:47,62,95,0.93,1
2026-09-27T00:50:48,61,95,0.88,1
2026-09-27T00:50:49,63,97,0.91,1
2026-09-27T00:50:50,60,97,0.94,1
2026-09-27T00:50:51,63,95,0.86,1
2026-09-27T00:50:52,62,94,0.93,1
2026-09-27T00:50:53,66,95,0.93,1
2026-09-27T00:50:54,66,96,0.90,1
2026-09-27T00:50:55,65,96,0.94,1
2026-09-27T00:50:56,61,95,0.87,1
2026-09-27T00:50:57,64,95,0.90,1
2026-09-27T00:50:58,62,95,0.95,1
2026-09-27T00:50:59,64,97,0.94,1
2026-09-27T00:51:00,66,97,0.94,1
2026-09-27T00:51:01,61,95,0.91,1
2026-09-27T00:51:02,61,94,0.87,1
2026-09-27T00:51:03,64,97,0.88,1
2026-09-27T00:51:04,64,97,0.89,1
2026-09-27T00:51:05,60,97,0.89,1
2026-09-27T00:51:06,66,95,0.87,1
2026-09-27T00:51:07,62,95,0.90,1
2026-09-27T00:51:08,64,95,0.94,1
2026-09-27T00:51:09,64,97,0.90,1
2026-09-27T00:51:10,63,95,0.95,1
2026-09-27T00:51:11,65,97,0.86,1
2026-09-27T00:51:12,61,95,0.94,1
2026-09-27T00:51:13,60,96,0.92,1
2026-09-27T00:51:14,63,95,0.93,1
2026-09-27T00:51:15,62,94,0.86,1
2026-09-27T00:51:16,64,96,0.86,1
2026-09-27T00:51:17,65,96,0.90,1
2026-09-27T00:51:18,64,95,0.86,1
2026-09-27T00:51:19,66,94,0.94,1
2026-09-27T00:51:20,62,94,0.87,1
2026-09-27T00:51:21,61,97,0.90,1
2026-09-27T00:51:22,66,96,0.86,1
2026-09-27T00:51:23,60,97,0.91,1
2026-09-27T00:51:24,62,94,0.91,1
2026-09-27T00:51:25,64,95,0.86,1
2026-09-27T00:51:26,64,94,0.88,1
2026-09-27T00:51:27,63,94,0.94,1
2026-09-27T00:51:28,62,97,0.89,1
2026-09-27T00:51:29,64,94,0.87,1
2026-09-27T00:51:30,60,97,0.87,1
2026-09-27T00:51:31,63,96,0.86,1
2026-09-27T00:51:32,65,94,0.90,1
2026-09-27T00:51:33,65,94,0.86,1
2026-09-27T00:51:34,66,97,0.89,1
2026-09-27T00:51:35,62,94,0.93,1
2026-09-27T00:51:36,60,96,0.92,1
2026-09-27T00:51:37,65,94,0.94,1
2026-09-27T00:51:38,60,95,0.94,1
2026-09-27T00:51:39,61,94,0.89,1
2026-09-27T00:51:40,63,96,0.94,1
2026-09-27T00:51:41,60,94,0.89,1
2026-09-27T00:51:42,65,95,0.86,1
2026-09-27T00:51:43,61,97,0.89,1
2026-09-27T00:51:44,61,96,0.94,1
2026-09-27T00:51:45,63,97,0.92,1
2026-09-27T00:51:46,64,95,0.86,1
2026-09-27T00:51:47,64,95,0.93,1
2026-09-27T00:51:48,65,97,0.90,1
2026-09-27T00:51:49,63,97,0.91,1
2026-09-27T00:51:50,61,96,0.93,1
2026-09-27T00:51:51,65,96,0.94,1
2026-09-27T00:51:52,60,94,0.93,1
2026-09-27T00:51:53,66,95,0.88,1
2026-09-27T00:51:54,60,96,0.87,1
2026-09-27T00:51:55,65,97,0.90,1
2026-09-27T00:51:56,62,96,0.87,1
2026-09-27T00:51:57,63,94,0.92,1
2026-09-27T00:51:58,63,96,0.86,1
2026-09-27T00:51:59,65,94,0.93,1
2026-09-27T00:52:00,60,97,0.87,1
2026-09-27T00:52:01,65,94,0.90,1
2026-09-27T00:52:02,63,97,0.89,1
2026-09-27T00:52:03,63,96,0.94,1
2026-09-27T00:52:04,63,95,0.90,1
2026-09-27T00:52:05,65,95,0.91,1
2026-09-27T00:52:06,64,96,0.92,1
2026-09-27T00:52:07,65,96,0.92,1
2026-09-27T00:52:08,65,95,0.89,1
2026-09-27T00:52:09,60,97,0.87,1
2026-09-27T00:52:10,61,96,0.87,1
2026-09-27T00:52:11,60,94,0.92,1
2026-09-27T00:52:12,65,95,0.87,1
2026-09-27T00:52:13,61,94,0.87,1
2026-09-27T00:52:14,60,97,0.94,1
2026-09-27T00:52:15,64,96,0.89,1
2026-09-27T00:52:16,64,94,0.91,1
2026-09-27T00:52:17,63,97,0.92,1
2026-09-27T00:52:18,62,97,0.90,1
2026-09-27T00:52:19,65,95,0.93,1
2026-09-27T00:52:20,66,95,0.91,1
2026-09-27T00:52:21,64,97,0.88,1
2026-09-27T00:52:22,63,94,0.86,1
2026-09-27T00:52:23,66,96,0.86,1
2026-09-27T00:52:24,66,97,0.87,1
2026-09-27T00:52:25,64,94,0.87,1
2026-09-27T00:52:26,63,95,0.94,1
2026-09-27T00:52:27,65,95,0.90,1
2026-09-27T00:52:28,60,96,0.90,1
2026-09-27T00:52:29,63,97,0.86,1
2026-09-27T00:52:30,63,97,0.85,1
2026-09-27T00:52:31,63,94,0.87,1
2026-09-27T00:52:32,66,96,0.90,1
2026-09-27T00:52:33,63,95,0.88,1
2026-09-27T00:52:34,66,96,0.90,1
2026-09-27T00:52:35,63,97,0.91,1
2026-09-27T00:52:36,62,95,0.90,1
2026-09-27T00:52:37,63,94,0.92,1
2026-09-27T00:52:38,61,97,0.89,1
2026-09-27T00:52:39,64,96,0.91,1
2026-09-27T00:52:40,65,97,0.88,1
2026-09-27T00:52:41,60,97,0.89,1
2026-09-27T00:52:42,65,94,0.88,1
2026-09-27T00:52:43,66,97,0.93,1
2026-09-27T00:52:44,64,95,0.95,1
2026-09-27T00:52:45,62,96,0.91,1
2026-09-27T00:52:46,61,95,0.89,1
2026-09-27T00:52:47,61,94,0.92,1
2026-09-27T00:52:48,65,97,0.87,1
2026-09-27T00:52:49,66,95,0.87,1
2026-09-27T00:52:50,66,96,0.88,1
2026-09-27T00:52:51,66,97,0.86,1
2026-09-27T00:52:52,61,95,0.85,1
2026-09-27T00:52:53,65,95,0.90,1
2026-09-27T00:52:54,64,96,0.94,1
2026-09-27T00:52:55,64,94,0.88,1
2026-09-27T00:52:56,66,97,0.90,1
2026-09-27T00:52:57,63,94,0.95,1
2026-09-27T00:52:58,63,96,0.89,1
2026-09-27T00:52:59,63,96,0.91,1
2026-09-27T00:53:00,63,94,0.91,1
2026-09-27T00:53:01,65,95,0.87,1
2026-09-27T00:53:02,64,94,0.89,1
2026-09-27T00:53:03,61,94,0.94,1
2026-09-27T00:53:04,61,95,0.94,1
2026-09-27T00:53:05,65,94,0.95,1
2026-09-27T00:53:06,62,94,0.86,1
2026-09-27T00:53:07,64,95,0.92,1
2026-09-27T00:53:08,61,94,0.87,1
2026-09-27T00:53:09,63,94,0.92,1
2026-09-27T00:53:10,61,96,0.88,1
2026-09-27T00:53:11,62,95,0.89,1
2026-09-27T00:53:12,60,95,0.89,1
2026-09-27T00:53:13,63,97,0.89,1
2026-09-27T00:53:14,63,96,0.88,1
2026-09-27T00:53:15,63,94,0.92,1
2026-09-27T00:53:16,62,96,0.91,1
2026-09-27T00:53:17,62,97,0.88,1
2026-09-27T00:53:18,66,95,0.86,1
2026-09-27T00:53:19,66,94,0.92,1
2026-09-27T00:53:20,65,95,0.94,1
2026-09-27T00:53:21,60,95,0.86,1
2026-09-27T00:53:22,63,95,0.85,1
2026-09-27T00:53:23,65,95,0.92,1
2026-09-27T00:53:24,62,95,0.90,1
2026-09-27T00:53:25,65,97,0.92,1
2026-09-27T00:53:26,65,95,0.91,1
2026-09-27T00:53:27,63,95,0.90,1
2026-09-27T00:53:28,61,96,0.87,1
2026-09-27T00:53:29,61,94,0.89,1
2026-09-27T00:53:30,60,95,0.87,1
2026-09-27T00:53:31,64,94,0.87,1
2026-09-27T00:53:32,66,95,0.94,1
2026-09-27T00:53:33,64,95,0.95,1
2026-09-27T00:53:34,65,94,0.89,1
2026-09-27T00:53:35,65,94,0.87,1
2026-09-27T00:53:36,61,96,0.90,1
2026-09-27T00:53:37,66,95,0.92,1
2026-09-27T00:53:38,60,94,0.86,1
2026-09-27T00:53:39,64,97,0.85,1
2026-09-27T00:53:40,61,95,0.94,1
2026-09-27T00:53:41,60,95,0.87,1
2026-09-27T00:53:42,63,95,0.87,1
2026-09-27T00:53:43,64,97,0.89,1
2026-09-27T00:53:44,61,94,0.93,1
2026-09-27T00:53:45,61,95,0.90,1
2026-09-27T00:53:46,63,97,0.92,1
2026-09-27T00:53:47,65,94,0.89,1
2026-09-27T00:53:48,61,97,0.90,1
2026-09-27T00:53:49,63,94,0.92,1
2026-09-27T00:53:50,63,94,0.87,1
2026-09-27T00:53:51,60,95,0.92,1
2026-09-27T00:53:52,60,95,0.91,1
2026-09-27T00:53:53,63,97,0.93,1
2026-09-27T00:53:54,60,95,0.93,1
2026-09-27T00:53:55,64,97,0.90,1
2026-09-27T00:53:56,62,94,0.87,1
2026-09-27T00:53:57,61,95,0.93,1
2026-09-27T00:53:58,64,94,0.92,1
2026-09-27T00:53:59,62,95,0.85,1
2026-09-27T00:54:00,66,94,0.91,1
2026-09-27T00:54:01,64,97,0.88,1
2026-09-27T00:54:02,62,97,0.89,1
2026-09-27T00:54:03,62,96,0.85,1
2026-09-27T00:54:04,64,94,0.90,1
2026-09-27T00:54:05,61,97,0.88,1
2026-09-27T00:54:06,65,94,0.94,1
2026-09-27T00:54:07,60,96,0.92,1
2026-09-27T00:54:08,65,97,0.88,1
2026-09-27T00:54:09,61,97,0.87,1
2026-09-27T00:54:10,61,95,0.89,1
2026-09-27T00:54:11,60,96,0.88,1
2026-09-27T00:54:12,61,96,0.92,1
2026-09-27T00:54:13,66,95,0.85,1
2026-09-27T00:54:14,62,96,0.90,1
2026-09-27T00:54:15,62,94,0.86,1
2026-09-27T00:54:16,64,96,0.86,1
2026-09-27T00:54:17,62,97,0.86,1
2026-09-27T00:54:18,64,97,0.92,1
2026-09-27T00:54:19,63,94,0.88,1
2026-09-27T00:54:20,65,95,0.87,1
2026-09-27T00:54:21,66,96,0.88,1
2026-09-27T00:54:22,64,97,0.93,1
2026-09-27T00:54:23,66,96,0.92,1
2026-09-27T00:54:24,65,94,0.87,1
2026-09-27T00:54:25,66,96,0.91,1
2026-09-27T00:54:26,63,95,0.86,1
2026-09-27T00:54:27,64,94,0.89,1
2026-09-27T00:54:28,62,94,0.86,1
2026-09-27T00:54:29,60,97,0.88,1
2026-09-27T00:54:30,64,95,0.86,1
2026-09-27T00:54:31,63,96,0.87,1
2026-09-27T00:54:32,66,97,0.90,1
2026-09-27T00:54:33,65,96,0.91,1
2026-09-27T00:54:34,61,97,0.92,1
2026-09-27T00:54:35,66,95,0.91,1
2026-09-27T00:54:36,64,95,0.90,1
2026-09-27T00:54:37,63,97,0.88,1
2026-09-27T00:54:38,64,97,0.88,1
2026-09-27T00:54:39,60,94,0.85,1
2026-09-27T00:54:40,61,97,0.89,1
2026-09-27T00:54:41,66,95,0.89,1
2026-09-27T00:54:42,60,94,0.94,1
2026-09-27T00:54:43,60,95,0.93,1
2026-09-27T00:54:44,60,96,0.87,1
2026-09-27T00:54:45,60,95,0.89,1
2026-09-27T00:54:46,65,97,0.85,1
2026-09-27T00:54:47,65,97,0.87,1
2026-09-27T00:54:48,62,94,0.85,1
2026-09-27T00:54:49,60,95,0.90,1
2026-09-27T00:54:50,60,95,0.87,1
2026-09-27T00:54:51,61,97,0.94,1
2026-09-27T00:54:52,60,97,0.91,1
2026-09-27T00:54:53,66,96,0.91,1
2026-09-27T00:54:54,63,96,0.88,1
2026-09-27T00:54:55,64,94,0.94,1
2026-09-27T00:54:56,64,96,0.94,1
2026-09-27T00:54:57,62,94,0.85,1
2026-09-27T00:54:58,63,96,0.90,1
2026-09-27T00:54:59,63,95,0.86,1
2026-09-27T00:55:00,63,95,0.86,1
2026-09-27T00:55:01,60,95,0.89,1
2026-09-27T00:55:02,60,97,0.91,1
2026-09-27T00:55:03,66,96,0.91,1
2026-09-27T00:55:04,63,95,0.89,1
2026-09-27T00:55:05,66,97,0.94,1
2026-09-27T00:55:06,60,97,0.92,1
2026-09-27T00:55:07,63,97,0.93,1
2026-09-27T00:55:08,65,96,0.87,1
2026-09-27T00:55:09,62,94,0.89,1
2026-09-27T00:55:10,60,97,0.91,1
2026-09-27T00:55:11,66,95,0.90,1
2026-09-27T00:55:12,62,95,0.95,1
2026-09-27T00:55:13,61,96,0.91,1
2026-09-27T00:55:14,63,95,0.92,1
2026-09-27T00:55:15,62,94,0.91,1
2026-09-27T00:55:16,62,97,0.92,1
2026-09-27T00:55:17,65,97,0.89,1
2026-09-27T00:55:18,62,96,0.95,1
2026-09-27T00:55:19,65,95,0.87,1
2026-09-27T00:55:20,64,97,0.93,1
2026-09-27T00:55:21,61,97,0.94,1
2026-09-27T00:55:22,62,95,0.90,1
2026-09-27T00:55:23,63,94,0.86,1
2026-09-27T00:55:24,63,97,0.88,1
2026-09-27T00:55:25,66,97,0.87,1
2026-09-27T00:55:26,62,94,0.89,1
2026-09-27T00:55:27,66,97,0.89,1
2026-09-27T00:55:28,61,96,0.91,1
2026-09-27T00:55:29,66,96,0.88,1
2026-09-27T00:55:30,61,97,0.85,1
2026-09-27T00:55:31,62,95,0.94,1
2026-09-27T00:55:32,61,95,0.95,1
2026-09-27T00:55:33,61,96,0.94,1
2026-09-27T00:55:34,60,97,0.88,1
2026-09-27T00:55:35,65,94,0.87,1
2026-09-27T00:55:36,64,97,0.92,1
2026-09-27T00:55:37,60,95,0.91,1
2026-09-27T00:55:38,63,96,0.91,1
2026-09-27T00:55:39,60,97,0.85,1
2026-09-27T00:55:40,65,94,0.88,1
2026-09-27T00:55:41,64,95,0.94,1
2026-09-27T00:55:42,64,97,0.86,1
2026-09-27T00:55:43,62,94,0.91,1
2026-09-27T00:55:44,66,97,0.94,1
2026-09-27T00:55:45,66,95,0.85,1
2026-09-27T00:55:46,65,96,0.90,1
2026-09-27T00:55:47,60,95,0.94,1
2026-09-27T00:55:48,65,97,0.91,1
2026-09-27T00:55:49,63,96,0.92,1
2026-09-27T00:55:50,63,96,0.90,1
2026-09-27T00:55:51,61,95,0.89,1
2026-09-27T00:55:52,66,97,0.94,1
2026-09-27T00:55:53,64,94,0.90,1
2026-09-27T00:55:54,60,96,0.95,1
2026-09-27T00:55:55,63,95,0.86,1
2026-09-27T00:55:56,64,94,0.88,1
2026-09-27T00:55:57,60,97,0.86,1
2026-09-27T00:55:58,66,97,0.85,1
2026-09-27T00:55:59,62,94,0.85,1
2026-09-27T00:56:00,62,95,0.88,1
2026-09-27T00:56:01,60,96,0.87,1
2026-09-27T00:56:02,62,97,0.89,1
2026-09-27T00:56:03,61,97,0.90,1
2026-09-27T00:56:04,66,95,0.88,1
2026-09-27T00:56:05,63,95,0.89,1
2026-09-27T00:56:06,63,97,0.93,1
2026-09-27T00:56:07,62,97,0.86,1
2026-09-27T00:56:08,63,95,0.94,1
2026-09-27T00:56:09,62,95,0.87,1
2026-09-27T00:56:10,60,97,0.87,1
2026-09-27T00:56:11,61,96,0.90,1
2026-09-27T00:56:12,63,94,0.89,1
2026-09-27T00:56:13,62,96,0.87,1
2026-09-27T00:56:14,61,97,0.88,1
2026-09-27T00:56:15,65,96,0.94,1
2026-09-27T00:56:16,62,96,0.94,1
2026-09-27T00:56:17,60,97,0.87,1
2026-09-27T00:56:18,66,96,0.93,1
2026-09-27T00:56:19,66,97,0.92,1
2026-09-27T00:56:20,65,94,0.93,1
2026-09-27T00:56:21,61,96,0.95,1
2026-09-27T00:56:22,61,96,0.88,1
2026-09-27T00:56:23,66,95,0.88,1
2026-09-27T00:56:24,66,96,0.90,1
2026-09-27T00:56:25,60,95,0.90,1
2026-09-27T00:56:26,63,96,0.88,1
2026-09-27T00:56:27,64,94,0.90,1
2026-09-27T00:56:28,65,97,0.94,1
2026-09-27T00:56:29,65,95,0.92,1
2026-09-27T00:56:30,62,94,0.90,1
2026-09-27T00:56:31,61,95,0.91,1
2026-09-27T00:56:32,65,95,0.91,1
2026-09-27T00:56:33,65,96,0.91,1
2026-09-27T00:56:34,63,94,0.87,1
2026-09-27T00:56:35,62,96,0.93,1
2026-09-27T00:56:36,65,96,0.88,1
2026-09-27T00:56:37,60,97,0.86,1
2026-09-27T00:56:38,65,94,0.92,1
2026-09-27T00:56:39,65,97,0.95,1
2026-09-27T00:56:40,65,96,0.90,1
2026-09-27T00:56:41,66,94,0.87,1
2026-09-27T00:56:42,64,96,0.93,1
2026-09-27T00:56:43,61,95,0.88,1
2026-09-27T00:56:44,61,97,0.91,1
2026-09-27T00:56:45,65,94,0.92,1
2026-09-27T00:56:46,60,97,0.93,1
2026-09-27T00:56:47,64,94,0.89,1
2026-09-27T00:56:48,62,97,0.94,1
2026-09-27T00:56:49,65,96,0.91,1
2026-09-27T00:56:50,66,96,0.90,1
2026-09-27T00:56:51,64,94,0.90,1
2026-09-27T00:56:52,64,95,0.87,1
2026-09-27T00:56:53,63,94,0.88,1
2026-09-27T00:56:54,60,94,0.87,1
2026-09-27T00:56:55,65,96,0.90,1
2026-09-27T00:56:56,60,96,0.86,1
2026-09-27T00:56:57,65,95,0.93,1
2026-09-27T00:56:58,64,95,0.94,1
2026-09-27T00:56:59,63,94,0.86,1
2026-09-27T00:57:00,66,96,0.87,1
2026-09-27T00:57:01,63,94,0.93,1
2026-09-27T00:57:02,64,97,0.86,1
2026-09-27T00:57:03,66,94,0.89,1
2026-09-27T00:57:04,62,94,0.88,1
2026-09-27T00:57:05,60,94,0.88,1
2026-09-27T00:57:06,61,95,0.87,1
2026-09-27T00:57:07,66,96,0.90,1
2026-09-27T00:57:08,62,96,0.88,1
2026-09-27T00:57:09,64,97,0.85,1
2026-09-27T00:57:10,64,94,0.90,1
2026-09-27T00:57:11,62,94,0.92,1
2026-09-27T00:57:12,61,94,0.91,1
2026-09-27T00:57:13,62,94,0.85,1
2026-09-27T00:57:14,64,96,0.88,1
2026-09-27T00:57:15,65,97,0.93,1
2026-09-27T00:57:16,64,94,0.89,1
2026-09-27T00:57:17,64,96,0.90,1
2026-09-27T00:57:18,62,96,0.85,1
2026-09-27T00:57:19,62,95,0.89,1
2026-09-27T00:57:20,64,97,0.87,1
2026-09-27T00:57:21,61,97,0.88,1
2026-09-27T00:57:22,66,95,0.87,1
2026-09-27T00:57:23,61,94,0.86,1
2026-09-27T00:57:24,64,95,0.87,1
2026-09-27T00:57:25,61,95,0.86,1
2026-09-27T00:57:26,61,95,0.94,1
2026-09-27T00:57:27,60,96,0.94,1
2026-09-27T00:57:28,66,94,0.88,1
2026-09-27T00:57:29,61,94,0.88,1
2026-09-27T00:57:30,61,97,0.86,1
2026-09-27T00:57:31,65,94,0.87,1
2026-09-27T00:57:32,66,96,0.92,1
2026-09-27T00:57:33,64,96,0.90,1
2026-09-27T00:57:34,63,96,0.85,1
2026-09-27T00:57:35,64,95,0.94,1
2026-09-27T00:57:36,63,97,0.93,1
2026-09-27T00:57:37,65,95,0.91,1
2026-09-27T00:57:38,65,97,0.88,1
2026-09-27T00:57:39,64,95,0.88,1
2026-09-27T00:57:40,66,97,0.87,1
2026-09-27T00:57:41,66,97,0.88,1
2026-09-27T00:57:42,63,97,0.89,1
2026-09-27T00:57:43,64,96,0.87,1
2026-09-27T00:57:44,60,96,0.88,1
2026-09-27T00:57:45,62,94,0.90,1
2026-09-27T00:57:46,66,94,0.91,1
2026-09-27T00:57:47,65,95,0.91,1
2026-09-27T00:57:48,60,97,0.88,1
2026-09-27T00:57:49,65,96,0.87,1
2026-09-27T00:57:50,60,95,0.94,1
2026-09-27T00:57:51,65,94,0.89,1
2026-09-27T00:57:52,60,95,0.91,1
2026-09-27T00:57:53,60,96,0.90,1
2026-09-27T00:57:54,60,94,0.95,1
2026-09-27T00:57:55,62,96,0.95,1
2026-09-27T00:57:56,66,97,0.94,1
2026-09-27T00:57:57,61,97,0.88,1
2026-09-27T00:57:58,62,96,0.86,1
2026-09-27T00:57:59,62,94,0.90,1
2026-09-27T00:58:00,62,97,0.95,1
2026-09-27T00:58:01,66,97,0.85,1
2026-09-27T00:58:02,62,95,0.90,1
2026-09-27T00:58:03,60,95,0.92,1
2026-09-27T00:58:04,66,97,0.86,1
2026-09-27T00:58:05,62,97,0.87,1
2026-09-27T00:58:06,65,94,0.88,1
2026-09-27T00:58:07,64,94,0.87,1
2026-09-27T00:58:08,65,96,0.90,1
2026-09-27T00:58:09,65,96,0.86,1
2026-09-27T00:58:10,61,95,0.95,1
2026-09-27T00:58:11,63,96,0.94,1
2026-09-27T00:58:12,61,97,0.88,1
2026-09-27T00:58:13,62,95,0.94,1
2026-09-27T00:58:14,61,97,0.91,1
2026-09-27T00:58:15,65,95,0.86,1
2026-09-27T00:58:16,63,97,0.93,1
2026-09-27T00:58:17,60,94,0.95,1
2026-09-27T00:58:18,61,94,0.92,1
2026-09-27T00:58:19,65,94,0.92,1
2026-09-27T00:58:20,64,95,0.93,1
2026-09-27T00:58:21,63,95,0.95,1
2026-09-27T00:58:22,65,94,0.88,1
2026-09-27T00:58:23,63,97,0.95,1
2026-09-27T00:58:24,66,95,0.90,1
2026-09-27T00:58:25,63,94,0.87,1
2026-09-27T00:58:26,61,95,0.88,1
2026-09-27T00:58:27,60,95,0.86,1
2026-09-27T00:58:28,62,97,0.85,1
2026-09-27T00:58:29,66,94,0.91,1
2026-09-27T00:58:30,60,96,0.86,1
2026-09-27T00:58:31,66,95,0.89,1
2026-09-27T00:58:32,66,94,0.90,1
2026-09-27T00:58:33,60,97,0.87,1
2026-09-27T00:58:34,61,97,0.94,1
2026-09-27T00:58:35,61,95,0.88,1
2026-09-27T00:58:36,66,97,0.87,1
2026-09-27T00:58:37,64,96,0.94,1
2026-09-27T00:58:38,64,97,0.90,1
2026-09-27T00:58:39,61,97,0.89,1
2026-09-27T00:58:40,64,94,0.93,1
2026-09-27T00:58:41,63,96,0.85,1
2026-09-27T00:58:42,64,94,0.88,1
2026-09-27T00:58:43,64,96,0.87,1
2026-09-27T00:58:44,63,96,0.90,1
2026-09-27T00:58:45,63,97,0.89,1
2026-09-27T00:58:46,60,96,0.95,1
2026-09-27T00:58:47,61,96,0.92,1
2026-09-27T00:58:48,60,94,0.88,1
2026-09-27T00:58:49,66,94,0.93,1
2026-09-27T00:58:50,62,97,0.88,1
2026-09-27T00:58:51,66,97,0.85,1
2026-09-27T00:58:52,64,97,0.90,1
2026-09-27T00:58:53,65,96,0.87,1
2026-09-27T00:58:54,61,96,0.92,1
2026-09-27T00:58:55,66,94,0.94,1
2026-09-27T00:58:56,66,94,0.85,1
2026-09-27T00:58:57,62,95,0.89,1
2026-09-27T00:58:58,62,97,0.92,1
2026-09-27T00:58:59,63,95,0.89,1
2026-09-27T00:59:00,63,97,0.86,1
2026-09-27T00:59:01,62,96,0.86,1
2026-09-27T00:59:02,65,95,0.90,1
2026-09-27T00:59:03,63,94,0.85,1
2026-09-27T00:59:04,65,97,0.93,1
2026-09-27T00:59:05,60,97,0.85,1
2026-09-27T00:59:06,60,96,0.92,1
2026-09-27T00:59:07,65,96,0.87,1
2026-09-27T00:59:08,65,96,0.88,1
2026-09-27T00:59:09,65,95,0.93,1
2026-09-27T00:59:10,62,96,0.87,1
2026-09-27T00:59:11,62,94,0.91,1
2026-09-27T00:59:12,62,96,0.87,1
2026-09-27T00:59:13,60,95,0.93,1
2026-09-27T00:59:14,63,97,0.94,1
2026-09-27T00:59:15,65,97,0.85,1
2026-09-27T00:59:16,60,97,0.93,1
2026-09-27T00:59:17,61,95,0.90,1
2026-09-27T00:59:18,63,94,0.95,1
2026-09-27T00:59:19,65,95,0.91,1
2026-09-27T00:59:20,60,94,0.95,1
2026-09-27T00:59:21,66,95,0.92,1
2026-09-27T00:59:22,66,94,0.93,1
2026-09-27T00:59:23,60,96,0.93,1
2026-09-27T00:59:24,62,95,0.91,1
2026-09-27T00:59:25,63,97,0.91,1
2026-09-27T00:59:26,61,97,0.93,1
2026-09-27T00:59:27,64,94,0.90,1
2026-09-27T00:59:28,66,94,0.91,1
2026-09-27T00:59:29,65,95,0.86,1
2026-09-27T00:59:30,63,94,0.94,1
2026-09-27T00:59:31,60,95,0.87,1
2026-09-27T00:59:32,65,95,0.86,1
2026-09-27T00:59:33,66,95,0.87,1
2026-09-27T00:59:34,61,95,0.89,1
2026-09-27T00:59:35,62,95,0.95,1
2026-09-27T00:59:36,62,95,0.92,1
2026-09-27T00:59:37,64,96,0.86,1
2026-09-27T00:59:38,64,95,0.91,1
2026-09-27T00:59:39,62,97,0.86,1
2026-09-27T00:59:40,64,94,0.89,1
2026-09-27T00:59:41,63,94,0.90,1
2026-09-27T00:59:42,63,94,0.95,1
2026-09-27T00:59:43,65,97,0.92,1
2026-09-27T00:59:44,60,94,0.90,1
2026-09-27T00:59:45,60,97,0.91,1
2026-09-27T00:59:46,61,95,0.89,1
2026-09-27T00:59:47,64,97,0.91,1
2026-09-27T00:59:48,65,97,0.90,1
2026-09-27T00:59:49,64,97,0.92,1
2026-09-27T00:59:50,62,94,0.94,1
2026-09-27T00:59:51,61,95,0.88,1
2026-09-27T00:59:52,62,95,0.90,1
2026-09-27T00:59:53,65,94,0.92,1
2026-09-27T00:59:54,64,94,0.86,1
2026-09-27T00:59:55,61,95,0.89,1
2026-09-27T00:59:56,60,95,0.88,1
2026-09-27T00:59:57,62,96,0.89,1
2026-09-27T00:59:58,60,96,0.88,1
2026-09-27T00:59:59,65,97,0.92,1
2026-09-27T01:00:00,65,94,0.86,1
2026-09-27T01:00:01,65,94,0.90,1
2026-09-27T01:00:02,65,97,0.92,1
2026-09-27T01:00:03,62,95,0.94,1
2026-09-27T01:00:04,64,94,0.89,1
2026-09-27T01:00:05,62,94,0.94,1
2026-09-27T01:00:06,64,94,0.92,1
2026-09-27T01:00:07,66,96,0.91,1
2026-09-27T01:00:08,60,95,0.89,1
2026-09-27T01:00:09,63,94,0.89,1
2026-09-27T01:00:10,64,94,0.94,1
2026-09-27T01:00:11,64,94,0.91,1
2026-09-27T01:00:12,63,96,0.88,1
2026-09-27T01:00:13,62,94,0.93,1
2026-09-27T01:00:14,60,96,0.93,1
2026-09-27T01:00:15,64,96,0.87,1
2026-09-27T01:00:16,62,94,0.85,1
2026-09-27T01:00:17,64,94,0.91,1
2026-09-27T01:00:18,61,96,0.89,1
2026-09-27T01:00:19,63,95,0.87,1
2026-09-27T01:00:20,62,95,0.90,1
2026-09-27T01:00:21,60,94,0.86,1
2026-09-27T01:00:22,63,96,0.94,1
2026-09-27T01:00:23,66,94,0.90,1
2026-09-27T01:00:24,64,94,0.94,1
2026-09-27T01:00:25,62,96,0.88,1
2026-09-27T01:00:26,64,96,0.94,1
2026-09-27T01:00:27,66,96,0.86,1
2026-09-27T01:00:28,60,97,0.85,1
2026-09-27T01:00:29,62,94,0.88,1
2026-09-27T01:00:30,65,96,0.88,1
2026-09-27T01:00:31,60,94,0.91,1
2026-09-27T01:00:32,64,96,0.90,1
2026-09-27T01:00:33,66,94,0.88,1
2026-09-27T01:00:34,62,96,0.94,1
2026-09-27T01:00:35,66,94,0.91,1
2026-09-27T01:00:36,64,94,0.94,1
2026-09-27T01:00:37,65,96,0.93,1
2026-09-27T01:00:38,61,97,0.93,1
2026-09-27T01:00:39,65,94,0.92,1
2026-09-27T01:00:40,64,97,0.94,1
2026-09-27T01:00:41,62,96,0.93,1
2026-09-27T01:00:42,60,95,0.90,1
2026-09-27T01:00:43,64,95,0.94,1
2026-09-27T01:00:44,65,94,0.95,1
2026-09-27T01:00:45,65,94,0.85,1
2026-09-27T01:00:46,64,95,0.88,1
2026-09-27T01:00:47,63,96,0.85,1
2026-09-27T01:00:48,61,94,0.85,1
2026-09-27T01:00:49,65,94,0.85,1
2026-09-27T01:00:50,65,96,0.90,1
2026-09-27T01:00:51,65,96,0.92,1
2026-09-27T01:00:52,61,97,0.90,1
2026-09-27T01:00:53,61,94,0.94,1
2026-09-27T01:00:54,66,94,0.89,1
2026-09-27T01:00:55,65,97,0.94,1
2026-09-27T01:00:56,62,96,0.89,1
2026-09-27T01:00:57,61,94,0.88,1
2026-09-27T01:00:58,66,94,0.89,1
2026-09-27T01:00:59,62,97,0.91,1
2026-09-27T01:01:00,62,95,0.91,1
2026-09-27T01:01:01,62,94,0.95,1
2026-09-27T01:01:02,66,94,0.86,1
2026-09-27T01:01:03,61,97,0.89,1
2026-09-27T01:01:04,60,94,0.94,1
2026-09-27T01:01:05,62,95,0.93,1
2026-09-27T01:01:06,61,95,0.92,1
2026-09-27T01:01:07,61,95,0.90,1
2026-09-27T01:01:08,65,97,0.88,1
2026-09-27T01:01:09,66,96,0.92,1
2026-09-27T01:01:10,60,96,0.89,1
2026-09-27T01:01:11,61,94,0.93,1
2026-09-27T01:01:12,62,94,0.88,1
2026-09-27T01:01:13,62,96,0.87,1
2026-09-27T01:01:14,61,96,0.94,1
2026-09-27T01:01:15,65,94,0.91,1
2026-09-27T01:01:16,60,95,0.88,1
2026-09-27T01:01:17,62,95,0.85,1
2026-09-27T01:01:18,66,97,0.92,1
2026-09-27T01:01:19,63,94,0.88,1
2026-09-27T01:01:20,62,96,0.89,1
2026-09-27T01:01:21,66,97,0.86,1
2026-09-27T01:01:22,61,96,0.89,1
2026-09-27T01:01:23,66,97,0.92,1
2026-09-27T01:01:24,64,94,0.88,1
2026-09-27T01:01:25,63,97,0.94,1
2026-09-27T01:01:26,60,95,0.92,1
2026-09-27T01:01:27,60,95,0.85,1
2026-09-27T01:01:28,60,96,0.88,1
2026-09-27T01:01:29,64,94,0.87,1
2026-09-27T01:01:30,65,96,0.94,1
2026-09-27T01:01:31,62,97,0.89,1
2026-09-27T01:01:32,61,97,0.92,1
2026-09-27T01:01:33,64,96,0.87,1
2026-09-27T01:01:34,61,97,0.88,1
2026-09-27T01:01:35,60,96,0.94,1
2026-09-27T01:01:36,63,95,0.92,1
2026-09-27T01:01:37,65,94,0.93,1
2026-09-27T01:01:38,63,96,0.87,1
2026-09-27T01:01:39,65,97,0.89,1
2026-09-27T01:01:40,65,96,0.93,1
2026-09-27T01:01:41,61,95,0.93,1
2026-09-27T01:01:42,63,97,0.89,1
2026-09-27T01:01:43,60,95,0.91,1
2026-09-27T01:01:44,63,95,0.91,1
2026-09-27T01:01:45,64,95,0.88,1
2026-09-27T01:01:46,65,94,0.91,1
2026-09-27T01:01:47,63,96,0.88,1
2026-09-27T01:01:48,60,94,0.90,1
2026-09-27T01:01:49,60,96,0.91,1
2026-09-27T01:01:50,60,97,0.90,1
2026-09-27T01:01:51,64,97,0.90,1
2026-09-27T01:01:52,63,97,0.88,1
2026-09-27T01:01:53,66,96,0.94,1
2026-09-27T01:01:54,66,94,0.93,1
2026-09-27T01:01:55,60,94,0.93,1
2026-09-27T01:01:56,64,94,0.92,1
2026-09-27T01:01:57,64,94,0.95,1
2026-09-27T01:01:58,61,96,0.86,1
2026-09-27T01:01:59,62,95,0.89,1
2026-09-27T01:02:00,64,95,0.92,1
2026-09-27T01:02:01,64,95,0.87,1
2026-09-27T01:02:02,62,95,0.92,1
2026-09-27T01:02:03,62,95,0.92,1
2026-09-27T01:02:04,66,96,0.86,1
2026-09-27T01:02:05,62,96,0.86,1
2026-09-27T01:02:06,64,97,0.89,1
2026-09-27T01:02:07,60,94,0.87,1
2026-09-27T01:02:08,62,96,0.85,1
2026-09-27T01:02:09,61,96,0.92,1
2026-09-27T01:02:10,61,96,0.87,1
2026-09-27T01:02:11,62,95,0.93,1
2026-09-27T01:02:12,63,94,0.95,1
2026-09-27T01:02:13,60,94,0.92,1
2026-09-27T01:02:14,61,96,0.85,1
2026-09-27T01:02:15,66,95,0.92,1
2026-09-27T01:02:16,63,94,0.91,1
2026-09-27T01:02:17,65,97,0.91,1
2026-09-27T01:02:18,61,94,0.86,1
2026-09-27T01:02:19,63,95,0.93,1
2026-09-27T01:02:20,64,94,0.93,1
2026-09-27T01:02:21,66,96,0.95,1
2026-09-27T01:02:22,64,94,0.94,1
2026-09-27T01:02:23,65,97,0.88,1
2026-09-27T01:02:24,63,94,0.94,1
2026-09-27T01:02:25,63,95,0.86,1
2026-09-27T01:02:26,62,96,0.86,1
2026-09-27T01:02:27,60,97,0.94,1
2026-09-27T01:02:28,62,97,0.86,1
2026-09-27T01:02:29,65,96,0.93,1
2026-09-27T01:02:30,66,95,0.95,1
2026-09-27T01:02:31,60,95,0.86,1
2026-09-27T01:02:32,64,97,0.91,1
2026-09-27T01:02:33,65,97,0.92,1
2026-09-27T01:02:34,63,97,0.92,1
2026-09-27T01:02:35,62,96,0.94,1
2026-09-27T01:02:36,61,95,0.90,1
2026-09-27T01:02:37,66,94,0.87,1
2026-09-27T01:02:38,64,96,0.94,1
2026-09-27T01:02:39,60,94,0.93,1
2026-09-27T01:02:40,64,94,0.92,1
2026-09-27T01:02:41,64,94,0.92,1
2026-09-27T01:02:42,65,96,0.86,1
2026-09-27T01:02:43,66,96,0.86,1
2026-09-27T01:02:44,62,96,0.90,1
2026-09-27T01:02:45,60,95,0.86,1
2026-09-27T01:02:46,63,97,0.89,1
2026-09-27T01:02:47,66,96,0.90,1
2026-09-27T01:02:48,60,94,0.94,1
2026-09-27T01:02:49,64,97,0.88,1
2026-09-27T01:02:50,63,96,0.87,1
2026-09-27T01:02:51,65,97,0.93,1
2026-09-27T01:02:52,63,94,0.87,1
2026-09-27T01:02:53,62,96,0.85,1
2026-09-27T01:02:54,64,94,0.90,1
2026-09-27T01:02:55,62,94,0.93,1
2026-09-27T01:02:56,64,95,0.89,1
2026-09-27T01:02:57,62,96,0.87,1
2026-09-27T01:02:58,61,96,0.92,1
2026-09-27T01:02:59,64,96,0.86,1
2026-09-27T01:03:00,64,96,0.89,1
2026-09-27T01:03:01,64,97,0.85,1
2026-09-27T01:03:02,62,97,0.90,1
2026-09-27T01:03:03,61,94,0.86,1
2026-09-27T01:03:04,64,95,0.85,1
2026-09-27T01:03:05,66,97,0.94,1
2026-09-27T01:03:06,60,94,0.94,1
2026-09-27T01:03:07,60,97,0.90,1
2026-09-27T01:03:08,64,94,0.85,1
2026-09-27T01:03:09,61,95,0.87,1
2026-09-27T01:03:10,64,94,0.92,1
2026-09-27T01:03:11,65,96,0.91,1
2026-09-27T01:03:12,64,95,0.90,1
2026-09-27T01:03:13,66,95,0.92,1
2026-09-27T01:03:14,65,94,0.89,1
2026-09-27T01:03:15,64,95,0.90,1
2026-09-27T01:03:16,65,94,0.91,1
2026-09-27T01:03:17,63,97,0.86,1
2026-09-27T01:03:18,60,94,0.88,1
2026-09-27T01:03:19,63,96,0.89,1
2026-09-27T01:03:20,65,97,0.90,1
2026-09-27T01:03:21,65,96,0.87,1
2026-09-27T01:03:22,64,97,0.90,1
2026-09-27T01:03:23,61,94,0.90,1
2026-09-27T01:03:24,62,97,0.88,1
2026-09-27T01:03:25,62,97,0.95,1
2026-09-27T01:03:26,63,97,0.94,1
2026-09-27T01:03:27,65,96,0.94,1
2026-09-27T01:03:28,62,94,0.88,1
2026-09-27T01:03:29,65,94,0.91,1
2026-09-27T01:03:30,63,95,0.87,1
2026-09-27T01:03:31,64,94,0.91,1
2026-09-27T01:03:32,63,97,0.91,1
2026-09-27T01:03:33,63,97,0.92,1
2026-09-27T01:03:34,60,96,0.95,1
2026-09-27T01:03:35,66,95,0.91,1
2026-09-27T01:03:36,61,94,0.90,1
2026-09-27T01:03:37,60,94,0.87,1
2026-09-27T01:03:38,66,95,0.95,1
2026-09-27T01:03:39,63,94,0.87,1
2026-09-27T01:03:40,64,96,0.89,1
2026-09-27T01:03:41,63,95,0.90,1
2026-09-27T01:03:42,64,94,0.91,1
2026-09-27T01:03:43,62,96,0.95,1
2026-09-27T01:03:44,66,95,0.94,1
2026-09-27T01:03:45,66,95,0.88,1
2026-09-27T01:03:46,65,96,0.93,1
2026-09-27T01:03:47,63,97,0.94,1
2026-09-27T01:03:48,65,95,0.88,1
2026-09-27T01:03:49,62,95,0.89,1
2026-09-27T01:03:50,64,97,0.90,1
2026-09-27T01:03:51,66,96,0.86,1
2026-09-27T01:03:52,60,94,0.89,1
2026-09-27T01:03:53,60,94,0.94,1
2026-09-27T01:03:54,62,95,0.90,1
2026-09-27T01:03:55,66,97,0.93,1
2026-09-27T01:03:56,65,94,0.91,1
2026-09-27T01:03:57,63,95,0.91,1
2026-09-27T01:03:58,64,97,0.89,1
2026-09-27T01:03:59,60,97,0.86,1
2026-09-27T01:04:00,63,94,0.92,1
2026-09-27T01:04:01,66,94,0.90,1
2026-09-27T01:04:02,63,94,0.87,1
2026-09-27T01:04:03,63,96,0.88,1
2026-09-27T01:04:04,62,94,0.90,1
2026-09-27T01:04:05,62,94,0.95,1
2026-09-27T01:04:06,63,94,0.93,1
2026-09-27T01:04:07,63,96,0.95,1
2026-09-27T01:04:08,63,95,0.86,1
2026-09-27T01:04:09,66,95,0.85,1
2026-09-27T01:04:10,64,94,0.92,1
2026-09-27T01:04:11,61,95,0.88,1
2026-09-27T01:04:12,62,94,0.87,1
2026-09-27T01:04:13,66,95,0.89,1
2026-09-27T01:04:14,66,94,0.85,1
2026-09-27T01:04:15,64,97,0.90,1
2026-09-27T01:04:16,64,94,0.91,1
2026-09-27T01:04:17,64,96,0.94,1
2026-09-27T01:04:18,61,94,0.90,1
2026-09-27T01:04:19,61,94,0.90,1
2026-09-27T01:04:20,66,95,0.92,1
2026-09-27T01:04:21,64,96,0.93,1
2026-09-27T01:04:22,60,94,0.90,1
2026-09-27T01:04:23,64,97,0.86,1
2026-09-27T01:04:24,62,96,0.91,1
2026-09-27T01:04:25,66,94,0.91,1
2026-09-27T01:04:26,61,96,0.93,1
2026-09-27T01:04:27,63,96,0.86,1
2026-09-27T01:04:28,62,95,0.94,1
2026-09-27T01:04:29,62,96,0.92,1
2026-09-27T01:04:30,64,95,0.91,1
2026-09-27T01:04:31,60,94,0.94,1
2026-09-27T01:04:32,63,95,0.85,1
2026-09-27T01:04:33,63,96,0.90,1
2026-09-27T01:04:34,61,97,0.88,1
2026-09-27T01:04:35,62,97,0.85,1
2026-09-27T01:04:36,66,94,0.90,1
2026-09-27T01:04:37,61,97,0.88,1
2026-09-27T01:04:38,66,95,0.86,1
2026-09-27T01:04:39,62,96,0.94,1
2026-09-27T01:04:40,60,96,0.94,1
2026-09-27T01:04:41,64,96,0.88,1
2026-09-27T01:04:42,66,96,0.92,1
2026-09-27T01:04:43,61,95,0.88,1
2026-09-27T01:04:44,62,96,0.87,1
2026-09-27T01:04:45,65,95,0.88,1
2026-09-27T01:04:46,66,96,0.90,1
2026-09-27T01:04:47,64,95,0.93,1
2026-09-27T01:04:48,63,96,0.95,1
2026-09-27T01:04:49,66,95,0.91,1
2026-09-27T01:04:50,66,97,0.89,1
2026-09-27T01:04:51,63,95,0.94,1
2026-09-27T01:04:52,66,95,0.88,1
2026-09-27T01:04:53,65,96,0.89,1
2026-09-27T01:04:54,65,95,0.88,1
2026-09-27T01:04:55,63,97,0.89,1
2026-09-27T01:04:56,62,95,0.89,1
2026-09-27T01:04:57,63,96,0.89,1
2026-09-27T01:04:58,63,95,0.91,1
2026-09-27T01:04:59,63,95,0.94,1
2026-09-27T01:05:00,60,94,0.93,1
2026-09-27T01:05:01,62,95,0.88,1
2026-09-27T01:05:02,66,94,0.91,1
2026-09-27T01:05:03,64,97,0.95,1
2026-09-27T01:05:04,60,96,0.87,1
2026-09-27T01:05:05,64,95,0.90,1
2026-09-27T01:05:06,64,97,0.94,1
2026-09-27T01:05:07,62,96,0.92,1
2026-09-27T01:05:08,66,94,0.92,1
2026-09-27T01:05:09,64,96,0.86,1
2026-09-27T01:05:10,63,94,0.91,1
2026-09-27T01:05:11,61,96,0.90,1
2026-09-27T01:05:12,66,97,0.86,1
2026-09-27T01:05:13,61,97,0.87,1
2026-09-27T01:05:14,66,95,0.90,1
2026-09-27T01:05:15,60,94,0.91,1
2026-09-27T01:05:16,66,94,0.91,1
2026-09-27T01:05:17,62,94,0.91,1
2026-09-27T01:05:18,60,97,0.93,1
2026-09-27T01:05:19,66,94,0.85,1
2026-09-27T01:05:20,60,96,0.89,1
2026-09-27T01:05:21,61,94,0.86,1
2026-09-27T01:05:22,60,96,0.86,1
2026-09-27T01:05:23,62,96,0.85,1
2026-09-27T01:05:24,66,94,0.91,1
2026-09-27T01:05:25,61,95,0.92,1
2026-09-27T01:05:26,60,95,0.94,1
2026-09-27T01:05:27,65,97,0.90,1
2026-09-27T01:05:28,60,94,0.94,1
2026-09-27T01:05:29,65,97,0.90,1
2026-09-27T01:05:30,63,97,0.93,1
2026-09-27T01:05:31,63,94,0.85,1
2026-09-27T01:05:32,63,95,0.89,1
2026-09-27T01:05:33,60,97,0.87,1
2026-09-27T01:05:34,61,95,0.90,1
2026-09-27T01:05:35,63,94,0.85,1
2026-09-27T01:05:36,64,96,0.90,1
2026-09-27T01:05:37,60,96,0.93,1
2026-09-27T01:05:38,63,96,0.86,1
2026-09-27T01:05:39,66,97,0.90,1
2026-09-27T01:05:40,60,95,0.95,1
2026-09-27T01:05:41,65,96,0.95,1
2026-09-27T01:05:42,60,94,0.86,1
2026-09-27T01:05:43,64,96,0.85,1
2026-09-27T01:05:44,60,96,0.94,1
2026-09-27T01:05:45,61,94,0.85,1
2026-09-27T01:05:46,64,94,0.93,1
2026-09-27T01:05:47,61,97,0.94,1
2026-09-27T01:05:48,65,95,0.95,1
2026-09-27T01:05:49,65,95,0.90,1
2026-09-27T01:05:50,62,96,0.89,1
2026-09-27T01:05:51,63,95,0.90,1
2026-09-27T01:05:52,60,95,0.85,1
2026-09-27T01:05:53,66,94,0.90,1
2026-09-27T01:05:54,61,97,0.86,1
2026-09-27T01:05:55,66,95,0.94,1
2026-09-27T01:05:56,61,94,0.92,1
2026-09-27T01:05:57,66,94,0.87,1
2026-09-27T01:05:58,62,96,0.89,1
2026-09-27T01:05:59,66,95,0.87,1
2026-09-27T01:06:00,62,95,0.90,1
2026-09-27T01:06:01,63,96,0.91,1
2026-09-27T01:06:02,62,96,0.94,1
2026-09-27T01:06:03,65,97,0.94,1
2026-09-27T01:06:04,65,96,0.95,1
2026-09-27T01:06:05,61,94,0.94,1
2026-09-27T01:06:06,63,94,0.95,1
2026-09-27T01:06:07,66,97,0.89,1
2026-09-27T01:06:08,60,94,0.91,1
2026-09-27T01:06:09,63,97,0.89,1
2026-09-27T01:06:10,64,94,0.89,1
2026-09-27T01:06:11,64,97,0.91,1
2026-09-27T01:06:12,66,97,0.85,1
2026-09-27T01:06:13,60,94,0.86,1
2026-09-27T01:06:14,62,97,0.93,1
2026-09-27T01:06:15,64,95,0.91,1
2026-09-27T01:06:16,60,95,0.87,1
2026-09-27T01:06:17,62,94,0.92,1
2026-09-27T01:06:18,62,96,0.86,1
2026-09-27T01:06:19,62,96,0.91,1
2026-09-27T01:06:20,66,97,0.92,1
2026-09-27T01:06:21,63,96,0.85,1
2026-09-27T01:06:22,62,95,0.89,1
2026-09-27T01:06:23,64,96,0.88,1
2026-09-27T01:06:24,65,96,0.90,1
2026-09-27T01:06:25,60,94,0.86,1
2026-09-27T01:06:26,61,94,0.88,1
2026-09-27T01:06:27,66,94,0.90,1
2026-09-27T01:06:28,66,96,0.95,1
2026-09-27T01:06:29,63,95,0.95,1
2026-09-27T01:06:30,66,97,0.93,1
2026-09-27T01:06:31,62,94,0.90,1
2026-09-27T01:06:32,66,94,0.85,1
2026-09-27T01:06:33,62,94,0.86,1
2026-09-27T01:06:34,61,97,0.86,1
2026-09-27T01:06:35,60,94,0.95,1
2026-09-27T01:06:36,63,96,0.94,1
2026-09-27T01:06:37,64,97,0.90,1
2026-09-27T01:06:38,64,96,0.93,1
2026-09-27T01:06:39,64,94,0.92,1
2026-09-27T01:06:40,63,95,0.86,1
2026-09-27T01:06:41,66,97,0.89,1
2026-09-27T01:06:42,66,96,0.90,1
2026-09-27T01:06:43,60,96,0.88,1
2026-09-27T01:06:44,60,97,0.90,1
2026-09-27T01:06:45,63,97,0.89,1
2026-09-27T01:06:46,65,94,0.93,1
2026-09-27T01:06:47,65,95,0.90,1
2026-09-27T01:06:48,64,94,0.86,1
2026-09-27T01:06:49,65,97,0.89,1
2026-09-27T01:06:50,66,94,0.90,1
2026-09-27T01:06:51,64,95,0.88,1
2026-09-27T01:06:52,65,96,0.90,1
2026-09-27T01:06:53,64,95,0.87,1
2026-09-27T01:06:54,62,94,0.93,1
2026-09-27T01:06:55,64,96,0.91,1
2026-09-27T01:06:56,65,97,0.92,1
2026-09-27T01:06:57,62,94,0.88,1
2026-09-27T01:06:58,60,95,0.87,1
2026-09-27T01:06:59,63,95,0.92,1
2026-09-27T01:07:00,62,96,0.86,1
2026-09-27T01:07:01,60,97,0.91,1
2026-09-27T01:07:02,66,94,0.93,1
2026-09-27T01:07:03,66,94,0.87,1
2026-09-27T01:07:04,62,95,0.94,1
2026-09-27T01:07:05,61,95,0.88,1
2026-09-27T01:07:06,66,94,0.91,1
2026-09-27T01:07:07,64,95,0.86,1
2026-09-27T01:07:08,66,97,0.92,1
2026-09-27T01:07:09,66,96,0.92,1
2026-09-27T01:07:10,65,97,0.90,1
2026-09-27T01:07:11,63,94,0.90,1
2026-09-27T01:07:12,60,97,0.87,1
2026-09-27T01:07:13,63,95,0.91,1
2026-09-27T01:07:14,63,94,0.91,1
2026-09-27T01:07:15,66,95,0.90,1
2026-09-27T01:07:16,61,96,0.89,1
2026-09-27T01:07:17,65,94,0.85,1
2026-09-27T01:07:18,62,94,0.90,1
2026-09-27T01:07:19,61,94,0.92,1
2026-09-27T01:07:20,62,97,0.92,1
2026-09-27T01:07:21,63,95,0.88,1
2026-09-27T01:07:22,62,95,0.92,1
2026-09-27T01:07:23,61,94,0.87,1
2026-09-27T01:07:24,61,97,0.92,1
2026-09-27T01:07:25,60,95,0.90,1
2026-09-27T01:07:26,62,97,0.93,1
2026-09-27T01:07:27,64,95,0.91,1
2026-09-27T01:07:28,64,95,0.87,1
2026-09-27T01:07:29,61,95,0.88,1
2026-09-27T01:07:30,61,96,0.87,1
2026-09-27T01:07:31,61,96,0.93,1
2026-09-27T01:07:32,60,95,0.94,1
2026-09-27T01:07:33,63,97,0.94,1
2026-09-27T01:07:34,65,94,0.88,1
2026-09-27T01:07:35,65,94,0.95,1
2026-09-27T01:07:36,62,97,0.89,1
2026-09-27T01:07:37,66,94,0.86,1
2026-09-27T01:07:38,66,97,0.91,1
2026-09-27T01:07:39,66,97,0.92,1
2026-09-27T01:07:40,60,95,0.86,1
2026-09-27T01:07:41,61,96,0.86,1
2026-09-27T01:07:42,61,96,0.91,1
2026-09-27T01:07:43,66,95,0.90,1
2026-09-27T01:07:44,61,95,0.89,1
2026-09-27T01:07:45,62,97,0.86,1
2026-09-27T01:07:46,62,95,0.94,1
2026-09-27T01:07:47,65,96,0.94,1
2026-09-27T01:07:48,65,95,0.85,1
2026-09-27T01:07:49,62,97,0.95,1
2026-09-27T01:07:50,63,94,0.95,1
2026-09-27T01:07:51,60,96,0.87,1
2026-09-27T01:07:52,66,96,0.92,1
2026-09-27T01:07:53,62,94,0.93,1
2026-09-27T01:07:54,63,97,0.86,1
2026-09-27T01:07:55,66,96,0.93,1
2026-09-27T01:07:56,60,95,0.87,1
2026-09-27T01:07:57,64,96,0.89,1
2026-09-27T01:07:58,64,94,0.95,1
2026-09-27T01:07:59,60,96,0.86,1
2026-09-27T01:08:00,61,94,0.93,1
2026-09-27T01:08:01,66,97,0.93,1
2026-09-27T01:08:02,66,95,0.94,1
2026-09-27T01:08:03,63,95,0.94,1
2026-09-27T01:08:04,66,96,0.89,1
2026-09-27T01:08:05,61,94,0.90,1
2026-09-27T01:08:06,65,94,0.92,1
2026-09-27T01:08:07,64,96,0.85,1
2026-09-27T01:08:08,63,95,0.85,1
2026-09-27T01:08:09,62,94,0.89,1
2026-09-27T01:08:10,63,96,0.91,1
2026-09-27T01:08:11,61,97,0.90,1
2026-09-27T01:08:12,61,94,0.94,1
2026-09-27T01:08:13,60,97,0.85,1
2026-09-27T01:08:14,65,97,0.90,1
2026-09-27T01:08:15,62,95,0.92,1
2026-09-27T01:08:16,60,97,0.93,1
2026-09-27T01:08:17,62,97,0.90,1
2026-09-27T01:08:18,66,94,0.94,1
2026-09-27T01:08:19,65,97,0.88,1
2026-09-27T01:08:20,63,96,0.92,1
2026-09-27T01:08:21,60,94,0.85,1
2026-09-27T01:08:22,64,94,0.93,1
2026-09-27T01:08:23,63,96,0.88,1
2026-09-27T01:08:24,62,94,0.85,1
2026-09-27T01:08:25,66,96,0.91,1
2026-09-27T01:08:26,61,94,0.93,1
2026-09-27T01:08:27,66,97,0.85,1
2026-09-27T01:08:28,60,97,0.88,1
2026-09-27T01:08:29,66,97,0.91,1
2026-09-27T01:08:30,63,95,0.94,1
2026-09-27T01:08:31,63,96,0.91,1
2026-09-27T01:08:32,64,96,0.87,1
2026-09-27T01:08:33,65,96,0.92,1
2026-09-27T01:08:34,62,95,0.90,1
2026-09-27T01:08:35,65,97,0.88,1
2026-09-27T01:08:36,62,95,0.90,1
2026-09-27T01:08:37,64,95,0.89,1
2026-09-27T01:08:38,60,94,0.93,1
2026-09-27T01:08:39,60,97,0.93,1
2026-09-27T01:08:40,64,97,0.88,1
2026-09-27T01:08:41,62,94,0.93,1
2026-09-27T01:08:42,61,97,0.88,1
2026-09-27T01:08:43,61,96,0.86,1
2026-09-27T01:08:44,64,95,0.95,1
2026-09-27T01:08:45,63,94,0.90,1
2026-09-27T01:08:46,65,97,0.91,1
2026-09-27T01:08:47,63,97,0.94,1
2026-09-27T01:08:48,64,97,0.91,1
2026-09-27T01:08:49,62,96,0.92,1
2026-09-27T01:08:50,64,94,0.92,1
2026-09-27T01:08:51,66,94,0.87,1
2026-09-27T01:08:52,63,95,0.89,1
2026-09-27T01:08:53,62,95,0.95,1
2026-09-27T01:08:54,65,95,0.87,1
2026-09-27T01:08:55,66,96,0.89,1
2026-09-27T01:08:56,63,94,0.93,1
2026-09-27T01:08:57,64,95,0.87,1
2026-09-27T01:08:58,63,96,0.89,1
2026-09-27T01:08:59,65,96,0.94,1
2026-09-27T01:09:00,63,97,0.93,1
2026-09-27T01:09:01,61,95,0.85,1
2026-09-27T01:09:02,63,97,0.87,1
2026-09-27T01:09:03,66,95,0.91,1
2026-09-27T01:09:04,65,97,0.90,1
2026-09-27T01:09:05,62,96,0.92,1
2026-09-27T01:09:06,66,96,0.93,1
2026-09-27T01:09:07,63,96,0.90,1
2026-09-27T01:09:08,61,95,0.92,1
2026-09-27T01:09:09,60,97,0.89,1
2026-09-27T01:09:10,61,97,0.86,1
2026-09-27T01:09:11,61,96,0.90,1
2026-09-27T01:09:12,63,96,0.91,1
2026-09-27T01:09:13,64,97,0.94,1
2026-09-27T01:09:14,64,94,0.90,1
2026-09-27T01:09:15,60,97,0.93,1
2026-09-27T01:09:16,63,95,0.88,1
2026-09-27T01:09:17,60,95,0.92,1
2026-09-27T01:09:18,66,97,0.92,1
2026-09-27T01:09:19,61,94,0.91,1
2026-09-27T01:09:20,64,94,0.87,1
2026-09-27T01:09:21,64,94,0.87,1
2026-09-27T01:09:22,66,97,0.90,1
2026-09-27T01:09:23,64,96,0.86,1
2026-09-27T01:09:24,60,97,0.88,1
2026-09-27T01:09:25,65,96,0.90,1
2026-09-27T01:09:26,61,94,0.85,1
2026-09-27T01:09:27,60,95,0.88,1
2026-09-27T01:09:28,60,97,0.86,1
2026-09-27T01:09:29,60,94,0.92,1
2026-09-27T01:09:30,65,96,0.94,1
2026-09-27T01:09:31,64,97,0.89,1
2026-09-27T01:09:32,62,96,0.93,1
2026-09-27T01:09:33,61,97,0.93,1
2026-09-27T01:09:34,63,95,0.94,1
2026-09-27T01:09:35,65,94,0.85,1
2026-09-27T01:09:36,64,94,0.85,1
2026-09-27T01:09:37,64,95,0.93,1
2026-09-27T01:09:38,62,94,0.89,1
2026-09-27T01:09:39,66,95,0.90,1
2026-09-27T01:09:40,64,94,0.93,1
2026-09-27T01:09:41,61,97,0.86,1
2026-09-27T01:09:42,65,95,0.88,1
2026-09-27T01:09:43,66,95,0.89,1
2026-09-27T01:09:44,64,97,0.86,1
2026-09-27T01:09:45,66,96,0.86,1
2026-09-27T01:09:46,66,95,0.89,1
2026-09-27T01:09:47,64,94,0.93,1
2026-09-27T01:09:48,65,97,0.91,1
2026-09-27T01:09:49,63,96,0.93,1
2026-09-27T01:09:50,60,97,0.91,1
2026-09-27T01:09:51,65,97,0.90,1
2026-09-27T01:09:52,65,95,0.94,1
2026-09-27T01:09:53,60,97,0.87,1
2026-09-27T01:09:54,64,94,0.89,1
2026-09-27T01:09:55,64,97,0.89,1
2026-09-27T01:09:56,61,96,0.92,1
2026-09-27T01:09:57,64,95,0.92,1
2026-09-27T01:09:58,64,96,0.89,1
2026-09-27T01:09:59,65,96,0.88,1
2026-09-27T01:10:00,61,97,0.94,1
2026-09-27T01:10:01,60,96,0.85,1
2026-09-27T01:10:02,60,97,0.92,1
2026-09-27T01:10:03,60,94,0.88,1
2026-09-27T01:10:04,63,95,0.93,1
2026-09-27T01:10:05,62,95,0.92,1
2026-09-27T01:10:06,66,94,0.92,1
2026-09-27T01:10:07,63,97,0.89,1
2026-09-27T01:10:08,60,96,0.85,1
2026-09-27T01:10:09,65,96,0.88,1
2026-09-27T01:10:10,60,94,0.85,1
2026-09-27T01:10:11,64,94,0.93,1
2026-09-27T01:10:12,66,97,0.93,1
2026-09-27T01:10:13,65,97,0.86,1
2026-09-27T01:10:14,66,96,0.86,1
2026-09-27T01:10:15,64,95,0.88,1
2026-09-27T01:10:16,66,94,0.87,1
2026-09-27T01:10:17,63,97,0.86,1
2026-09-27T01:10:18,65,96,0.93,1
2026-09-27T01:10:19,65,97,0.95,1
2026-09-27T01:10:20,65,97,0.95,1
2026-09-27T01:10:21,60,95,0.94,1
2026-09-27T01:10:22,62,96,0.86,1
2026-09-27T01:10:23,62,96,0.89,1
2026-09-27T01:10:24,64,97,0.90,1
2026-09-27T01:10:25,66,96,0.90,1
2026-09-27T01:10:26,66,95,0.90,1
2026-09-27T01:10:27,60,95,0.94,1
2026-09-27T01:10:28,62,94,0.87,1
2026-09-27T01:10:29,61,97,0.90,1
2026-09-27T01:10:30,62,96,0.94,1
2026-09-27T01:10:31,62,94,0.87,1
2026-09-27T01:10:32,65,94,0.93,1
2026-09-27T01:10:33,63,95,0.90,1
2026-09-27T01:10:34,61,95,0.88,1
2026-09-27T01:10:35,60,96,0.85,1
2026-09-27T01:10:36,60,94,0.94,1
2026-09-27T01:10:37,60,96,0.87,1
2026-09-27T01:10:38,66,96,0.94,1
2026-09-27T01:10:39,66,97,0.86,1
2026-09-27T01:10:40,61,97,0.86,1
2026-09-27T01:10:41,61,95,0.89,1
2026-09-27T01:10:42,61,96,0.92,1
2026-09-27T01:10:43,64,97,0.92,1
2026-09-27T01:10:44,64,97,0.90,1
2026-09-27T01:10:45,61,96,0.95,1
2026-09-27T01:10:46,61,96,0.87,1
2026-09-27T01:10:47,66,94,0.95,1
2026-09-27T01:10:48,65,94,0.88,1
2026-09-27T01:10:49,60,97,0.90,1
2026-09-27T01:10:50,60,97,0.86,1
2026-09-27T01:10:51,66,94,0.87,1
2026-09-27T01:10:52,60,96,0.91,1
2026-09-27T01:10:53,65,97,0.89,1
2026-09-27T01:10:54,66,97,0.93,1
2026-09-27T01:10:55,66,95,0.88,1
2026-09-27T01:10:56,60,96,0.94,1
2026-09-27T01:10:57,63,96,0.93,1
2026-09-27T01:10:58,62,94,0.93,1
2026-09-27T01:10:59,60,94,0.87,1
2026-09-27T01:11:00,64,96,0.90,1
2026-09-27T01:11:01,64,95,0.86,1
2026-09-27T01:11:02,66,94,0.86,1
2026-09-27T01:11:03,62,97,0.94,1
2026-09-27T01:11:04,63,97,0.89,1
2026-09-27T01:11:05,64,97,0.89,1
2026-09-27T01:11:06,62,97,0.94,1
2026-09-27T01:11:07,61,97,0.91,1
2026-09-27T01:11:08,60,94,0.87,1
2026-09-27T01:11:09,63,97,0.88,1
2026-09-27T01:11:10,62,94,0.94,1
2026-09-27T01:11:11,65,94,0.89,1
2026-09-27T01:11:12,62,96,0.93,1
2026-09-27T01:11:13,65,97,0.89,1
2026-09-27T01:11:14,60,95,0.86,1
2026-09-27T01:11:15,66,94,0.85,1
2026-09-27T01:11:16,63,96,0.93,1
2026-09-27T01:11:17,61,96,0.89,1
2026-09-27T01:11:18,61,96,0.93,1
2026-09-27T01:11:19,63,96,0.85,1
2026-09-27T01:11:20,66,94,0.86,1
2026-09-27T01:11:21,64,97,0.88,1
2026-09-27T01:11:22,66,95,0.89,1
2026-09-27T01:11:23,64,96,0.89,1
2026-09-27T01:11:24,65,95,0.92,1
2026-09-27T01:11:25,63,97,0.88,1
2026-09-27T01:11:26,66,95,0.90,1
2026-09-27T01:11:27,60,97,0.85,1
2026-09-27T01:11:28,65,95,0.91,1
2026-09-27T01:11:29,65,97,0.94,1
2026-09-27T01:11:30,64,95,0.90,1
2026-09-27T01:11:31,63,97,0.89,1
2026-09-27T01:11:32,64,94,0.90,1
2026-09-27T01:11:33,60,96,0.92,1
2026-09-27T01:11:34,65,97,0.95,1
2026-09-27T01:11:35,63,96,0.90,1
2026-09-27T01:11:36,61,95,0.89,1
2026-09-27T01:11:37,62,95,0.88,1
2026-09-27T01:11:38,60,96,0.85,1
2026-09-27T01:11:39,63,95,0.88,1
2026-09-27T01:11:40,66,94,0.91,1
2026-09-27T01:11:41,65,97,0.90,1
2026-09-27T01:11:42,62,96,0.94,1
2026-09-27T01:11:43,60,94,0.88,1
2026-09-27T01:11:44,64,95,0.86,1
2026-09-27T01:11:45,60,94,0.91,1
2026-09-27T01:11:46,60,94,0.87,1
2026-09-27T01:11:47,61,94,0.94,1
2026-09-27T01:11:48,61,95,0.91,1
2026-09-27T01:11:49,60,94,0.92,1
2026-09-27T01:11:50,63,96,0.88,1
2026-09-27T01:11:51,60,95,0.93,1
2026-09-27T01:11:52,64,95,0.88,1
2026-09-27T01:11:53,64,96,0.88,1
2026-09-27T01:11:54,66,97,0.85,1
2026-09-27T01:11:55,66,97,0.91,1
2026-09-27T01:11:56,60,97,0.93,1
2026-09-27T01:11:57,60,95,0.94,1
2026-09-27T01:11:58,61,96,0.95,1
2026-09-27T01:11:59,62,96,0.90,1
2026-09-27T01:12:00,62,97,0.85,1
2026-09-27T01:12:01,63,94,0.93,1
2026-09-27T01:12:02,65,95,0.92,1
2026-09-27T01:12:03,60,96,0.89,1
2026-09-27T01:12:04,62,97,0.93,1
2026-09-27T01:12:05,60,97,0.95,1
2026-09-27T01:12:06,64,95,0.94,1
2026-09-27T01:12:07,61,97,0.89,1
2026-09-27T01:12:08,60,94,0.86,1
2026-09-27T01:12:09,63,95,0.95,1
2026-09-27T01:12:10,65,94,0.87,1
2026-09-27T01:12:11,63,96,0.93,1
2026-09-27T01:12:12,66,95,0.86,1
2026-09-27T01:12:13,61,96,0.91,1
2026-09-27T01:12:14,62,96,0.93,1
2026-09-27T01:12:15,66,97,0.91,1
2026-09-27T01:12:16,64,96,0.92,1
2026-09-27T01:12:17,62,97,0.92,1
2026-09-27T01:12:18,65,97,0.94,1
2026-09-27T01:12:19,61,96,0.85,1
2026-09-27T01:12:20,63,94,0.88,1
2026-09-27T01:12:21,64,95,0.90,1
2026-09-27T01:12:22,60,95,0.89,1
2026-09-27T01:12:23,62,96,0.94,1
2026-09-27T01:12:24,64,94,0.94,1
2026-09-27T01:12:25,63,94,0.93,1
2026-09-27T01:12:26,63,96,0.86,1
2026-09-27T01:12:27,65,96,0.91,1
2026-09-27T01:12:28,60,94,0.93,1
2026-09-27T01:12:29,60,97,0.86,1
2026-09-27T01:12:30,64,97,0.95,1
2026-09-27T01:12:31,64,94,0.90,1
2026-09-27T01:12:32,60,95,0.86,1
2026-09-27T01:12:33,61,95,0.88,1
2026-09-27T01:12:34,61,94,0.93,1
2026-09-27T01:12:35,65,95,0.94,1
2026-09-27T01:12:36,66,96,0.87,1
2026-09-27T01:12:37,60,95,0.94,1
2026-09-27T01:12:38,64,94,0.90,1
2026-09-27T01:12:39,63,97,0.94,1
2026-09-27T01:12:40,60,94,0.92,1
2026-09-27T01:12:41,60,96,0.90,1
2026-09-27T01:12:42,63,97,0.91,1
2026-09-27T01:12:43,64,97,0.93,1
2026-09-27T01:12:44,64,96,0.90,1
2026-09-27T01:12:45,66,97,0.86,1
2026-09-27T01:12:46,60,97,0.86,1
2026-09-27T01:12:47,61,94,0.90,1
2026-09-27T01:12:48,65,96,0.95,1
2026-09-27T01:12:49,62,95,0.92,1
2026-09-27T01:12:50,60,94,0.89,1
2026-09-27T01:12:51,61,94,0.94,1
2026-09-27T01:12:52,63,96,0.85,1
2026-09-27T01:12:53,62,95,0.92,1
2026-09-27T01:12:54,63,97,0.88,1
2026-09-27T01:12:55,61,97,0.90,1
2026-09-27T01:12:56,62,94,0.88,1
2026-09-27T01:12:57,60,96,0.88,1
2026-09-27T01:12:58,62,96,0.89,1
2026-09-27T01:12:59,60,94,0.88,1
2026-09-27T01:13:00,66,96,0.93,1
2026-09-27T01:13:01,66,97,0.92,1
2026-09-27T01:13:02,65,94,0.86,1
2026-09-27T01:13:03,65,94,0.93,1
2026-09-27T01:13:04,65,97,0.90,1
2026-09-27T01:13:05,60,96,0.93,1
2026-09-27T01:13:06,64,97,0.85,1
2026-09-27T01:13:07,65,96,0.95,1
2026-09-27T01:13:08,61,96,0.88,1
2026-09-27T01:13:09,65,96,0.91,1
2026-09-27T01:13:10,62,95,0.86,1
2026-09-27T01:13:11,60,97,0.92,1
2026-09-27T01:13:12,62,96,0.93,1
2026-09-27T01:13:13,64,94,0.90,1
2026-09-27T01:13:14,63,96,0.91,1
2026-09-27T01:13:15,65,97,0.87,1
2026-09-27T01:13:16,63,97,0.91,1
2026-09-27T01:13:17,60,96,0.86,1
2026-09-27T01:13:18,63,95,0.90,1
2026-09-27T01:13:19,65,94,0.95,1
2026-09-27T01:13:20,61,97,0.87,1
2026-09-27T01:13:21,66,95,0.95,1
2026-09-27T01:13:22,65,95,0.88,1
2026-09-27T01:13:23,61,94,0.93,1
2026-09-27T01:13:24,60,97,0.95,1
2026-09-27T01:13:25,64,97,0.88,1
2026-09-27T01:13:26,62,95,0.91,1
2026-09-27T01:13:27,60,97,0.86,1
2026-09-27T01:13:28,60,96,0.87,1
2026-09-27T01:13:29,66,97,0.92,1
2026-09-27T01:13:30,62,95,0.94,1
2026-09-27T01:13:31,62,95,0.90,1
2026-09-27T01:13:32,63,95,0.93,1
2026-09-27T01:13:33,60,96,0.95,1
2026-09-27T01:13:34,61,96,0.93,1
2026-09-27T01:13:35,63,95,0.90,1
2026-09-27T01:13:36,61,96,0.87,1
2026-09-27T01:13:37,66,97,0.89,1
2026-09-27T01:13:38,61,94,0.95,1
2026-09-27T01:13:39,63,97,0.92,1
2026-09-27T01:13:40,61,95,0.87,1
2026-09-27T01:13:41,65,94,0.86,1
2026-09-27T01:13:42,63,94,0.86,1
2026-09-27T01:13:43,62,95,0.92,1
2026-09-27T01:13:44,62,94,0.86,1
2026-09-27T01:13:45,66,96,0.94,1
2026-09-27T01:13:46,60,94,0.91,1
2026-09-27T01:13:47,65,97,0.87,1
2026-09-27T01:13:48,65,97,0.91,1
2026-09-27T01:13:49,61,95,0.88,1
2026-09-27T01:13:50,65,95,0.95,1
2026-09-27T01:13:51,66,94,0.92,1
2026-09-27T01:13:52,63,95,0.91,1
2026-09-27T01:13:53,64,94,0.86,1
2026-09-27T01:13:54,63,96,0.88,1
2026-09-27T01:13:55,64,94,0.91,1
2026-09-27T01:13:56,65,94,0.86,1
2026-09-27T01:13:57,64,94,0.92,1
2026-09-27T01:13:58,60,94,0.92,1
2026-09-27T01:13:59,62,97,0.94,1
2026-09-27T01:14:00,60,97,0.90,1
2026-09-27T01:14:01,61,95,0.88,1
2026-09-27T01:14:02,64,96,0.93,1
2026-09-27T01:14:03,63,94,0.89,1
2026-09-27T01:14:04,60,95,0.91,1
2026-09-27T01:14:05,60,96,0.90,1
2026-09-27T01:14:06,60,95,0.92,1
2026-09-27T01:14:07,64,94,0.87,1
2026-09-27T01:14:08,62,97,0.94,1
2026-09-27T01:14:09,65,94,0.93,1
2026-09-27T01:14:10,63,94,0.86,1
2026-09-27T01:14:11,66,95,0.92,1
2026-09-27T01:14:12,62,97,0.91,1
2026-09-27T01:14:13,63,95,0.92,1
2026-09-27T01:14:14,65,95,0.95,1
2026-09-27T01:14:15,60,97,0.93,1
2026-09-27T01:14:16,63,97,0.89,1
2026-09-27T01:14:17,60,97,0.92,1
2026-09-27T01:14:18,60,94,0.95,1
2026-09-27T01:14:19,66,94,0.85,1
2026-09-27T01:14:20,66,97,0.86,1
2026-09-27T01:14:21,62,95,0.87,1
2026-09-27T01:14:22,64,97,0.85,1
2026-09-27T01:14:23,64,95,0.85,1
2026-09-27T01:14:24,65,96,0.90,1
2026-09-27T01:14:25,60,96,0.91,1
2026-09-27T01:14:26,63,95,0.93,1
2026-09-27T01:14:27,66,94,0.87,1
2026-09-27T01:14:28,61,94,0.87,1
2026-09-27T01:14:29,62,96,0.90,1
2026-09-27T01:14:30,60,94,0.91,1
2026-09-27T01:14:31,60,97,0.91,1
2026-09-27T01:14:32,65,95,0.87,1
2026-09-27T01:14:33,61,95,0.90,1
2026-09-27T01:14:34,61,96,0.88,1
2026-09-27T01:14:35,60,97,0.94,1
2026-09-27T01:14:36,60,95,0.94,1
2026-09-27T01:14:37,62,97,0.88,1
2026-09-27T01:14:38,60,96,0.93,1
2026-09-27T01:14:39,66,94,0.94,1
2026-09-27T01:14:40,60,95,0.94,1
2026-09-27T01:14:41,66,95,0.92,1
2026-09-27T01:14:42,66,94,0.90,1
2026-09-27T01:14:43,60,94,0.92,1
2026-09-27T01:14:44,60,94,0.85,1
2026-09-27T01:14:45,62,95,0.86,1
2026-09-27T01:14:46,66,94,0.95,1
2026-09-27T01:14:47,60,95,0.92,1
2026-09-27T01:14:48,62,95,0.89,1
2026-09-27T01:14:49,60,95,0.92,1
2026-09-27T01:14:50,60,95,0.91,1
2026-09-27T01:14:51,60,94,0.92,1
2026-09-27T01:14:52,64,95,0.89,1
2026-09-27T01:14:53,63,95,0.88,1
2026-09-27T01:14:54,62,94,0.89,1
2026-09-27T01:14:55,66,96,0.94,1
2026-09-27T01:14:56,62,96,0.91,1
2026-09-27T01:14:57,62,96,0.87,1
2026-09-27T01:14:58,65,97,0.91,1
2026-09-27T01:14:59,65,96,0.93,1
2026-09-27T01:15:00,66,97,0.93,1
2026-09-27T01:15:01,63,94,0.87,1
2026-09-27T01:15:02,64,94,0.87,1
2026-09-27T01:15:03,65,94,0.89,1
2026-09-27T01:15:04,64,94,0.89,1
2026-09-27T01:15:05,62,96,0.87,1
2026-09-27T01:15:06,60,97,0.95,1
2026-09-27T01:15:07,66,97,0.91,1
2026-09-27T01:15:08,66,94,0.88,1
2026-09-27T01:15:09,60,96,0.90,1
2026-09-27T01:15:10,61,96,0.90,1
2026-09-27T01:15:11,62,94,0.94,1
2026-09-27T01:15:12,61,94,0.93,1
2026-09-27T01:15:13,66,97,0.88,1
2026-09-27T01:15:14,63,94,0.87,1
2026-09-27T01:15:15,61,94,0.94,1
2026-09-27T01:15:16,65,95,0.94,1
2026-09-27T01:15:17,65,95,0.94,1
2026-09-27T01:15:18,60,95,0.89,1
2026-09-27T01:15:19,60,95,0.85,1
2026-09-27T01:15:20,65,96,0.93,1
2026-09-27T01:15:21,65,94,0.93,1
2026-09-27T01:15:22,62,97,0.85,1
2026-09-27T01:15:23,64,94,0.95,1
2026-09-27T01:15:24,63,96,0.94,1
2026-09-27T01:15:25,65,97,0.95,1
2026-09-27T01:15:26,60,97,0.92,1
2026-09-27T01:15:27,61,94,0.85,1
2026-09-27T01:15:28,62,94,0.88,1
2026-09-27T01:15:29,66,96,0.88,1
2026-09-27T01:15:30,61,95,0.91,1
2026-09-27T01:15:31,60,94,0.88,1
2026-09-27T01:15:32,63,97,0.86,1
2026-09-27T01:15:33,66,97,0.92,1
2026-09-27T01:15:34,66,95,0.94,1
2026-09-27T01:15:35,66,97,0.88,1
2026-09-27T01:15:36,65,96,0.92,1
2026-09-27T01:15:37,66,97,0.88,1
2026-09-27T01:15:38,66,97,0.93,1
2026-09-27T01:15:39,65,95,0.90,1
2026-09-27T01:15:40,64,95,0.88,1
2026-09-27T01:15:41,66,94,0.86,1
2026-09-27T01:15:42,62,95,0.88,1
2026-09-27T01:15:43,66,95,0.91,1
2026-09-27T01:15:44,66,97,0.85,1
2026-09-27T01:15:45,64,95,0.94,1
2026-09-27T01:15:46,61,94,0.91,1
2026-09-27T01:15:47,60,97,0.93,1
2026-09-27T01:15:48,61,96,0.88,1
2026-09-27T01:15:49,66,94,0.86,1
2026-09-27T01:15:50,65,97,0.93,1
2026-09-27T01:15:51,66,94,0.95,1
2026-09-27T01:15:52,65,96,0.88,1
2026-09-27T01:15:53,66,96,0.87,1
2026-09-27T01:15:54,66,96,0.85,1
2026-09-27T01:15:55,64,97,0.89,1
2026-09-27T01:15:56,65,94,0.85,1
2026-09-27T01:15:57,62,94,0.90,1
2026-09-27T01:15:58,60,96,0.92,1
2026-09-27T01:15:59,63,94,0.93,1
2026-09-27T01:16:00,62,97,0.94,1
2026-09-27T01:16:01,64,95,0.89,1
2026-09-27T01:16:02,66,97,0.86,1
2026-09-27T01:16:03,62,95,0.95,1
2026-09-27T01:16:04,60,95,0.90,1
2026-09-27T01:16:05,65,94,0.95,1
2026-09-27T01:16:06,65,95,0.86,1
2026-09-27T01:16:07,66,97,0.93,1
2026-09-27T01:16:08,65,95,0.89,1
2026-09-27T01:16:09,66,94,0.93,1
2026-09-27T01:16:10,63,94,0.90,1
2026-09-27T01:16:11,61,96,0.91,1
2026-09-27T01:16:12,61,97,0.93,1
2026-09-27T01:16:13,64,95,0.87,1
2026-09-27T01:16:14,61,96,0.94,1
2026-09-27T01:16:15,63,96,0.89,1
2026-09-27T01:16:16,64,95,0.87,1
2026-09-27T01:16:17,61,97,0.87,1
2026-09-27T01:16:18,66,96,0.87,1
2026-09-27T01:16:19,63,97,0.88,1
2026-09-27T01:16:20,65,94,0.93,1
2026-09-27T01:16:21,63,95,0.92,1
2026-09-27T01:16:22,65,97,0.85,1
2026-09-27T01:16:23,64,96,0.95,1
2026-09-27T01:16:24,60,97,0.87,1
2026-09-27T01:16:25,64,96,0.88,1
2026-09-27T01:16:26,61,94,0.86,1
2026-09-27T01:16:27,65,94,0.91,1
2026-09-27T01:16:28,66,96,0.93,1
2026-09-27T01:16:29,62,95,0.86,1
2026-09-27T01:16:30,64,96,0.86,1
2026-09-27T01:16:31,62,95,0.88,1
2026-09-27T01:16:32,64,94,0.91,1
2026-09-27T01:16:33,63,96,0.88,1
2026-09-27T01:16:34,66,97,0.88,1
2026-09-27T01:16:35,60,95,0.85,1
2026-09-27T01:16:36,65,94,0.85,1
2026-09-27T01:16:37,61,96,0.93,1
2026-09-27T01:16:38,60,94,0.86,1
2026-09-27T01:16:39,64,97,0.94,1
2026-09-27T01:16:40,62,96,0.85,1
2026-09-27T01:16:41,61,94,0.86,1
2026-09-27T01:16:42,62,96,0.94,1
2026-09-27T01:16:43,63,96,0.90,1
2026-09-27T01:16:44,65,94,0.88,1
2026-09-27T01:16:45,65,94,0.93,1
2026-09-27T01:16:46,66,94,0.94,1
2026-09-27T01:16:47,66,97,0.86,1
2026-09-27T01:16:48,62,97,0.92,1
2026-09-27T01:16:49,61,95,0.90,1
2026-09-27T01:16:50,66,95,0.86,1
2026-09-27T01:16:51,65,94,0.90,1
2026-09-27T01:16:52,63,94,0.85,1
2026-09-27T01:16:53,65,97,0.88,1
2026-09-27T01:16:54,63,95,0.90,1
2026-09-27T01:16:55,62,95,0.92,1
2026-09-27T01:16:56,60,97,0.90,1
2026-09-27T01:16:57,61,95,0.90,1
2026-09-27T01:16:58,60,96,0.89,1
2026-09-27T01:16:59,66,95,0.86,1
2026-09-27T01:17:00,64,97,0.90,1
2026-09-27T01:17:01,60,97,0.94,1
2026-09-27T01:17:02,60,96,0.93,1
2026-09-27T01:17:03,66,94,0.88,1
2026-09-27T01:17:04,63,95,0.90,1
2026-09-27T01:17:05,66,95,0.89,1
2026-09-27T01:17:06,66,95,0.93,1
2026-09-27T01:17:07,65,95,0.87,1
2026-09-27T01:17:08,62,94,0.88,1
2026-09-27T01:17:09,62,94,0.92,1
2026-09-27T01:17:10,65,95,0.90,1
2026-09-27T01:17:11,60,95,0.87,1
2026-09-27T01:17:12,61,94,0.86,1
2026-09-27T01:17:13,60,96,0.91,1
2026-09-27T01:17:14,66,96,0.90,1
2026-09-27T01:17:15,63,95,0.91,1
2026-09-27T01:17:16,64,97,0.93,1
2026-09-27T01:17:17,64,95,0.87,1
2026-09-27T01:17:18,66,97,0.87,1
2026-09-27T01:17:19,65,94,0.95,1
2026-09-27T01:17:20,63,94,0.87,1
2026-09-27T01:17:21,62,94,0.89,1
2026-09-27T01:17:22,63,96,0.85,1
2026-09-27T01:17:23,62,95,0.89,1
2026-09-27T01:17:24,60,94,0.88,1
2026-09-27T01:17:25,61,94,0.95,1
2026-09-27T01:17:26,63,96,0.94,1
2026-09-27T01:17:27,64,97,0.88,1
2026-09-27T01:17:28,65,96,0.90,1
2026-09-27T01:17:29,65,95,0.94,1
2026-09-27T01:17:30,64,94,0.88,1
2026-09-27T01:17:31,66,94,0.89,1
2026-09-27T01:17:32,64,94,0.87,1
2026-09-27T01:17:33,61,95,0.87,1
2026-09-27T01:17:34,63,96,0.86,1
2026-09-27T01:17:35,60,94,0.95,1
2026-09-27T01:17:36,63,94,0.94,1
2026-09-27T01:17:37,64,94,0.91,1
2026-09-27T01:17:38,62,94,0.87,1
2026-09-27T01:17:39,61,94,0.91,1
2026-09-27T01:17:40,61,97,0.86,1
2026-09-27T01:17:41,63,95,0.85,1
2026-09-27T01:17:42,60,97,0.87,1
2026-09-27T01:17:43,61,96,0.88,1
2026-09-27T01:17:44,63,97,0.91,1
2026-09-27T01:17:45,60,95,0.88,1
2026-09-27T01:17:46,60,96,0.89,1
2026-09-27T01:17:47,64,96,0.86,1
2026-09-27T01:17:48,60,97,0.89,1
2026-09-27T01:17:49,64,97,0.88,1
2026-09-27T01:17:50,63,94,0.92,1
2026-09-27T01:17:51,60,95,0.90,1
2026-09-27T01:17:52,65,95,0.94,1
2026-09-27T01:17:53,63,97,0.87,1
2026-09-27T01:17:54,65,96,0.86,1
2026-09-27T01:17:55,61,97,0.85,1
2026-09-27T01:17:56,60,97,0.93,1
2026-09-27T01:17:57,60,97,0.85,1
2026-09-27T01:17:58,64,94,0.93,1
2026-09-27T01:17:59,66,95,0.95,1
2026-09-27T01:18:00,64,96,0.87,1
2026-09-27T01:18:01,66,97,0.93,1
2026-09-27T01:18:02,66,97,0.88,1
2026-09-27T01:18:03,64,97,0.91,1
2026-09-27T01:18:04,64,97,0.86,1
2026-09-27T01:18:05,60,96,0.93,1
2026-09-27T01:18:06,66,96,0.95,1
2026-09-27T01:18:07,61,96,0.89,1
2026-09-27T01:18:08,61,96,0.87,1
2026-09-27T01:18:09,63,96,0.94,1
2026-09-27T01:18:10,63,95,0.87,1
2026-09-27T01:18:11,60,95,0.93,1
2026-09-27T01:18:12,60,97,0.93,1
2026-09-27T01:18:13,61,95,0.86,1
2026-09-27T01:18:14,61,97,0.88,1
2026-09-27T01:18:15,62,97,0.94,1
2026-09-27T01:18:16,60,95,0.86,1
2026-09-27T01:18:17,65,94,0.89,1
2026-09-27T01:18:18,66,97,0.91,1
2026-09-27T01:18:19,60,97,0.90,1
2026-09-27T01:18:20,64,97,0.88,1
2026-09-27T01:18:21,64,95,0.92,1
2026-09-27T01:18:22,64,94,0.90,1
2026-09-27T01:18:23,64,95,0.89,1
2026-09-27T01:18:24,63,97,0.91,1
2026-09-27T01:18:25,65,96,0.88,1
2026-09-27T01:18:26,62,94,0.89,1
2026-09-27T01:18:27,63,95,0.89,1
2026-09-27T01:18:28,62,95,0.93,1
2026-09-27T01:18:29,61,97,0.93,1
2026-09-27T01:18:30,63,96,0.89,1
2026-09-27T01:18:31,64,96,0.94,1
2026-09-27T01:18:32,62,94,0.90,1
2026-09-27T01:18:33,62,96,0.95,1
2026-09-27T01:18:34,64,94,0.87,1
2026-09-27T01:18:35,63,94,0.93,1
2026-09-27T01:18:36,60,95,0.90,1
2026-09-27T01:18:37,63,96,0.93,1
2026-09-27T01:18:38,60,97,0.89,1
2026-09-27T01:18:39,66,95,0.86,1
2026-09-27T01:18:40,60,97,0.94,1
2026-09-27T01:18:41,63,95,0.93,1
2026-09-27T01:18:42,65,96,0.87,1
2026-09-27T01:18:43,60,94,0.88,1
2026-09-27T01:18:44,64,97,0.88,1
2026-09-27T01:18:45,60,95,0.88,1
2026-09-27T01:18:46,66,96,0.90,1
2026-09-27T01:18:47,61,94,0.93,1
2026-09-27T01:18:48,63,95,0.94,1
2026-09-27T01:18:49,63,95,0.86,1
2026-09-27T01:18:50,62,96,0.91,1
2026-09-27T01:18:51,64,96,0.86,1
2026-09-27T01:18:52,60,94,0.87,1
2026-09-27T01:18:53,65,95,0.89,1
2026-09-27T01:18:54,66,96,0.87,1
2026-09-27T01:18:55,61,97,0.88,1
2026-09-27T01:18:56,60,96,0.90,1
2026-09-27T01:18:57,61,95,0.89,1
2026-09-27T01:18:58,66,95,0.93,1
2026-09-27T01:18:59,63,95,0.88,1
2026-09-27T01:19:00,64,96,0.86,1
2026-09-27T01:19:01,62,96,0.87,1
2026-09-27T01:19:02,63,96,0.93,1
2026-09-27T01:19:03,62,94,0.93,1
2026-09-27T01:19:04,61,95,0.87,1
2026-09-27T01:19:05,61,96,0.93,1
2026-09-27T01:19:06,64,94,0.86,1
2026-09-27T01:19:07,63,95,0.92,1
2026-09-27T01:19:08,65,94,0.93,1
2026-09-27T01:19:09,60,97,0.86,1
2026-09-27T01:19:10,61,96,0.90,1
2026-09-27T01:19:11,63,96,0.93,1
2026-09-27T01:19:12,63,96,0.90,1
2026-09-27T01:19:13,62,94,0.86,1
2026-09-27T01:19:14,62,95,0.94,1
2026-09-27T01:19:15,63,94,0.88,1
2026-09-27T01:19:16,64,97,0.89,1
2026-09-27T01:19:17,66,95,0.90,1
2026-09-27T01:19:18,66,94,0.92,1
2026-09-27T01:19:19,63,97,0.93,1
2026-09-27T01:19:20,62,95,0.93,1
2026-09-27T01:19:21,63,95,0.87,1
2026-09-27T01:19:22,64,96,0.89,1
2026-09-27T01:19:23,65,94,0.89,1
2026-09-27T01:19:24,65,96,0.87,1
2026-09-27T01:19:25,60,97,0.93,1
2026-09-27T01:19:26,62,96,0.93,1
2026-09-27T01:19:27,62,96,0.89,1
2026-09-27T01:19:28,61,97,0.90,1
2026-09-27T01:19:29,61,94,0.88,1
2026-09-27T01:19:30,62,96,0.92,1
2026-09-27T01:19:31,63,96,0.92,1
2026-09-27T01:19:32,61,94,0.93,1
2026-09-27T01:19:33,62,96,0.86,1
2026-09-27T01:19:34,63,94,0.90,1
2026-09-27T01:19:35,61,96,0.85,1
2026-09-27T01:19:36,62,96,0.86,1
2026-09-27T01:19:37,60,94,0.91,1
2026-09-27T01:19:38,62,94,0.93,1
2026-09-27T01:19:39,62,97,0.85,1
2026-09-27T01:19:40,65,95,0.88,1
2026-09-27T01:19:41,62,95,0.91,1
2026-09-27T01:19:42,65,96,0.89,1
2026-09-27T01:19:43,64,94,0.90,1
2026-09-27T01:19:44,64,96,0.90,1
2026-09-27T01:19:45,63,96,0.86,1
2026-09-27T01:19:46,63,95,0.88,1
2026-09-27T01:19:47,60,96,0.88,1
2026-09-27T01:19:48,61,95,0.91,1
2026-09-27T01:19:49,64,94,0.85,1
2026-09-27T01:19:50,66,96,0.87,1
2026-09-27T01:19:51,62,96,0.94,1
2026-09-27T01:19:52,62,96,0.94,1
2026-09-27T01:19:53,65,97,0.91,1
2026-09-27T01:19:54,62,95,0.89,1
2026-09-27T01:19:55,65,97,0.94,1
2026-09-27T01:19:56,66,96,0.88,1
2026-09-27T01:19:57,60,97,0.87,1
2026-09-27T01:19:58,61,95,0.89,1
2026-09-27T01:19:59,61,95,0.87,1
2026-09-27T01:20:00,63,94,0.93,1
2026-09-27T01:20:01,65,96,0.91,1
2026-09-27T01:20:02,64,94,0.89,1
2026-09-27T01:20:03,65,95,0.89,1
2026-09-27T01:20:04,66,94,0.93,1
2026-09-27T01:20:05,60,97,0.94,1
2026-09-27T01:20:06,65,94,0.91,1
2026-09-27T01:20:07,65,95,0.89,1
2026-09-27T01:20:08,63,95,0.87,1
2026-09-27T01:20:09,61,96,0.92,1
2026-09-27T01:20:10,65,95,0.85,1
2026-09-27T01:20:11,66,94,0.85,1
2026-09-27T01:20:12,64,97,0.92,1
2026-09-27T01:20:13,66,97,0.91,1
2026-09-27T01:20:14,64,96,0.92,1
2026-09-27T01:20:15,61,95,0.94,1
2026-09-27T01:20:16,65,96,0.89,1
2026-09-27T01:20:17,65,94,0.88,1
2026-09-27T01:20:18,66,97,0.88,1
2026-09-27T01:20:19,64,97,0.93,1
2026-09-27T01:20:20,62,96,0.91,1
2026-09-27T01:20:21,64,94,0.89,1
2026-09-27T01:20:22,61,97,0.87,1
2026-09-27T01:20:23,66,96,0.91,1
2026-09-27T01:20:24,62,97,0.92,1
2026-09-27T01:20:25,62,94,0.92,1
2026-09-27T01:20:26,62,94,0.95,1
2026-09-27T01:20:27,65,94,0.91,1
2026-09-27T01:20:28,63,97,0.85,1
2026-09-27T01:20:29,61,97,0.86,1
2026-09-27T01:20:30,65,94,0.86,1
2026-09-27T01:20:31,60,96,0.86,1
2026-09-27T01:20:32,63,97,0.94,1
2026-09-27T01:20:33,66,94,0.94,1
2026-09-27T01:20:34,66,96,0.86,1
2026-09-27T01:20:35,63,94,0.88,1
2026-09-27T01:20:36,66,94,0.85,1
2026-09-27T01:20:37,65,95,0.92,1
2026-09-27T01:20:38,62,95,0.86,1
2026-09-27T01:20:39,65,96,0.91,1
2026-09-27T01:20:40,60,94,0.91,1
2026-09-27T01:20:41,61,95,0.95,1
2026-09-27T01:20:42,63,95,0.90,1
2026-09-27T01:20:43,64,95,0.89,1
2026-09-27T01:20:44,66,94,0.87,1
2026-09-27T01:20:45,64,94,0.90,1
2026-09-27T01:20:46,63,96,0.89,1
2026-09-27T01:20:47,61,94,0.86,1
2026-09-27T01:20:48,65,94,0.85,1
2026-09-27T01:20:49,65,96,0.88,1
2026-09-27T01:20:50,60,97,0.95,1
2026-09-27T01:20:51,62,94,0.92,1
2026-09-27T01:20:52,62,95,0.88,1
2026-09-27T01:20:53,64,95,0.92,1
2026-09-27T01:20:54,61,96,0.89,1
2026-09-27T01:20:55,66,95,0.95,1
2026-09-27T01:20:56,66,94,0.92,1
2026-09-27T01:20:57,63,97,0.92,1
2026-09-27T01:20:58,65,95,0.87,1
2026-09-27T01:20:59,66,95,0.93,1
2026-09-27T01:21:00,63,97,0.94,1
2026-09-27T01:21:01,60,95,0.88,1
2026-09-27T01:21:02,64,95,0.92,1
2026-09-27T01:21:03,65,95,0.91,1
2026-09-27T01:21:04,65,97,0.89,1
2026-09-27T01:21:05,65,94,0.89,1
2026-09-27T01:21:06,60,94,0.90,1
2026-09-27T01:21:07,63,97,0.93,1
2026-09-27T01:21:08,64,96,0.94,1
2026-09-27T01:21:09,64,96,0.89,1
2026-09-27T01:21:10,64,96,0.92,1
2026-09-27T01:21:11,61,97,0.86,1
2026-09-27T01:21:12,60,97,0.92,1
2026-09-27T01:21:13,66,94,0.90,1
2026-09-27T01:21:14,63,94,0.90,1
2026-09-27T01:21:15,66,95,0.87,1
2026-09-27T01:21:16,65,97,0.89,1
2026-09-27T01:21:17,60,97,0.93,1
2026-09-27T01:21:18,64,95,0.87,1
2026-09-27T01:21:19,64,95,0.89,1
2026-09-27T01:21:20,65,95,0.89,1
2026-09-27T01:21:21,62,95,0.95,1
2026-09-27T01:21:22,63,96,0.93,1
2026-09-27T01:21:23,61,94,0.86,1
2026-09-27T01:21:24,63,95,0.93,1
2026-09-27T01:21:25,60,97,0.87,1
2026-09-27T01:21:26,61,96,0.87,1
2026-09-27T01:21:27,63,95,0.88,1
2026-09-27T01:21:28,62,95,0.87,1
2026-09-27T01:21:29,60,94,0.95,1
2026-09-27T01:21:30,64,94,0.94,1
2026-09-27T01:21:31,62,95,0.92,1
2026-09-27T01:21:32,65,97,0.88,1
2026-09-27T01:21:33,62,96,0.87,1
2026-09-27T01:21:34,66,94,0.88,1
2026-09-27T01:21:35,61,94,0.89,1
2026-09-27T01:21:36,65,95,0.94,1
2026-09-27T01:21:37,62,95,0.86,1
2026-09-27T01:21:38,65,97,0.86,1
2026-09-27T01:21:39,62,96,0.91,1
2026-09-27T01:21:40,61,97,0.88,1
2026-09-27T01:21:41,64,94,0.91,1
2026-09-27T01:21:42,65,95,0.93,1
2026-09-27T01:21:43,63,96,0.94,1
2026-09-27T01:21:44,64,96,0.94,1
2026-09-27T01:21:45,65,96,0.86,1
2026-09-27T01:21:46,61,97,0.93,1
2026-09-27T01:21:47,60,96,0.94,1
2026-09-27T01:21:48,61,94,0.87,1
2026-09-27T01:21:49,64,97,0.94,1
2026-09-27T01:21:50,63,94,0.94,1
2026-09-27T01:21:51,64,94,0.86,1
2026-09-27T01:21:52,60,97,0.91,1
2026-09-27T01:21:53,60,94,0.94,1
2026-09-27T01:21:54,63,97,0.89,1
2026-09-27T01:21:55,63,94,0.92,1
2026-09-27T01:21:56,60,97,0.94,1
2026-09-27T01:21:57,63,97,0.90,1
2026-09-27T01:21:58,65,94,0.92,1
2026-09-27T01:21:59,62,95,0.90,1
2026-09-27T01:22:00,65,95,0.90,1
2026-09-27T01:22:01,64,94,0.90,1
2026-09-27T01:22:02,64,95,0.92,1
2026-09-27T01:22:03,63,96,0.92,1
2026-09-27T01:22:04,61,94,0.92,1
2026-09-27T01:22:05,61,96,0.88,1
2026-09-27T01:22:06,65,95,0.87,1
2026-09-27T01:22:07,60,96,0.88,1
2026-09-27T01:22:08,62,94,0.85,1
2026-09-27T01:22:09,64,97,0.88,1
2026-09-27T01:22:10,65,94,0.85,1
2026-09-27T01:22:11,64,95,0.94,1
2026-09-27T01:22:12,62,94,0.89,1
2026-09-27T01:22:13,66,94,0.88,1
2026-09-27T01:22:14,61,95,0.90,1
2026-09-27T01:22:15,60,97,0.92,1
2026-09-27T01:22:16,61,94,0.87,1
2026-09-27T01:22:17,65,95,0.90,1
2026-09-27T01:22:18,62,96,0.88,1
2026-09-27T01:22:19,63,95,0.92,1
2026-09-27T01:22:20,62,95,0.95,1
2026-09-27T01:22:21,66,95,0.87,1
2026-09-27T01:22:22,63,95,0.89,1
2026-09-27T01:22:23,60,94,0.89,1
2026-09-27T01:22:24,66,96,0.94,1
2026-09-27T01:22:25,66,94,0.91,1
2026-09-27T01:22:26,63,96,0.86,1
2026-09-27T01:22:27,65,94,0.95,1
2026-09-27T01:22:28,66,97,0.90,1
2026-09-27T01:22:29,61,94,0.90,1
2026-09-27T01:22:30,63,94,0.90,1
2026-09-27T01:22:31,63,95,0.88,1
2026-09-27T01:22:32,62,94,0.93,1
2026-09-27T01:22:33,61,94,0.94,1
2026-09-27T01:22:34,64,95,0.92,1
2026-09-27T01:22:35,60,95,0.90,1
2026-09-27T01:22:36,65,97,0.90,1
2026-09-27T01:22:37,65,97,0.88,1
2026-09-27T01:22:38,65,95,0.94,1
2026-09-27T01:22:39,62,97,0.93,1
2026-09-27T01:22:40,60,96,0.91,1
2026-09-27T01:22:41,61,97,0.92,1
2026-09-27T01:22:42,65,97,0.86,1
2026-09-27T01:22:43,66,97,0.88,1
2026-09-27T01:22:44,60,94,0.85,1
2026-09-27T01:22:45,62,95,0.93,1
2026-09-27T01:22:46,63,96,0.92,1
2026-09-27T01:22:47,64,94,0.91,1
2026-09-27T01:22:48,62,96,0.85,1
2026-09-27T01:22:49,61,95,0.87,1
2026-09-27T01:22:50,65,95,0.92,1
2026-09-27T01:22:51,62,97,0.94,1
2026-09-27T01:22:52,64,96,0.93,1
2026-09-27T01:22:53,60,97,0.92,1
2026-09-27T01:22:54,65,94,0.88,1
2026-09-27T01:22:55,63,94,0.85,1
2026-09-27T01:22:56,64,97,0.87,1
2026-09-27T01:22:57,62,95,0.94,1
2026-09-27T01:22:58,60,94,0.87,1
2026-09-27T01:22:59,63,96,0.87,1
2026-09-27T01:23:00,64,96,0.91,1
2026-09-27T01:23:01,61,95,0.90,1
2026-09-27T01:23:02,62,95,0.94,1
2026-09-27T01:23:03,65,96,0.93,1
2026-09-27T01:23:04,66,97,0.90,1
2026-09-27T01:23:05,62,97,0.92,1
2026-09-27T01:23:06,62,96,0.88,1
2026-09-27T01:23:07,60,96,0.95,1
2026-09-27T01:23:08,60,95,0.92,1
2026-09-27T01:23:09,61,95,0.93,1
2026-09-27T01:23:10,62,95,0.93,1
2026-09-27T01:23:11,65,94,0.91,1
2026-09-27T01:23:12,61,95,0.92,1
2026-09-27T01:23:13,60,96,0.95,1
2026-09-27T01:23:14,63,95,0.93,1
2026-09-27T01:23:15,63,95,0.90,1
2026-09-27T01:23:16,66,96,0.89,1
2026-09-27T01:23:17,62,96,0.89,1
2026-09-27T01:23:18,60,94,0.92,1
2026-09-27T01:23:19,63,96,0.89,1
2026-09-27T01:23:20,64,97,0.87,1
2026-09-27T01:23:21,66,95,0.91,1
2026-09-27T01:23:22,66,94,0.88,1
2026-09-27T01:23:23,62,95,0.89,1
2026-09-27T01:23:24,60,97,0.89,1
2026-09-27T01:23:25,62,94,0.89,1
2026-09-27T01:23:26,62,94,0.86,1
2026-09-27T01:23:27,66,96,0.87,1
2026-09-27T01:23:28,66,97,0.92,1
2026-09-27T01:23:29,60,95,0.92,1
2026-09-27T01:23:30,61,94,0.88,1
2026-09-27T01:23:31,62,94,0.92,1
2026-09-27T01:23:32,61,96,0.93,1
2026-09-27T01:23:33,61,96,0.88,1
2026-09-27T01:23:34,60,94,0.88,1
2026-09-27T01:23:35,62,95,0.93,1
2026-09-27T01:23:36,66,94,0.91,1
2026-09-27T01:23:37,64,94,0.89,1
2026-09-27T01:23:38,63,95,0.85,1
2026-09-27T01:23:39,60,94,0.90,1
2026-09-27T01:23:40,63,96,0.90,1
2026-09-27T01:23:41,65,94,0.91,1
2026-09-27T01:23:42,63,95,0.95,1
2026-09-27T01:23:43,64,95,0.92,1
2026-09-27T01:23:44,66,95,0.88,1
2026-09-27T01:23:45,60,97,0.86,1
2026-09-27T01:23:46,63,95,0.88,1
2026-09-27T01:23:47,61,95,0.95,1
2026-09-27T01:23:48,66,97,0.86,1
2026-09-27T01:23:49,66,96,0.87,1
2026-09-27T01:23:50,60,96,0.94,1
2026-09-27T01:23:51,62,96,0.87,1
2026-09-27T01:23:52,61,97,0.92,1
2026-09-27T01:23:53,64,95,0.93,1
2026-09-27T01:23:54,65,96,0.94,1
2026-09-27T01:23:55,64,96,0.91,1
2026-09-27T01:23:56,66,97,0.86,1
2026-09-27T01:23:57,60,97,0.94,1
2026-09-27T01:23:58,60,95,0.90,1
2026-09-27T01:23:59,62,94,0.95,1
2026-09-27T01:24:00,62,96,0.85,1
2026-09-27T01:24:01,65,95,0.87,1
2026-09-27T01:24:02,61,96,0.90,1
2026-09-27T01:24:03,64,97,0.93,1
2026-09-27T01:24:04,62,97,0.92,1
2026-09-27T01:24:05,61,97,0.94,1
2026-09-27T01:24:06,62,94,0.88,1
2026-09-27T01:24:07,65,97,0.95,1
2026-09-27T01:24:08,64,94,0.94,1
2026-09-27T01:24:09,66,95,0.86,1
2026-09-27T01:24:10,60,96,0.91,1
2026-09-27T01:24:11,62,97,0.89,1
2026-09-27T01:24:12,65,95,0.90,1
2026-09-27T01:24:13,65,96,0.92,1
2026-09-27T01:24:14,61,95,0.91,1
2026-09-27T01:24:15,65,95,0.88,1
2026-09-27T01:24:16,65,96,0.88,1
2026-09-27T01:24:17,64,97,0.90,1
2026-09-27T01:24:18,63,95,0.91,1
2026-09-27T01:24:19,65,94,0.93,1
2026-09-27T01:24:20,60,95,0.94,1
2026-09-27T01:24:21,61,97,0.93,1
2026-09-27T01:24:22,62,95,0.85,1
2026-09-27T01:24:23,65,95,0.85,1
2026-09-27T01:24:24,60,95,0.86,1
2026-09-27T01:24:25,63,95,0.92,1
2026-09-27T01:24:26,64,94,0.85,1
2026-09-27T01:24:27,64,97,0.94,1
2026-09-27T01:24:28,63,96,0.89,1
2026-09-27T01:24:29,64,95,0.88,1
2026-09-27T01:24:30,65,97,0.88,1
2026-09-27T01:24:31,63,94,0.85,1
2026-09-27T01:24:32,66,95,0.93,1
2026-09-27T01:24:33,64,97,0.86,1
2026-09-27T01:24:34,64,96,0.92,1
2026-09-27T01:24:35,66,94,0.86,1
2026-09-27T01:24:36,60,96,0.87,1
2026-09-27T01:24:37,63,94,0.87,1
2026-09-27T01:24:38,61,95,0.94,1
2026-09-27T01:24:39,62,95,0.92,1
2026-09-27T01:24:40,66,95,0.93,1
2026-09-27T01:24:41,65,96,0.91,1
2026-09-27T01:24:42,66,95,0.87,1
2026-09-27T01:24:43,63,96,0.93,1
2026-09-27T01:24:44,61,97,0.89,1
2026-09-27T01:24:45,60,95,0.86,1
2026-09-27T01:24:46,65,95,0.93,1
2026-09-27T01:24:47,61,97,0.93,1
2026-09-27T01:24:48,64,96,0.90,1
2026-09-27T01:24:49,61,97,0.94,1
2026-09-27T01:24:50,62,97,0.94,1
2026-09-27T01:24:51,60,97,0.93,1
2026-09-27T01:24:52,61,97,0.93,1
2026-09-27T01:24:53,64,96,0.88,1
2026-09-27T01:24:54,66,97,0.94,1
2026-09-27T01:24:55,65,95,0.89,1
2026-09-27T01:24:56,61,97,0.88,1
2026-09-27T01:24:57,63,96,0.90,1
2026-09-27T01:24:58,62,94,0.91,1
2026-09-27T01:24:59,61,96,0.94,1
2026-09-27T01:25:00,61,94,0.88,1
2026-09-27T01:25:01,63,95,0.95,1
2026-09-27T01:25:02,60,94,0.94,1
2026-09-27T01:25:03,61,95,0.86,1
2026-09-27T01:25:04,61,95,0.94,1
2026-09-27T01:25:05,60,95,0.91,1
2026-09-27T01:25:06,66,95,0.87,1
2026-09-27T01:25:07,61,97,0.87,1
2026-09-27T01:25:08,61,94,0.94,1
2026-09-27T01:25:09,64,94,0.87,1
2026-09-27T01:25:10,62,95,0.89,1
2026-09-27T01:25:11,60,94,0.86,1
2026-09-27T01:25:12,62,94,0.90,1
2026-09-27T01:25:13,63,94,0.94,1
2026-09-27T01:25:14,64,97,0.85,1
2026-09-27T01:25:15,60,94,0.88,1
2026-09-27T01:25:16,62,95,0.90,1
2026-09-27T01:25:17,63,96,0.88,1
2026-09-27T01:25:18,65,96,0.95,1
2026-09-27T01:25:19,65,96,0.88,1
2026-09-27T01:25:20,63,94,0.87,1
2026-09-27T01:25:21,61,97,0.88,1
2026-09-27T01:25:22,63,97,0.87,1
2026-09-27T01:25:23,65,94,0.89,1
2026-09-27T01:25:24,63,94,0.89,1
2026-09-27T01:25:25,66,97,0.91,1
2026-09-27T01:25:26,61,94,0.88,1
2026-09-27T01:25:27,62,97,0.92,1
2026-09-27T01:25:28,66,96,0.86,1
2026-09-27T01:25:29,61,94,0.91,1
2026-09-27T01:25:30,66,97,0.92,1
2026-09-27T01:25:31,64,96,0.90,1
2026-09-27T01:25:32,66,94,0.91,1
2026-09-27T01:25:33,62,95,0.92,1
2026-09-27T01:25:34,63,94,0.88,1
2026-09-27T01:25:35,61,96,0.89,1
2026-09-27T01:25:36,64,96,0.85,1
2026-09-27T01:25:37,63,97,0.93,1
2026-09-27T01:25:38,66,94,0.91,1
2026-09-27T01:25:39,60,96,0.85,1
2026-09-27T01:25:40,65,97,0.89,1
2026-09-27T01:25:41,65,94,0.90,1
2026-09-27T01:25:42,61,96,0.88,1
2026-09-27T01:25:43,61,97,0.85,1
2026-09-27T01:25:44,66,95,0.95,1
2026-09-27T01:25:45,60,95,0.86,1
2026-09-27T01:25:46,66,94,0.95,1
2026-09-27T01:25:47,61,96,0.88,1
2026-09-27T01:25:48,64,94,0.85,1
2026-09-27T01:25:49,60,96,0.92,1
2026-09-27T01:25:50,62,97,0.93,1
2026-09-27T01:25:51,66,94,0.90,1
2026-09-27T01:25:52,63,96,0.94,1
2026-09-27T01:25:53,61,95,0.91,1
2026-09-27T01:25:54,66,95,0.87,1
2026-09-27T01:25:55,60,95,0.92,1
2026-09-27T01:25:56,64,97,0.88,1
2026-09-27T01:25:57,61,95,0.87,1
2026-09-27T01:25:58,66,94,0.91,1
2026-09-27T01:25:59,64,96,0.90,1
2026-09-27T01:26:00,63,96,0.91,1
2026-09-27T01:26:01,66,97,0.88,1
2026-09-27T01:26:02,64,94,0.92,1
2026-09-27T01:26:03,62,95,0.89,1
2026-09-27T01:26:04,61,95,0.91,1
2026-09-27T01:26:05,60,94,0.93,1
2026-09-27T01:26:06,66,97,0.85,1
2026-09-27T01:26:07,64,95,0.91,1
2026-09-27T01:26:08,60,96,0.91,1
2026-09-27T01:26:09,63,95,0.88,1
2026-09-27T01:26:10,64,95,0.86,1
2026-09-27T01:26:11,65,96,0.87,1
2026-09-27T01:26:12,63,94,0.89,1
2026-09-27T01:26:13,64,94,0.86,1
2026-09-27T01:26:14,63,95,0.86,1
2026-09-27T01:26:15,61,97,0.90,1
2026-09-27T01:26:16,62,96,0.90,1
2026-09-27T01:26:17,63,94,0.93,1
2026-09-27T01:26:18,64,97,0.92,1
2026-09-27T01:26:19,61,94,0.88,1
2026-09-27T01:26:20,66,97,0.92,1
2026-09-27T01:26:21,60,97,0.95,1
2026-09-27T01:26:22,62,96,0.95,1
2026-09-27T01:26:23,65,94,0.88,1
2026-09-27T01:26:24,60,96,0.87,1
2026-09-27T01:26:25,66,94,0.89,1
2026-09-27T01:26:26,65,97,0.88,1
2026-09-27T01:26:27,62,94,0.91,1
2026-09-27T01:26:28,60,94,0.90,1
2026-09-27T01:26:29,66,94,0.89,1
2026-09-27T01:26:30,62,94,0.87,1
2026-09-27T01:26:31,65,97,0.86,1
2026-09-27T01:26:32,60,97,0.94,1
2026-09-27T01:26:33,66,95,0.88,1
2026-09-27T01:26:34,63,97,0.86,1
2026-09-27T01:26:35,64,95,0.94,1
2026-09-27T01:26:36,64,97,0.87,1
2026-09-27T01:26:37,60,97,0.85,1
2026-09-27T01:26:38,61,97,0.87,1
2026-09-27T01:26:39,65,96,0.92,1
2026-09-27T01:26:40,62,96,0.93,1
2026-09-27T01:26:41,60,95,0.95,1
2026-09-27T01:26:42,65,96,0.94,1
2026-09-27T01:26:43,60,96,0.90,1
2026-09-27T01:26:44,61,94,0.94,1
2026-09-27T01:26:45,60,95,0.91,1
2026-09-27T01:26:46,61,94,0.91,1
2026-09-27T01:26:47,62,96,0.86,1
2026-09-27T01:26:48,61,96,0.90,1
2026-09-27T01:26:49,66,94,0.91,1
2026-09-27T01:26:50,60,95,0.93,1
2026-09-27T01:26:51,60,96,0.92,1
2026-09-27T01:26:52,63,96,0.92,1
2026-09-27T01:26:53,60,95,0.92,1
2026-09-27T01:26:54,65,97,0.92,1
2026-09-27T01:26:55,60,97,0.86,1
2026-09-27T01:26:56,66,94,0.85,1
2026-09-27T01:26:57,64,97,0.90,1
2026-09-27T01:26:58,66,96,0.88,1
2026-09-27T01:26:59,63,97,0.86,1
2026-09-27T01:27:00,62,94,0.90,1
2026-09-27T01:27:01,63,97,0.89,1
2026-09-27T01:27:02,60,94,0.95,1
2026-09-27T01:27:03,61,97,0.92,1
2026-09-27T01:27:04,64,96,0.86,1
2026-09-27T01:27:05,63,96,0.90,1
2026-09-27T01:27:06,60,97,0.95,1
2026-09-27T01:27:07,61,94,0.87,1
2026-09-27T01:27:08,65,95,0.86,1
2026-09-27T01:27:09,62,96,0.94,1
2026-09-27T01:27:10,65,94,0.94,1
2026-09-27T01:27:11,66,94,0.86,1
2026-09-27T01:27:12,64,97,0.87,1
2026-09-27T01:27:13,64,97,0.91,1
2026-09-27T01:27:14,61,94,0.89,1
2026-09-27T01:27:15,65,97,0.89,1
2026-09-27T01:27:16,63,94,0.90,1
2026-09-27T01:27:17,66,95,0.88,1
2026-09-27T01:27:18,66,96,0.87,1
2026-09-27T01:27:19,62,97,0.85,1
2026-09-27T01:27:20,62,95,0.94,1
2026-09-27T01:27:21,60,96,0.93,1
2026-09-27T01:27:22,62,96,0.85,1
2026-09-27T01:27:23,60,94,0.89,1
2026-09-27T01:27:24,63,95,0.93,1
2026-09-27T01:27:25,61,95,0.87,1
2026-09-27T01:27:26,63,95,0.90,1
2026-09-27T01:27:27,63,95,0.87,1
2026-09-27T01:27:28,60,97,0.89,1
2026-09-27T01:27:29,60,97,0.88,1
2026-09-27T01:27:30,62,97,0.89,1
2026-09-27T01:27:31,64,94,0.87,1
2026-09-27T01:27:32,60,97,0.92,1
2026-09-27T01:27:33,61,96,0.93,1
2026-09-27T01:27:34,63,95,0.95,1
2026-09-27T01:27:35,62,94,0.92,1
2026-09-27T01:27:36,62,94,0.86,1
2026-09-27T01:27:37,60,96,0.94,1
2026-09-27T01:27:38,61,96,0.87,1
2026-09-27T01:27:39,60,96,0.88,1
2026-09-27T01:27:40,66,94,0.95,1
2026-09-27T01:27:41,60,96,0.89,1
2026-09-27T01:27:42,62,94,0.91,1
2026-09-27T01:27:43,62,95,0.87,1
2026-09-27T01:27:44,62,95,0.90,1
2026-09-27T01:27:45,65,95,0.95,1
2026-09-27T01:27:46,60,97,0.92,1
2026-09-27T01:27:47,61,94,0.95,1
2026-09-27T01:27:48,64,97,0.85,1
2026-09-27T01:27:49,61,97,0.87,1
2026-09-27T01:27:50,63,97,0.93,1
2026-09-27T01:27:51,61,95,0.89,1
2026-09-27T01:27:52,61,97,0.89,1
2026-09-27T01:27:53,61,94,0.93,1
2026-09-27T01:27:54,66,94,0.87,1
2026-09-27T01:27:55,65,95,0.88,1
2026-09-27T01:27:56,65,97,0.90,1
2026-09-27T01:27:57,61,96,0.89,1
2026-09-27T01:27:58,61,97,0.90,1
2026-09-27T01:27:59,65,96,0.94,1
2026-09-27T01:28:00,63,97,0.94,1
2026-09-27T01:28:01,63,94,0.91,1
2026-09-27T01:28:02,65,96,0.87,1
2026-09-27T01:28:03,62,94,0.90,1
2026-09-27T01:28:04,61,97,0.91,1
2026-09-27T01:28:05,63,96,0.89,1
2026-09-27T01:28:06,63,94,0.88,1
2026-09-27T01:28:07,60,96,0.90,1
2026-09-27T01:28:08,64,97,0.93,1
2026-09-27T01:28:09,60,96,0.85,1
2026-09-27T01:28:10,61,97,0.85,1
2026-09-27T01:28:11,65,97,0.91,1
2026-09-27T01:28:12,65,96,0.91,1
2026-09-27T01:28:13,64,94,0.90,1
2026-09-27T01:28:14,65,95,0.90,1
2026-09-27T01:28:15,66,96,0.87,1
2026-09-27T01:28:16,62,94,0.94,1
2026-09-27T01:28:17,65,96,0.89,1
2026-09-27T01:28:18,66,94,0.87,1
2026-09-27T01:28:19,62,96,0.89,1
2026-09-27T01:28:20,61,96,0.94,1
2026-09-27T01:28:21,62,94,0.90,1
2026-09-27T01:28:22,63,94,0.93,1
2026-09-27T01:28:23,64,95,0.91,1
2026-09-27T01:28:24,66,97,0.93,1
2026-09-27T01:28:25,61,97,0.87,1
2026-09-27T01:28:26,64,95,0.92,1
2026-09-27T01:28:27,63,94,0.87,1
2026-09-27T01:28:28,62,96,0.89,1
2026-09-27T01:28:29,60,94,0.87,1
2026-09-27T01:28:30,64,97,0.94,1
2026-09-27T01:28:31,60,97,0.91,1
2026-09-27T01:28:32,63,97,0.85,1
2026-09-27T01:28:33,60,95,0.94,1
2026-09-27T01:28:34,66,94,0.91,1
2026-09-27T01:28:35,64,95,0.88,1
2026-09-27T01:28:36,61,94,0.90,1
2026-09-27T01:28:37,66,96,0.86,1
2026-09-27T01:28:38,62,97,0.85,1
2026-09-27T01:28:39,64,95,0.86,1
2026-09-27T01:28:40,60,95,0.85,1
2026-09-27T01:28:41,64,95,0.91,1
2026-09-27T01:28:42,61,94,0.90,1
2026-09-27T01:28:43,66,97,0.87,1
2026-09-27T01:28:44,66,96,0.87,1
2026-09-27T01:28:45,62,96,0.92,1
2026-09-27T01:28:46,64,94,0.92,1
2026-09-27T01:28:47,62,97,0.87,1
2026-09-27T01:28:48,66,94,0.90,1
2026-09-27T01:28:49,65,94,0.86,1
2026-09-27T01:28:50,65,96,0.88,1
2026-09-27T01:28:51,63,96,0.94,1
2026-09-27T01:28:52,60,94,0.88,1
2026-09-27T01:28:53,64,96,0.86,1
2026-09-27T01:28:54,62,97,0.92,1
2026-09-27T01:28:55,63,96,0.92,1
2026-09-27T01:28:56,61,96,0.91,1
2026-09-27T01:28:57,64,95,0.94,1
2026-09-27T01:28:58,61,97,0.91,1
2026-09-27T01:28:59,60,95,0.89,1
2026-09-27T01:29:00,66,97,0.89,1
2026-09-27T01:29:01,65,96,0.88,1
2026-09-27T01:29:02,61,95,0.88,1
2026-09-27T01:29:03,64,96,0.93,1
2026-09-27T01:29:04,65,97,0.91,1
2026-09-27T01:29:05,60,94,0.93,1
2026-09-27T01:29:06,60,96,0.91,1
2026-09-27T01:29:07,66,97,0.87,1
2026-09-27T01:29:08,60,94,0.89,1
2026-09-27T01:29:09,64,94,0.88,1
2026-09-27T01:29:10,64,94,0.90,1
2026-09-27T01:29:11,63,95,0.93,1
2026-09-27T01:29:12,60,96,0.95,1
2026-09-27T01:29:13,64,94,0.92,1
2026-09-27T01:29:14,63,97,0.94,1
2026-09-27T01:29:15,62,94,0.94,1
2026-09-27T01:29:16,61,96,0.93,1
2026-09-27T01:29:17,60,95,0.94,1
2026-09-27T01:29:18,62,97,0.89,1
2026-09-27T01:29:19,64,96,0.85,1
2026-09-27T01:29:20,66,94,0.94,1
2026-09-27T01:29:21,61,94,0.93,1
2026-09-27T01:29:22,65,97,0.91,1
2026-09-27T01:29:23,60,97,0.94,1
2026-09-27T01:29:24,60,97,0.85,1
2026-09-27T01:29:25,61,96,0.94,1
2026-09-27T01:29:26,65,97,0.91,1
2026-09-27T01:29:27,61,94,0.87,1
2026-09-27T01:29:28,60,94,0.87,1
2026-09-27T01:29:29,60,94,0.94,1
2026-09-27T01:29:30,64,94,0.93,1
2026-09-27T01:29:31,66,94,0.86,1
2026-09-27T01:29:32,60,94,0.92,1
2026-09-27T01:29:33,66,94,0.90,1
2026-09-27T01:29:34,65,95,0.85,1
2026-09-27T01:29:35,62,94,0.89,1
2026-09-27T01:29:36,64,95,0.86,1
2026-09-27T01:29:37,65,97,0.85,1
2026-09-27T01:29:38,65,95,0.85,1
2026-09-27T01:29:39,61,95,0.94,1
2026-09-27T01:29:40,64,94,0.85,1
2026-09-27T01:29:41,62,94,0.94,1
2026-09-27T01:29:42,61,96,0.87,1
2026-09-27T01:29:43,66,96,0.87,1
2026-09-27T01:29:44,65,97,0.95,1
2026-09-27T01:29:45,65,97,0.85,1
2026-09-27T01:29:46,66,94,0.95,1
2026-09-27T01:29:47,63,97,0.87,1
2026-09-27T01:29:48,62,95,0.90,1
2026-09-27T01:29:49,61,97,0.87,1
2026-09-27T01:29:50,64,94,0.88,1
2026-09-27T01:29:51,62,94,0.88,1
2026-09-27T01:29:52,66,97,0.89,1
2026-09-27T01:29:53,62,94,0.93,1
2026-09-27T01:29:54,65,96,0.86,1
2026-09-27T01:29:55,65,95,0.85,1
2026-09-27T01:29:56,63,95,0.91,1
2026-09-27T01:29:57,65,96,0.86,1
2026-09-27T01:29:58,61,95,0.91,1
2026-09-27T01:29:59,60,97,0.90,1
2026-09-27T01:30:00,,,0.00,0
2026-09-27T01:30:01,,,0.00,0
2026-09-27T01:30:02,,,0.00,0
2026-09-27T01:30:03,,,0.00,0
2026-09-27T01:30:04,,,0.00,0
2026-09-27T01:30:05,,,0.00,0
2026-09-27T01:30:06,,,0.00,0
2026-09-27T01:30:07,,,0.00,0
2026-09-27T01:30:08,,,0.00,0
2026-09-27T01:30:09,,,0.00,0
2026-09-27T01:30:10,,,0.00,0
2026-09-27T01:30:11,,,0.00,0
2026-09-27T01:30:12,,,0.00,0
2026-09-27T01:30:13,,,0.00,0
2026-09-27T01:30:14,,,0.00,0
2026-09-27T01:30:15,,,0.00,0
2026-09-27T01:30:16,,,0.00,0
2026-09-27T01:30:17,,,0.00,0
2026-09-27T01:30:18,,,0.00,0
2026-09-27T01:30:19,,,0.00,0
2026-09-27T01:30:20,,,0.00,0
2026-09-27T01:30:21,,,0.00,0
2026-09-27T01:30:22,,,0.00,0
2026-09-27T01:30:23,,,0.00,0
2026-09-27T01:30:24,,,0.00,0
2026-09-27T01:30:25,,,0.00,0
2026-09-27T01:30:26,,,0.00,0
2026-09-27T01:30:27,,,0.00,0
2026-09-27T01:30:28,,,0.00,0
2026-09-27T01:30:29,,,0.00,0
2026-09-27T01:30:30,,,0.00,0
2026-09-27T01:30:31,,,0.00,0
2026-09-27T01:30:32,,,0.00,0
2026-09-27T01:30:33,,,0.00,0
2026-09-27T01:30:34,,,0.00,0
2026-09-27T01:30:35,,,0.00,0
2026-09-27T01:30:36,,,0.00,0
2026-09-27T01:30:37,,,0.00,0
2026-09-27T01:30:38,,,0.00,0
2026-09-27T01:30:39,,,0.00,0
2026-09-27T01:30:40,,,0.00,0
2026-09-27T01:30:41,,,0.00,0
2026-09-27T01:30:42,,,0.00,0
2026-09-27T01:30:43,,,0.00,0
2026-09-27T01:30:44,,,0.00,0
2026-09-27T01:30:45,,,0.00,0
2026-09-27T01:30:46,,,0.00,0
2026-09-27T01:30:47,,,0.00,0
2026-09-27T01:30:48,,,0.00,0
2026-09-27T01:30:49,,,0.00,0
2026-09-27T01:30:50,,,0.00,0
2026-09-27T01:30:51,,,0.00,0
2026-09-27T01:30:52,,,0.00,0
2026-09-27T01:30:53,,,0.00,0
2026-09-27T01:30:54,,,0.00,0
2026-09-27T01:30:55,,,0.00,0
2026-09-27T01:30:56,,,0.00,0
2026-09-27T01:30:57,,,0.00,0
2026-09-27T01:30:58,,,0.00,0
2026-09-27T01:30:59,,,0.00,0
2026-09-27T01:31:00,,,0.00,0
2026-09-27T01:31:01,,,0.00,0
2026-09-27T01:31:02,,,0.00,0
2026-09-27T01:31:03,,,0.00,0
2026-09-27T01:31:04,,,0.00,0
2026-09-27T01:31:05,,,0.00,0
2026-09-27T01:31:06,,,0.00,0
2026-09-27T01:31:07,,,0.00,0
2026-09-27T01:31:08,,,0.00,0
2026-09-27T01:31:09,,,0.00,0
2026-09-27T01:31:10,,,0.00,0
2026-09-27T01:31:11,,,0.00,0
2026-09-27T01:31:12,,,0.00,0
2026-09-27T01:31:13,,,0.00,0
2026-09-27T01:31:14,,,0.00,0
2026-09-27T01:31:15,,,0.00,0
2026-09-27T01:31:16,,,0.00,0
2026-09-27T01:31:17,,,0.00,0
2026-09-27T01:31:18,,,0.00,0
2026-09-27T01:31:19,,,0.00,0
2026-09-27T01:31:20,,,0.00,0
2026-09-27T01:31:21,,,0.00,0
2026-09-27T01:31:22,,,0.00,0
2026-09-27T01:31:23,,,0.00,0
2026-09-27T01:31:24,,,0.00,0
2026-09-27T01:31:25,,,0.00,0
2026-09-27T01:31:26,,,0.00,0
2026-09-27T01:31:27,,,0.00,0
2026-09-27T01:31:28,,,0.00,0
2026-09-27T01:31:29,,,0.00,0
2026-09-27T01:31:30,,,0.00,0
2026-09-27T01:31:31,,,0.00,0
2026-09-27T01:31:32,,,0.00,0
2026-09-27T01:31:33,,,0.00,0
2026-09-27T01:31:34,,,0.00,0
2026-09-27T01:31:35,,,0.00,0
2026-09-27T01:31:36,,,0.00,0
2026-09-27T01:31:37,,,0.00,0
2026-09-27T01:31:38,,,0.00,0
2026-09-27T01:31:39,,,0.00,0
2026-09-27T01:31:40,,,0.00,0
2026-09-27T01:31:41,,,0.00,0
2026-09-27T01:31:42,,,0.00,0
2026-09-27T01:31:43,,,0.00,0
2026-09-27T01:31:44,,,0.00,0
2026-09-27T01:31:45,,,0.00,0
2026-09-27T01:31:46,,,0.00,0
2026-09-27T01:31:47,,,0.00,0
2026-09-27T01:31:48,,,0.00,0
2026-09-27T01:31:49,,,0.00,0
2026-09-27T01:31:50,,,0.00,0
2026-09-27T01:31:51,,,0.00,0
2026-09-27T01:31:52,,,0.00,0
2026-09-27T01:31:53,,,0.00,0
2026-09-27T01:31:54,,,0.00,0
2026-09-27T01:31:55,,,0.00,0
2026-09-27T01:31:56,,,0.00,0
2026-09-27T01:31:57,,,0.00,0
2026-09-27T01:31:58,,,0.00,0
2026-09-27T01:31:59,,,0.00,0
2026-09-27T01:32:00,,,0.00,0
2026-09-27T01:32:01,,,0.00,0
2026-09-27T01:32:02,,,0.00,0
2026-09-27T01:32:03,,,0.00,0
2026-09-27T01:32:04,,,0.00,0
2026-09-27T01:32:05,,,0.00,0
2026-09-27T01:32:06,,,0.00,0
2026-09-27T01:32:07,,,0.00,0
2026-09-27T01:32:08,,,0.00,0
2026-09-27T01:32:09,,,0.00,0
2026-09-27T01:32:10,,,0.00,0
2026-09-27T01:32:11,,,0.00,0
2026-09-27T01:32:12,,,0.00,0
2026-09-27T01:32:13,,,0.00,0
2026-09-27T01:32:14,,,0.00,0
2026-09-27T01:32:15,,,0.00,0
2026-09-27T01:32:16,,,0.00,0
2026-09-27T01:32:17,,,0.00,0
2026-09-27T01:32:18,,,0.00,0
2026-09-27T01:32:19,,,0.00,0
2026-09-27T01:32:20,,,0.00,0
2026-09-27T01:32:21,,,0.00,0
2026-09-27T01:32:22,,,0.00,0
2026-09-27T01:32:23,,,0.00,0
2026-09-27T01:32:24,,,0.00,0
2026-09-27T01:32:25,,,0.00,0
2026-09-27T01:32:26,,,0.00,0
2026-09-27T01:32:27,,,0.00,0
2026-09-27T01:32:28,,,0.00,0
2026-09-27T01:32:29,,,0.00,0
2026-09-27T01:32:30,,,0.00,0
2026-09-27T01:32:31,,,0.00,0
2026-09-27T01:32:32,,,0.00,0
2026-09-27T01:32:33,,,0.00,0
2026-09-27T01:32:34,,,0.00,0
2026-09-27T01:32:35,,,0.00,0
2026-09-27T01:32:36,,,0.00,0
2026-09-27T01:32:37,,,0.00,0
2026-09-27T01:32:38,,,0.00,0
2026-09-27T01:32:39,,,0.00,0
2026-09-27T01:32:40,,,0.00,0
2026-09-27T01:32:41,,,0.00,0
2026-09-27T01:32:42,,,0.00,0
2026-09-27T01:32:43,,,0.00,0
2026-09-27T01:32:44,,,0.00,0
2026-09-27T01:32:45,,,0.00,0
2026-09-27T01:32:46,,,0.00,0
2026-09-27T01:32:47,,,0.00,0
2026-09-27T01:32:48,,,0.00,0
2026-09-27T01:32:49,,,0.00,0
2026-09-27T01:32:50,,,0.00,0
2026-09-27T01:32:51,,,0.00,0
2026-09-27T01:32:52,,,0.00,0
2026-09-27T01:32:53,,,0.00,0
2026-09-27T01:32:54,,,0.00,0
2026-09-27T01:32:55,,,0.00,0
2026-09-27T01:32:56,,,0.00,0
2026-09-27T01:32:57,,,0.00,0
2026-09-27T01:32:58,,,0.00,0
2026-09-27T01:32:59,,,0.00,0
2026-09-27T01:33:00,,,0.00,0
2026-09-27T01:33:01,,,0.00,0
2026-09-27T01:33:02,,,0.00,0
2026-09-27T01:33:03,,,0.00,0
2026-09-27T01:33:04,,,0.00,0
2026-09-27T01:33:05,,,0.00,0
2026-09-27T01:33:06,,,0.00,0
2026-09-27T01:33:07,,,0.00,0
2026-09-27T01:33:08,,,0.00,0
2026-09-27T01:33:09,,,0.00,0
2026-09-27T01:33:10,,,0.00,0
2026-09-27T01:33:11,,,0.00,0
2026-09-27T01:33:12,,,0.00,0
2026-09-27T01:33:13,,,0.00,0
2026-09-27T01:33:14,,,0.00,0
2026-09-27T01:33:15,,,0.00,0
2026-09-27T01:33:16,,,0.00,0
2026-09-27T01:33:17,,,0.00,0
2026-09-27T01:33:18,,,0.00,0
2026-09-27T01:33:19,,,0.00,0
2026-09-27T01:33:20,,,0.00,0
2026-09-27T01:33:21,,,0.00,0
2026-09-27T01:33:22,,,0.00,0
2026-09-27T01:33:23,,,0.00,0
2026-09-27T01:33:24,,,0.00,0
2026-09-27T01:33:25,,,0.00,0
2026-09-27T01:33:26,,,0.00,0
2026-09-27T01:33:27,,,0.00,0
2026-09-27T01:33:28,,,0.00,0
2026-09-27T01:33:29,,,0.00,0
2026-09-27T01:33:30,,,0.00,0
2026-09-27T01:33:31,,,0.00,0
2026-09-27T01:33:32,,,0.00,0
2026-09-27T01:33:33,,,0.00,0
2026-09-27T01:33:34,,,0.00,0
2026-09-27T01:33:35,,,0.00,0
2026-09-27T01:33:36,,,0.00,0
2026-09-27T01:33:37,,,0.00,0
2026-09-27T01:33:38,,,0.00,0
2026-09-27T01:33:39,,,0.00,0
2026-09-27T01:33:40,,,0.00,0
2026-09-27T01:33:41,,,0.00,0
2026-09-27T01:33:42,,,0.00,0
2026-09-27T01:33:43,,,0.00,0
2026-09-27T01:33:44,,,0.00,0
2026-09-27T01:33:45,,,0.00,0
2026-09-27T01:33:46,,,0.00,0
2026-09-27T01:33:47,,,0.00,0
2026-09-27T01:33:48,,,0.00,0
2026-09-27T01:33:49,,,0.00,0
2026-09-27T01:33:50,,,0.00,0
2026-09-27T01:33:51,,,0.00,0
2026-09-27T01:33:52,,,0.00,0
2026-09-27T01:33:53,,,0.00,0
2026-09-27T01:33:54,,,0.00,0
2026-09-27T01:33:55,,,0.00,0
2026-09-27T01:33:56,,,0.00,0
2026-09-27T01:33:57,,,0.00,0
2026-09-27T01:33:58,,,0.00,0
2026-09-27T01:33:59,,,0.00,0
2026-09-27T01:34:00,,,0.00,0
2026-09-27T01:34:01,,,0.00,0
2026-09-27T01:34:02,,,0.00,0
2026-09-27T01:34:03,,,0.00,0
2026-09-27T01:34:04,,,0.00,0
2026-09-27T01:34:05,,,0.00,0
2026-09-27T01:34:06,,,0.00,0
2026-09-27T01:34:07,,,0.00,0
2026-09-27T01:34:08,,,0.00,0
2026-09-27T01:34:09,,,0.00,0
2026-09-27T01:34:10,,,0.00,0
2026-09-27T01:34:11,,,0.00,0
2026-09-27T01:34:12,,,0.00,0
2026-09-27T01:34:13,,,0.00,0
2026-09-27T01:34:14,,,0.00,0
2026-09-27T01:34:15,,,0.00,0
2026-09-27T01:34:16,,,0.00,0
2026-09-27T01:34:17,,,0.00,0
2026-09-27T01:34:18,,,0.00,0
2026-09-27T01:34:19,,,0.00,0
2026-09-27T01:34:20,,,0.00,0
2026-09-27T01:34:21,,,0.00,0
2026-09-27T01:34:22,,,0.00,0
2026-09-27T01:34:23,,,0.00,0
2026-09-27T01:34:24,,,0.00,0
2026-09-27T01:34:25,,,0.00,0
2026-09-27T01:34:26,,,0.00,0
2026-09-27T01:34:27,,,0.00,0
2026-09-27T01:34:28,,,0.00,0
2026-09-27T01:34:29,,,0.00,0
2026-09-27T01:34:30,,,0.00,0
2026-09-27T01:34:31,,,0.00,0
2026-09-27T01:34:32,,,0.00,0
2026-09-27T01:34:33,,,0.00,0
2026-09-27T01:34:34,,,0.00,0
2026-09-27T01:34:35,,,0.00,0
2026-09-27T01:34:36,,,0.00,0
2026-09-27T01:34:37,,,0.00,0
2026-09-27T01:34:38,,,0.00,0
2026-09-27T01:34:39,,,0.00,0
2026-09-27T01:34:40,,,0.00,0
2026-09-27T01:34:41,,,0.00,0
2026-09-27T01:34:42,,,0.00,0
2026-09-27T01:34:43,,,0.00,0
2026-09-27T01:34:44,,,0.00,0
2026-09-27T01:34:45,,,0.00,0
2026-09-27T01:34:46,,,0.00,0
2026-09-27T01:34:47,,,0.00,0
2026-09-27T01:34:48,,,0.00,0
2026-09-27T01:34:49,,,0.00,0
2026-09-27T01:34:50,,,0.00,0
2026-09-27T01:34:51,,,0.00,0
2026-09-27T01:34:52,,,0.00,0
2026-09-27T01:34:53,,,0.00,0
2026-09-27T01:34:54,,,0.00,0
2026-09-27T01:34:55,,,0.00,0
2026-09-27T01:34:56,,,0.00,0
2026-09-27T01:34:57,,,0.00,0
2026-09-27T01:34:58,,,0.00,0
2026-09-27T01:34:59,,,0.00,0
2026-09-27T01:35:00,,,0.00,0
2026-09-27T01:35:01,,,0.00,0
2026-09-27T01:35:02,,,0.00,0
2026-09-27T01:35:03,,,0.00,0
2026-09-27T01:35:04,,,0.00,0
2026-09-27T01:35:05,,,0.00,0
2026-09-27T01:35:06,,,0.00,0
2026-09-27T01:35:07,,,0.00,0
2026-09-27T01:35:08,,,0.00,0
2026-09-27T01:35:09,,,0.00,0
2026-09-27T01:35:10,,,0.00,0
2026-09-27T01:35:11,,,0.00,0
2026-09-27T01:35:12,,,0.00,0
2026-09-27T01:35:13,,,0.00,0
2026-09-27T01:35:14,,,0.00,0
2026-09-27T01:35:15,,,0.00,0
2026-09-27T01:35:16,,,0.00,0
2026-09-27T01:35:17,,,0.00,0
2026-09-27T01:35:18,,,0.00,0
2026-09-27T01:35:19,,,0.00,0
2026-09-27T01:35:20,,,0.00,0
2026-09-27T01:35:21,,,0.00,0
2026-09-27T01:35:22,,,0.00,0
2026-09-27T01:35:23,,,0.00,0
2026-09-27T01:35:24,,,0.00,0
2026-09-27T01:35:25,,,0.00,0
2026-09-27T01:35:26,,,0.00,0
2026-09-27T01:35:27,,,0.00,0
2026-09-27T01:35:28,,,0.00,0
2026-09-27T01:35:29,,,0.00,0
2026-09-27T01:35:30,,,0.00,0
2026-09-27T01:35:31,,,0.00,0
2026-09-27T01:35:32,,,0.00,0
2026-09-27T01:35:33,,,0.00,0
2026-09-27T01:35:34,,,0.00,0
2026-09-27T01:35:35,,,0.00,0
2026-09-27T01:35:36,,,0.00,0
2026-09-27T01:35:37,,,0.00,0
2026-09-27T01:35:38,,,0.00,0
2026-09-27T01:35:39,,,0.00,0
2026-09-27T01:35:40,,,0.00,0
2026-09-27T01:35:41,,,0.00,0
2026-09-27T01:35:42,,,0.00,0
2026-09-27T01:35:43,,,0.00,0
2026-09-27T01:35:44,,,0.00,0
2026-09-27T01:35:45,,,0.00,0
2026-09-27T01:35:46,,,0.00,0
2026-09-27T01:35:47,,,0.00,0
2026-09-27T01:35:48,,,0.00,0
2026-09-27T01:35:49,,,0.00,0
2026-09-27T01:35:50,,,0.00,0
2026-09-27T01:35:51,,,0.00,0
2026-09-27T01:35:52,,,0.00,0
2026-09-27T01:35:53,,,0.00,0
2026-09-27T01:35:54,,,0.00,0
2026-09-27T01:35:55,,,0.00,0
2026-09-27T01:35:56,,,0.00,0
2026-09-27T01:35:57,,,0.00,0
2026-09-27T01:35:58,,,0.00,0
2026-09-27T01:35:59,,,0.00,0
2026-09-27T01:36:00,,,0.00,0
2026-09-27T01:36:01,,,0.00,0
2026-09-27T01:36:02,,,0.00,0
2026-09-27T01:36:03,,,0.00,0
2026-09-27T01:36:04,,,0.00,0
2026-09-27T01:36:05,,,0.00,0
2026-09-27T01:36:06,,,0.00,0
2026-09-27T01:36:07,,,0.00,0
2026-09-27T01:36:08,,,0.00,0
2026-09-27T01:36:09,,,0.00,0
2026-09-27T01:36:10,,,0.00,0
2026-09-27T01:36:11,,,0.00,0
2026-09-27T01:36:12,,,0.00,0
2026-09-27T01:36:13,,,0.00,0
2026-09-27T01:36:14,,,0.00,0
2026-09-27T01:36:15,,,0.00,0
2026-09-27T01:36:16,,,0.00,0
2026-09-27T01:36:17,,,0.00,0
2026-09-27T01:36:18,,,0.00,0
2026-09-27T01:36:19,,,0.00,0
2026-09-27T01:36:20,,,0.00,0
2026-09-27T01:36:21,,,0.00,0
2026-09-27T01:36:22,,,0.00,0
2026-09-27T01:36:23,,,0.00,0
2026-09-27T01:36:24,,,0.00,0
2026-09-27T01:36:25,,,0.00,0
2026-09-27T01:36:26,,,0.00,0
2026-09-27T01:36:27,,,0.00,0
2026-09-27T01:36:28,,,0.00,0
2026-09-27T01:36:29,,,0.00,0
2026-09-27T01:36:30,,,0.00,0
2026-09-27T01:36:31,,,0.00,0
2026-09-27T01:36:32,,,0.00,0
2026-09-27T01:36:33,,,0.00,0
2026-09-27T01:36:34,,,0.00,0
2026-09-27T01:36:35,,,0.00,0
2026-09-27T01:36:36,,,0.00,0
2026-09-27T01:36:37,,,0.00,0
2026-09-27T01:36:38,,,0.00,0
2026-09-27T01:36:39,,,0.00,0
2026-09-27T01:36:40,,,0.00,0
2026-09-27T01:36:41,,,0.00,0
2026-09-27T01:36:42,,,0.00,0
2026-09-27T01:36:43,,,0.00,0
2026-09-27T01:36:44,,,0.00,0
2026-09-27T01:36:45,,,0.00,0
2026-09-27T01:36:46,,,0.00,0
2026-09-27T01:36:47,,,0.00,0
2026-09-27T01:36:48,,,0.00,0
2026-09-27T01:36:49,,,0.00,0
2026-09-27T01:36:50,,,0.00,0
2026-09-27T01:36:51,,,0.00,0
2026-09-27T01:36:52,,,0.00,0
2026-09-27T01:36:53,,,0.00,0
2026-09-27T01:36:54,,,0.00,0
2026-09-27T01:36:55,,,0.00,0
2026-09-27T01:36:56,,,0.00,0
2026-09-27T01:36:57,,,0.00,0
2026-09-27T01:36:58,,,0.00,0
2026-09-27T01:36:59,,,0.00,0
2026-09-27T01:37:00,,,0.00,0
2026-09-27T01:37:01,,,0.00,0
2026-09-27T01:37:02,,,0.00,0
2026-09-27T01:37:03,,,0.00,0
2026-09-27T01:37:04,,,0.00,0
2026-09-27T01:37:05,,,0.00,0
2026-09-27T01:37:06,,,0.00,0
2026-09-27T01:37:07,,,0.00,0
2026-09-27T01:37:08,,,0.00,0
2026-09-27T01:37:09,,,0.00,0
2026-09-27T01:37:10,,,0.00,0
2026-09-27T01:37:11,,,0.00,0
2026-09-27T01:37:12,,,0.00,0
2026-09-27T01:37:13,,,0.00,0
2026-09-27T01:37:14,,,0.00,0
2026-09-27T01:37:15,,,0.00,0
2026-09-27T01:37:16,,,0.00,0
2026-09-27T01:37:17,,,0.00,0
2026-09-27T01:37:18,,,0.00,0
2026-09-27T01:37:19,,,0.00,0
2026-09-27T01:37:20,,,0.00,0
2026-09-27T01:37:21,,,0.00,0
2026-09-27T01:37:22,,,0.00,0
2026-09-27T01:37:23,,,0.00,0
2026-09-27T01:37:24,,,0.00,0
2026-09-27T01:37:25,,,0.00,0
2026-09-27T01:37:26,,,0.00,0
2026-09-27T01:37:27,,,0.00,0
2026-09-27T01:37:28,,,0.00,0
2026-09-27T01:37:29,,,0.00,0
2026-09-27T01:37:30,,,0.00,0
2026-09-27T01:37:31,,,0.00,0
2026-09-27T01:37:32,,,0.00,0
2026-09-27T01:37:33,,,0.00,0
2026-09-27T01:37:34,,,0.00,0
2026-09-27T01:37:35,,,0.00,0
2026-09-27T01:37:36,,,0.00,0
2026-09-27T01:37:37,,,0.00,0
2026-09-27T01:37:38,,,0.00,0
2026-09-27T01:37:39,,,0.00,0
2026-09-27T01:37:40,,,0.00,0
2026-09-27T01:37:41,,,0.00,0
2026-09-27T01:37:42,,,0.00,0
2026-09-27T01:37:43,,,0.00,0
2026-09-27T01:37:44,,,0.00,0
2026-09-27T01:37:45,,,0.00,0
2026-09-27T01:37:46,,,0.00,0
2026-09-27T01:37:47,,,0.00,0
2026-09-27T01:37:48,,,0.00,0
2026-09-27T01:37:49,,,0.00,0
2026-09-27T01:37:50,,,0.00,0
2026-09-27T01:37:51,,,0.00,0
2026-09-27T01:37:52,,,0.00,0
2026-09-27T01:37:53,,,0.00,0
2026-09-27T01:37:54,,,0.00,0
2026-09-27T01:37:55,,,0.00,0
2026-09-27T01:37:56,,,0.00,0
2026-09-27T01:37:57,,,0.00,0
2026-09-27T01:37:58,,,0.00,0
2026-09-27T01:37:59,,,0.00,0
2026-09-27T01:38:00,,,0.00,0
2026-09-27T01:38:01,,,0.00,0
2026-09-27T01:38:02,,,0.00,0
2026-09-27T01:38:03,,,0.00,0
2026-09-27T01:38:04,,,0.00,0
2026-09-27T01:38:05,,,0.00,0
2026-09-27T01:38:06,,,0.00,0
2026-09-27T01:38:07,,,0.00,0
2026-09-27T01:38:08,,,0.00,0
2026-09-27T01:38:09,,,0.00,0
2026-09-27T01:38:10,,,0.00,0
2026-09-27T01:38:11,,,0.00,0
2026-09-27T01:38:12,,,0.00,0
2026-09-27T01:38:13,,,0.00,0
2026-09-27T01:38:14,,,0.00,0
2026-09-27T01:38:15,,,0.00,0
2026-09-27T01:38:16,,,0.00,0
2026-09-27T01:38:17,,,0.00,0
2026-09-27T01:38:18,,,0.00,0
2026-09-27T01:38:19,,,0.00,0
2026-09-27T01:38:20,,,0.00,0
2026-09-27T01:38:21,,,0.00,0
2026-09-27T01:38:22,,,0.00,0
2026-09-27T01:38:23,,,0.00,0
2026-09-27T01:38:24,,,0.00,0
2026-09-27T01:38:25,,,0.00,0
2026-09-27T01:38:26,,,0.00,0
2026-09-27T01:38:27,,,0.00,0
2026-09-27T01:38:28,,,0.00,0
2026-09-27T01:38:29,,,0.00,0
2026-09-27T01:38:30,,,0.00,0
2026-09-27T01:38:31,,,0.00,0
2026-09-27T01:38:32,,,0.00,0
2026-09-27T01:38:33,,,0.00,0
2026-09-27T01:38:34,,,0.00,0
2026-09-27T01:38:35,,,0.00,0
2026-09-27T01:38:36,,,0.00,0
2026-09-27T01:38:37,,,0.00,0
2026-09-27T01:38:38,,,0.00,0
2026-09-27T01:38:39,,,0.00,0
2026-09-27T01:38:40,,,0.00,0
2026-09-27T01:38:41,,,0.00,0
2026-09-27T01:38:42,,,0.00,0
2026-09-27T01:38:43,,,0.00,0
2026-09-27T01:38:44,,,0.00,0
2026-09-27T01:38:45,,,0.00,0
2026-09-27T01:38:46,,,0.00,0
2026-09-27T01:38:47,,,0.00,0
2026-09-27T01:38:48,,,0.00,0
2026-09-27T01:38:49,,,0.00,0
2026-09-27T01:38:50,,,0.00,0
2026-09-27T01:38:51,,,0.00,0
2026-09-27T01:38:52,,,0.00,0
2026-09-27T01:38:53,,,0.00,0
2026-09-27T01:38:54,,,0.00,0
2026-09-27T01:38:55,,,0.00,0
2026-09-27T01:38:56,,,0.00,0
2026-09-27T01:38:57,,,0.00,0
2026-09-27T01:38:58,,,0.00,0
2026-09-27T01:38:59,,,0.00,0
2026-09-27T01:39:00,,,0.00,0
2026-09-27T01:39:01,,,0.00,0
2026-09-27T01:39:02,,,0.00,0
2026-09-27T01:39:03,,,0.00,0
2026-09-27T01:39:04,,,0.00,0
2026-09-27T01:39:05,,,0.00,0
2026-09-27T01:39:06,,,0.00,0
2026-09-27T01:39:07,,,0.00,0
2026-09-27T01:39:08,,,0.00,0
2026-09-27T01:39:09,,,0.00,0
2026-09-27T01:39:10,,,0.00,0
2026-09-27T01:39:11,,,0.00,0
2026-09-27T01:39:12,,,0.00,0
2026-09-27T01:39:13,,,0.00,0
2026-09-27T01:39:14,,,0.00,0
2026-09-27T01:39:15,,,0.00,0
2026-09-27T01:39:16,,,0.00,0
2026-09-27T01:39:17,,,0.00,0
2026-09-27T01:39:18,,,0.00,0
2026-09-27T01:39:19,,,0.00,0
2026-09-27T01:39:20,,,0.00,0
2026-09-27T01:39:21,,,0.00,0
2026-09-27T01:39:22,,,0.00,0
2026-09-27T01:39:23,,,0.00,0
2026-09-27T01:39:24,,,0.00,0
2026-09-27T01:39:25,,,0.00,0
2026-09-27T01:39:26,,,0.00,0
2026-09-27T01:39:27,,,0.00,0
2026-09-27T01:39:28,,,0.00,0
2026-09-27T01:39:29,,,0.00,0
2026-09-27T01:39:30,,,0.00,0
2026-09-27T01:39:31,,,0.00,0
2026-09-27T01:39:32,,,0.00,0
2026-09-27T01:39:33,,,0.00,0
2026-09-27T01:39:34,,,0.00,0
2026-09-27T01:39:35,,,0.00,0
2026-09-27T01:39:36,,,0.00,0
2026-09-27T01:39:37,,,0.00,0
2026-09-27T01:39:38,,,0.00,0
2026-09-27T01:39:39,,,0.00,0
2026-09-27T01:39:40,,,0.00,0
2026-09-27T01:39:41,,,0.00,0
2026-09-27T01:39:42,,,0.00,0
2026-09-27T01:39:43,,,0.00,0
2026-09-27T01:39:44,,,0.00,0
2026-09-27T01:39:45,,,0.00,0
2026-09-27T01:39:46,,,0.00,0
2026-09-27T01:39:47,,,0.00,0
2026-09-27T01:39:48,,,0.00,0
2026-09-27T01:39:49,,,0.00,0
2026-09-27T01:39:50,,,0.00,0
2026-09-27T01:39:51,,,0.00,0
2026-09-27T01:39:52,,,0.00,0
2026-09-27T01:39:53,,,0.00,0
2026-09-27T01:39:54,,,0.00,0
2026-09-27T01:39:55,,,0.00,0
2026-09-27T01:39:56,,,0.00,0
2026-09-27T01:39:57,,,0.00,0
2026-09-27T01:39:58,,,0.00,0
2026-09-27T01:39:59,,,0.00,0
2026-09-27T01:40:00,,,0.00,0
2026-09-27T01:40:01,,,0.00,0
2026-09-27T01:40:02,,,0.00,0
2026-09-27T01:40:03,,,0.00,0
2026-09-27T01:40:04,,,0.00,0
2026-09-27T01:40:05,,,0.00,0
2026-09-27T01:40:06,,,0.00,0
2026-09-27T01:40:07,,,0.00,0
2026-09-27T01:40:08,,,0.00,0
2026-09-27T01:40:09,,,0.00,0
2026-09-27T01:40:10,,,0.00,0
2026-09-27T01:40:11,,,0.00,0
2026-09-27T01:40:12,,,0.00,0
2026-09-27T01:40:13,,,0.00,0
2026-09-27T01:40:14,,,0.00,0
2026-09-27T01:40:15,,,0.00,0
2026-09-27T01:40:16,,,0.00,0
2026-09-27T01:40:17,,,0.00,0
2026-09-27T01:40:18,,,0.00,0
2026-09-27T01:40:19,,,0.00,0
2026-09-27T01:40:20,,,0.00,0
2026-09-27T01:40:21,,,0.00,0
2026-09-27T01:40:22,,,0.00,0
2026-09-27T01:40:23,,,0.00,0
2026-09-27T01:40:24,,,0.00,0
2026-09-27T01:40:25,,,0.00,0
2026-09-27T01:40:26,,,0.00,0
2026-09-27T01:40:27,,,0.00,0
2026-09-27T01:40:28,,,0.00,0
2026-09-27T01:40:29,,,0.00,0
2026-09-27T01:40:30,,,0.00,0
2026-09-27T01:40:31,,,0.00,0
2026-09-27T01:40:32,,,0.00,0
2026-09-27T01:40:33,,,0.00,0
2026-09-27T01:40:34,,,0.00,0
2026-09-27T01:40:35,,,0.00,0
2026-09-27T01:40:36,,,0.00,0
2026-09-27T01:40:37,,,0.00,0
2026-09-27T01:40:38,,,0.00,0
2026-09-27T01:40:39,,,0.00,0
2026-09-27T01:40:40,,,0.00,0
2026-09-27T01:40:41,,,0.00,0
2026-09-27T01:40:42,,,0.00,0
2026-09-27T01:40:43,,,0.00,0
2026-09-27T01:40:44,,,0.00,0
2026-09-27T01:40:45,,,0.00,0
2026-09-27T01:40:46,,,0.00,0
2026-09-27T01:40:47,,,0.00,0
2026-09-27T01:40:48,,,0.00,0
2026-09-27T01:40:49,,,0.00,0
2026-09-27T01:40:50,,,0.00,0
2026-09-27T01:40:51,,,0.00,0
2026-09-27T01:40:52,,,0.00,0
2026-09-27T01:40:53,,,0.00,0
2026-09-27T01:40:54,,,0.00,0
2026-09-27T01:40:55,,,0.00,0
2026-09-27T01:40:56,,,0.00,0
2026-09-27T01:40:57,,,0.00,0
2026-09-27T01:40:58,,,0.00,0
2026-09-27T01:40:59,,,0.00,0
2026-09-27T01:41:00,,,0.00,0
2026-09-27T01:41:01,,,0.00,0
2026-09-27T01:41:02,,,0.00,0
2026-09-27T01:41:03,,,0.00,0
2026-09-27T01:41:04,,,0.00,0
2026-09-27T01:41:05,,,0.00,0
2026-09-27T01:41:06,,,0.00,0
2026-09-27T01:41:07,,,0.00,0
2026-09-27T01:41:08,,,0.00,0
2026-09-27T01:41:09,,,0.00,0
2026-09-27T01:41:10,,,0.00,0
2026-09-27T01:41:11,,,0.00,0
2026-09-27T01:41:12,,,0.00,0
2026-09-27T01:41:13,,,0.00,0
2026-09-27T01:41:14,,,0.00,0
2026-09-27T01:41:15,,,0.00,0
2026-09-27T01:41:16,,,0.00,0
2026-09-27T01:41:17,,,0.00,0
2026-09-27T01:41:18,,,0.00,0
2026-09-27T01:41:19,,,0.00,0
2026-09-27T01:41:20,,,0.00,0
2026-09-27T01:41:21,,,0.00,0
2026-09-27T01:41:22,,,0.00,0
2026-09-27T01:41:23,,,0.00,0
2026-09-27T01:41:24,,,0.00,0
2026-09-27T01:41:25,,,0.00,0
2026-09-27T01:41:26,,,0.00,0
2026-09-27T01:41:27,,,0.00,0
2026-09-27T01:41:28,,,0.00,0
2026-09-27T01:41:29,,,0.00,0
2026-09-27T01:41:30,,,0.00,0
2026-09-27T01:41:31,,,0.00,0
2026-09-27T01:41:32,,,0.00,0
2026-09-27T01:41:33,,,0.00,0
2026-09-27T01:41:34,,,0.00,0
2026-09-27T01:41:35,,,0.00,0
2026-09-27T01:41:36,,,0.00,0
2026-09-27T01:41:37,,,0.00,0
2026-09-27T01:41:38,,,0.00,0
2026-09-27T01:41:39,,,0.00,0
2026-09-27T01:41:40,,,0.00,0
2026-09-27T01:41:41,,,0.00,0
2026-09-27T01:41:42,,,0.00,0
2026-09-27T01:41:43,,,0.00,0
2026-09-27T01:41:44,,,0.00,0
2026-09-27T01:41:45,,,0.00,0
2026-09-27T01:41:46,,,0.00,0
2026-09-27T01:41:47,,,0.00,0
2026-09-27T01:41:48,,,0.00,0
2026-09-27T01:41:49,,,0.00,0
2026-09-27T01:41:50,,,0.00,0
2026-09-27T01:41:51,,,0.00,0
2026-09-27T01:41:52,,,0.00,0
2026-09-27T01:41:53,,,0.00,0
2026-09-27T01:41:54,,,0.00,0
2026-09-27T01:41:55,,,0.00,0
2026-09-27T01:41:56,,,0.00,0
2026-09-27T01:41:57,,,0.00,0
2026-09-27T01:41:58,,,0.00,0
2026-09-27T01:41:59,,,0.00,0
2026-09-27T01:42:00,,,0.00,0
2026-09-27T01:42:01,,,0.00,0
2026-09-27T01:42:02,,,0.00,0
2026-09-27T01:42:03,,,0.00,0
2026-09-27T01:42:04,,,0.00,0
2026-09-27T01:42:05,,,0.00,0
2026-09-27T01:42:06,,,0.00,0
2026-09-27T01:42:07,,,0.00,0
2026-09-27T01:42:08,,,0.00,0
2026-09-27T01:42:09,,,0.00,0
2026-09-27T01:42:10,,,0.00,0
2026-09-27T01:42:11,,,0.00,0
2026-09-27T01:42:12,,,0.00,0
2026-09-27T01:42:13,,,0.00,0
2026-09-27T01:42:14,,,0.00,0
2026-09-27T01:42:15,,,0.00,0
2026-09-27T01:42:16,,,0.00,0
2026-09-27T01:42:17,,,0.00,0
2026-09-27T01:42:18,,,0.00,0
2026-09-27T01:42:19,,,0.00,0
2026-09-27T01:42:20,,,0.00,0
2026-09-27T01:42:21,,,0.00,0
2026-09-27T01:42:22,,,0.00,0
2026-09-27T01:42:23,,,0.00,0
2026-09-27T01:42:24,,,0.00,0
2026-09-27T01:42:25,,,0.00,0
2026-09-27T01:42:26,,,0.00,0
2026-09-27T01:42:27,,,0.00,0
2026-09-27T01:42:28,,,0.00,0
2026-09-27T01:42:29,,,0.00,0
2026-09-27T01:42:30,,,0.00,0
2026-09-27T01:42:31,,,0.00,0
2026-09-27T01:42:32,,,0.00,0
2026-09-27T01:42:33,,,0.00,0
2026-09-27T01:42:34,,,0.00,0
2026-09-27T01:42:35,,,0.00,0
2026-09-27T01:42:36,,,0.00,0
2026-09-27T01:42:37,,,0.00,0
2026-09-27T01:42:38,,,0.00,0
2026-09-27T01:42:39,,,0.00,0
2026-09-27T01:42:40,,,0.00,0
2026-09-27T01:42:41,,,0.00,0
2026-09-27T01:42:42,,,0.00,0
2026-09-27T01:42:43,,,0.00,0
2026-09-27T01:42:44,,,0.00,0
2026-09-27T01:42:45,,,0.00,0
2026-09-27T01:42:46,,,0.00,0
2026-09-27T01:42:47,,,0.00,0
2026-09-27T01:42:48,,,0.00,0
2026-09-27T01:42:49,,,0.00,0
2026-09-27T01:42:50,,,0.00,0
2026-09-27T01:42:51,,,0.00,0
2026-09-27T01:42:52,,,0.00,0
2026-09-27T01:42:53,,,0.00,0
2026-09-27T01:42:54,,,0.00,0
2026-09-27T01:42:55,,,0.00,0
2026-09-27T01:42:56,,,0.00,0
2026-09-27T01:42:57,,,0.00,0
2026-09-27T01:42:58,,,0.00,0
2026-09-27T01:42:59,,,0.00,0
2026-09-27T01:43:00,,,0.00,0
2026-09-27T01:43:01,,,0.00,0
2026-09-27T01:43:02,,,0.00,0
2026-09-27T01:43:03,,,0.00,0
2026-09-27T01:43:04,,,0.00,0
2026-09-27T01:43:05,,,0.00,0
2026-09-27T01:43:06,,,0.00,0
2026-09-27T01:43:07,,,0.00,0
2026-09-27T01:43:08,,,0.00,0
2026-09-27T01:43:09,,,0.00,0
2026-09-27T01:43:10,,,0.00,0
2026-09-27T01:43:11,,,0.00,0
2026-09-27T01:43:12,,,0.00,0
2026-09-27T01:43:13,,,0.00,0
2026-09-27T01:43:14,,,0.00,0
2026-09-27T01:43:15,,,0.00,0
2026-09-27T01:43:16,,,0.00,0
2026-09-27T01:43:17,,,0.00,0
2026-09-27T01:43:18,,,0.00,0
2026-09-27T01:43:19,,,0.00,0
2026-09-27T01:43:20,,,0.00,0
2026-09-27T01:43:21,,,0.00,0
2026-09-27T01:43:22,,,0.00,0
2026-09-27T01:43:23,,,0.00,0
2026-09-27T01:43:24,,,0.00,0
2026-09-27T01:43:25,,,0.00,0
2026-09-27T01:43:26,,,0.00,0
2026-09-27T01:43:27,,,0.00,0
2026-09-27T01:43:28,,,0.00,0
2026-09-27T01:43:29,,,0.00,0
2026-09-27T01:43:30,,,0.00,0
2026-09-27T01:43:31,,,0.00,0
2026-09-27T01:43:32,,,0.00,0
2026-09-27T01:43:33,,,0.00,0
2026-09-27T01:43:34,,,0.00,0
2026-09-27T01:43:35,,,0.00,0
2026-09-27T01:43:36,,,0.00,0
2026-09-27T01:43:37,,,0.00,0
2026-09-27T01:43:38,,,0.00,0
2026-09-27T01:43:39,,,0.00,0
2026-09-27T01:43:40,,,0.00,0
2026-09-27T01:43:41,,,0.00,0
2026-09-27T01:43:42,,,0.00,0
2026-09-27T01:43:43,,,0.00,0
2026-09-27T01:43:44,,,0.00,0
2026-09-27T01:43:45,,,0.00,0
2026-09-27T01:43:46,,,0.00,0
2026-09-27T01:43:47,,,0.00,0
2026-09-27T01:43:48,,,0.00,0
2026-09-27T01:43:49,,,0.00,0
2026-09-27T01:43:50,,,0.00,0
2026-09-27T01:43:51,,,0.00,0
2026-09-27T01:43:52,,,0.00,0
2026-09-27T01:43:53,,,0.00,0
2026-09-27T01:43:54,,,0.00,0
2026-09-27T01:43:55,,,0.00,0
2026-09-27T01:43:56,,,0.00,0
2026-09-27T01:43:57,,,0.00,0
2026-09-27T01:43:58,,,0.00,0
2026-09-27T01:43:59,,,0.00,0
2026-09-27T01:44:00,,,0.00,0
2026-09-27T01:44:01,,,0.00,0
2026-09-27T01:44:02,,,0.00,0
2026-09-27T01:44:03,,,0.00,0
2026-09-27T01:44:04,,,0.00,0
2026-09-27T01:44:05,,,0.00,0
2026-09-27T01:44:06,,,0.00,0
2026-09-27T01:44:07,,,0.00,0
2026-09-27T01:44:08,,,0.00,0
2026-09-27T01:44:09,,,0.00,0
2026-09-27T01:44:10,,,0.00,0
2026-09-27T01:44:11,,,0.00,0
2026-09-27T01:44:12,,,0.00,0
2026-09-27T01:44:13,,,0.00,0
2026-09-27T01:44:14,,,0.00,0
2026-09-27T01:44:15,,,0.00,0
2026-09-27T01:44:16,,,0.00,0
2026-09-27T01:44:17,,,0.00,0
2026-09-27T01:44:18,,,0.00,0
2026-09-27T01:44:19,,,0.00,0
2026-09-27T01:44:20,,,0.00,0
2026-09-27T01:44:21,,,0.00,0
2026-09-27T01:44:22,,,0.00,0
2026-09-27T01:44:23,,,0.00,0
2026-09-27T01:44:24,,,0.00,0
2026-09-27T01:44:25,,,0.00,0
2026-09-27T01:44:26,,,0.00,0
2026-09-27T01:44:27,,,0.00,0
2026-09-27T01:44:28,,,0.00,0
2026-09-27T01:44:29,,,0.00,0
2026-09-27T01:44:30,,,0.00,0
2026-09-27T01:44:31,,,0.00,0
2026-09-27T01:44:32,,,0.00,0
2026-09-27T01:44:33,,,0.00,0
2026-09-27T01:44:34,,,0.00,0
2026-09-27T01:44:35,,,0.00,0
2026-09-27T01:44:36,,,0.00,0
2026-09-27T01:44:37,,,0.00,0
2026-09-27T01:44:38,,,0.00,0
2026-09-27T01:44:39,,,0.00,0
2026-09-27T01:44:40,,,0.00,0
2026-09-27T01:44:41,,,0.00,0
2026-09-27T01:44:42,,,0.00,0
2026-09-27T01:44:43,,,0.00,0
2026-09-27T01:44:44,,,0.00,0
2026-09-27T01:44:45,,,0.00,0
2026-09-27T01:44:46,,,0.00,0
2026-09-27T01:44:47,,,0.00,0
2026-09-27T01:44:48,,,0.00,0
2026-09-27T01:44:49,,,0.00,0
2026-09-27T01:44:50,,,0.00,0
2026-09-27T01:44:51,,,0.00,0
2026-09-27T01:44:52,,,0.00,0
2026-09-27T01:44:53,,,0.00,0
2026-09-27T01:44:54,,,0.00,0
2026-09-27T01:44:55,,,0.00,0
2026-09-27T01:44:56,,,0.00,0
2026-09-27T01:44:57,,,0.00,0
2026-09-27T01:44:58,,,0.00,0
2026-09-27T01:44:59,,,0.00,0
2026-09-27T01:45:00,66,95,0.94,1
2026-09-27T01:45:01,66,94,0.87,1
2026-09-27T01:45:02,65,97,0.86,1
2026-09-27T01:45:03,66,94,0.90,1
2026-09-27T01:45:04,63,96,0.85,1
2026-09-27T01:45:05,64,94,0.94,1
2026-09-27T01:45:06,61,97,0.91,1
2026-09-27T01:45:07,63,94,0.86,1
2026-09-27T01:45:08,60,97,0.90,1
2026-09-27T01:45:09,63,96,0.88,1
2026-09-27T01:45:10,61,97,0.93,1
2026-09-27T01:45:11,65,94,0.91,1
2026-09-27T01:45:12,61,94,0.93,1
2026-09-27T01:45:13,65,94,0.85,1
2026-09-27T01:45:14,61,96,0.90,1
2026-09-27T01:45:15,64,97,0.90,1
2026-09-27T01:45:16,66,97,0.87,1
2026-09-27T01:45:17,64,95,0.88,1
2026-09-27T01:45:18,63,97,0.89,1
2026-09-27T01:45:19,61,96,0.94,1
2026-09-27T01:45:20,62,94,0.91,1
2026-09-27T01:45:21,64,96,0.88,1
2026-09-27T01:45:22,63,97,0.88,1
2026-09-27T01:45:23,65,94,0.87,1
2026-09-27T01:45:24,63,95,0.95,1
2026-09-27T01:45:25,65,95,0.94,1
2026-09-27T01:45:26,62,95,0.93,1
2026-09-27T01:45:27,66,97,0.87,1
2026-09-27T01:45:28,62,97,0.87,1
2026-09-27T01:45:29,61,97,0.87,1
2026-09-27T01:45:30,64,94,0.93,1
2026-09-27T01:45:31,66,94,0.88,1
2026-09-27T01:45:32,60,96,0.90,1
2026-09-27T01:45:33,62,94,0.85,1
2026-09-27T01:45:34,62,96,0.92,1
2026-09-27T01:45:35,64,94,0.87,1
2026-09-27T01:45:36,65,94,0.87,1
2026-09-27T01:45:37,64,95,0.89,1
2026-09-27T01:45:38,61,95,0.91,1
2026-09-27T01:45:39,64,95,0.95,1
2026-09-27T01:45:40,66,97,0.94,1
2026-09-27T01:45:41,64,94,0.88,1
2026-09-27T01:45:42,63,97,0.93,1
2026-09-27T01:45:43,60,96,0.90,1
2026-09-27T01:45:44,66,94,0.88,1
2026-09-27T01:45:45,61,96,0.91,1
2026-09-27T01:45:46,66,94,0.93,1
2026-09-27T01:45:47,64,97,0.91,1
2026-09-27T01:45:48,66,95,0.89,1
2026-09-27T01:45:49,66,95,0.92,1
2026-09-27T01:45:50,60,96,0.94,1
2026-09-27T01:45:51,60,97,0.92,1
2026-09-27T01:45:52,62,94,0.90,1
2026-09-27T01:45:53,63,95,0.90,1
2026-09-27T01:45:54,65,97,0.91,1
2026-09-27T01:45:55,66,94,0.93,1
2026-09-27T01:45:56,62,96,0.90,1
2026-09-27T01:45:57,60,97,0.95,1
2026-09-27T01:45:58,63,96,0.92,1
2026-09-27T01:45:59,65,94,0.92,1
2026-09-27T01:46:00,65,96,0.86,1
2026-09-27T01:46:01,63,96,0.87,1
2026-09-27T01:46:02,64,97,0.91,1
2026-09-27T01:46:03,60,97,0.85,1
2026-09-27T01:46:04,64,97,0.86,1
2026-09-27T01:46:05,64,95,0.86,1
2026-09-27T01:46:06,64,94,0.89,1
2026-09-27T01:46:07,66,94,0.88,1
2026-09-27T01:46:08,61,96,0.93,1
2026-09-27T01:46:09,66,95,0.90,1
2026-09-27T01:46:10,65,96,0.95,1
2026-09-27T01:46:11,64,94,0.88,1
2026-09-27T01:46:12,66,97,0.85,1
2026-09-27T01:46:13,61,97,0.90,1
2026-09-27T01:46:14,60,97,0.91,1
2026-09-27T01:46:15,61,95,0.93,1
2026-09-27T01:46:16,61,95,0.89,1
2026-09-27T01:46:17,61,94,0.90,1
2026-09-27T01:46:18,66,96,0.91,1
2026-09-27T01:46:19,65,95,0.91,1
2026-09-27T01:46:20,61,94,0.94,1
2026-09-27T01:46:21,64,96,0.89,1
2026-09-27T01:46:22,60,95,0.87,1
2026-09-27T01:46:23,63,95,0.86,1
2026-09-27T01:46:24,62,94,0.93,1
2026-09-27T01:46:25,65,96,0.89,1
2026-09-27T01:46:26,64,96,0.86,1
2026-09-27T01:46:27,61,97,0.92,1
2026-09-27T01:46:28,66,96,0.88,1
2026-09-27T01:46:29,61,95,0.88,1
2026-09-27T01:46:30,64,97,0.90,1
2026-09-27T01:46:31,65,97,0.91,1
2026-09-27T01:46:32,65,96,0.92,1
2026-09-27T01:46:33,63,95,0.87,1
2026-09-27T01:46:34,63,97,0.92,1
2026-09-27T01:46:35,65,95,0.91,1
2026-09-27T01:46:36,65,94,0.92,1
2026-09-27T01:46:37,62,94,0.93,1
2026-09-27T01:46:38,63,94,0.91,1
2026-09-27T01:46:39,64,96,0.94,1
2026-09-27T01:46:40,60,94,0.88,1
2026-09-27T01:46:41,65,97,0.86,1
2026-09-27T01:46:42,63,94,0.92,1
2026-09-27T01:46:43,64,97,0.87,1
2026-09-27T01:46:44,66,96,0.90,1
2026-09-27T01:46:45,61,97,0.93,1
2026-09-27T01:46:46,63,96,0.89,1
2026-09-27T01:46:47,65,94,0.88,1
2026-09-27T01:46:48,61,96,0.94,1
2026-09-27T01:46:49,66,94,0.93,1
2026-09-27T01:46:50,60,94,0.86,1
2026-09-27T01:46:51,66,94,0.87,1
2026-09-27T01:46:52,60,94,0.89,1
2026-09-27T01:46:53,66,94,0.89,1
2026-09-27T01:46:54,62,95,0.89,1
2026-09-27T01:46:55,65,97,0.89,1
2026-09-27T01:46:56,64,94,0.90,1
2026-09-27T01:46:57,63,96,0.87,1
2026-09-27T01:46:58,60,94,0.92,1
2026-09-27T01:46:59,65,97,0.93,1
2026-09-27T01:47:00,60,96,0.92,1
2026-09-27T01:47:01,65,96,0.94,1
2026-09-27T01:47:02,63,95,0.88,1
2026-09-27T01:47:03,62,95,0.88,1
2026-09-27T01:47:04,64,97,0.86,1
2026-09-27T01:47:05,64,96,0.85,1
2026-09-27T01:47:06,60,96,0.85,1
2026-09-27T01:47:07,61,95,0.93,1
2026-09-27T01:47:08,66,97,0.92,1
2026-09-27T01:47:09,60,94,0.95,1
2026-09-27T01:47:10,60,97,0.93,1
2026-09-27T01:47:11,65,97,0.85,1
2026-09-27T01:47:12,61,94,0.90,1
2026-09-27T01:47:13,63,97,0.85,1
2026-09-27T01:47:14,64,95,0.85,1
2026-09-27T01:47:15,61,94,0.92,1
2026-09-27T01:47:16,60,95,0.90,1
2026-09-27T01:47:17,64,96,0.86,1
2026-09-27T01:47:18,63,97,0.87,1
2026-09-27T01:47:19,66,95,0.91,1
2026-09-27T01:47:20,63,96,0.92,1
2026-09-27T01:47:21,60,94,0.86,1
2026-09-27T01:47:22,61,95,0.86,1
2026-09-27T01:47:23,63,96,0.94,1
2026-09-27T01:47:24,63,95,0.90,1
2026-09-27T01:47:25,63,95,0.89,1
2026-09-27T01:47:26,61,97,0.92,1
2026-09-27T01:47:27,60,94,0.87,1
2026-09-27T01:47:28,66,94,0.89,1
2026-09-27T01:47:29,60,96,0.87,1
2026-09-27T01:47:30,63,94,0.88,1
2026-09-27T01:47:31,60,95,0.95,1
2026-09-27T01:47:32,66,96,0.87,1
2026-09-27T01:47:33,65,97,0.91,1
2026-09-27T01:47:34,62,95,0.90,1
2026-09-27T01:47:35,66,94,0.94,1
2026-09-27T01:47:36,66,95,0.87,1
2026-09-27T01:47:37,66,97,0.95,1
2026-09-27T01:47:38,60,94,0.93,1
2026-09-27T01:47:39,64,96,0.85,1
2026-09-27T01:47:40,66,96,0.87,1
2026-09-27T01:47:41,66,96,0.87,1
2026-09-27T01:47:42,65,97,0.89,1
2026-09-27T01:47:43,66,95,0.86,1
2026-09-27T01:47:44,64,97,0.91,1
2026-09-27T01:47:45,64,96,0.93,1
2026-09-27T01:47:46,63,95,0.93,1
2026-09-27T01:47:47,64,96,0.86,1
2026-09-27T01:47:48,61,95,0.94,1
2026-09-27T01:47:49,65,96,0.88,1
2026-09-27T01:47:50,64,94,0.88,1
2026-09-27T01:47:51,63,97,0.93,1
2026-09-27T01:47:52,64,95,0.90,1
2026-09-27T01:47:53,61,97,0.94,1
2026-09-27T01:47:54,64,96,0.86,1
2026-09-27T01:47:55,66,95,0.89,1
2026-09-27T01:47:56,61,96,0.94,1
2026-09-27T01:47:57,61,96,0.85,1
2026-09-27T01:47:58,63,95,0.91,1
2026-09-27T01:47:59,65,95,0.92,1
2026-09-27T01:48:00,62,95,0.89,1
2026-09-27T01:48:01,62,94,0.90,1
2026-09-27T01:48:02,66,94,0.92,1
2026-09-27T01:48:03,61,96,0.95,1
2026-09-27T01:48:04,64,97,0.91,1
2026-09-27T01:48:05,63,94,0.93,1
2026-09-27T01:48:06,64,94,0.90,1
2026-09-27T01:48:07,61,94,0.94,1
2026-09-27T01:48:08,60,96,0.86,1
2026-09-27T01:48:09,66,96,0.91,1
2026-09-27T01:48:10,65,96,0.88,1
2026-09-27T01:48:11,64,97,0.89,1
2026-09-27T01:48:12,63,97,0.92,1
2026-09-27T01:48:13,65,97,0.91,1
2026-09-27T01:48:14,65,95,0.89,1
2026-09-27T01:48:15,60,97,0.89,1
2026-09-27T01:48:16,66,95,0.90,1
2026-09-27T01:48:17,65,94,0.91,1
2026-09-27T01:48:18,65,95,0.87,1
2026-09-27T01:48:19,61,95,0.88,1
2026-09-27T01:48:20,63,94,0.90,1
2026-09-27T01:48:21,64,95,0.86,1
2026-09-27T01:48:22,65,96,0.93,1
2026-09-27T01:48:23,60,96,0.88,1
2026-09-27T01:48:24,62,97,0.89,1
2026-09-27T01:48:25,66,97,0.92,1
2026-09-27T01:48:26,63,97,0.94,1
2026-09-27T01:48:27,63,94,0.89,1
2026-09-27T01:48:28,61,94,0.94,1
2026-09-27T01:48:29,62,94,0.89,1
2026-09-27T01:48:30,66,96,0.88,1
2026-09-27T01:48:31,66,97,0.86,1
2026-09-27T01:48:32,60,97,0.95,1
2026-09-27T01:48:33,61,94,0.94,1
2026-09-27T01:48:34,61,95,0.93,1
2026-09-27T01:48:35,66,96,0.93,1
2026-09-27T01:48:36,64,96,0.91,1
2026-09-27T01:48:37,62,94,0.89,1
2026-09-27T01:48:38,60,94,0.88,1
2026-09-27T01:48:39,63,97,0.86,1
2026-09-27T01:48:40,63,94,0.85,1
2026-09-27T01:48:41,64,94,0.94,1
2026-09-27T01:48:42,64,96,0.91,1
2026-09-27T01:48:43,63,96,0.91,1
2026-09-27T01:48:44,64,94,0.94,1
2026-09-27T01:48:45,64,94,0.89,1
2026-09-27T01:48:46,61,94,0.85,1
2026-09-27T01:48:47,62,95,0.86,1
2026-09-27T01:48:48,66,97,0.91,1
2026-09-27T01:48:49,63,97,0.94,1
2026-09-27T01:48:50,62,94,0.87,1
2026-09-27T01:48:51,65,95,0.92,1
2026-09-27T01:48:52,63,94,0.89,1
2026-09-27T01:48:53,60,94,0.88,1
2026-09-27T01:48:54,66,94,0.95,1
2026-09-27T01:48:55,65,96,0.89,1
2026-09-27T01:48:56,62,97,0.87,1
2026-09-27T01:48:57,61,95,0.89,1
2026-09-27T01:48:58,66,96,0.85,1
2026-09-27T01:48:59,66,97,0.90,1
2026-09-27T01:49:00,62,94,0.89,1
2026-09-27T01:49:01,61,97,0.94,1
2026-09-27T01:49:02,63,97,0.94,1
2026-09-27T01:49:03,64,95,0.92,1
2026-09-27T01:49:04,64,97,0.88,1
2026-09-27T01:49:05,61,94,0.91,1
2026-09-27T01:49:06,63,95,0.88,1
2026-09-27T01:49:07,63,97,0.91,1
2026-09-27T01:49:08,66,97,0.95,1
2026-09-27T01:49:09,65,97,0.87,1
2026-09-27T01:49:10,62,96,0.88,1
2026-09-27T01:49:11,60,94,0.92,1
2026-09-27T01:49:12,65,95,0.92,1
2026-09-27T01:49:13,65,95,0.85,1
2026-09-27T01:49:14,66,95,0.94,1
2026-09-27T01:49:15,63,94,0.88,1
2026-09-27T01:49:16,62,95,0.92,1
2026-09-27T01:49:17,62,97,0.92,1
2026-09-27T01:49:18,66,95,0.90,1
2026-09-27T01:49:19,61,97,0.94,1
2026-09-27T01:49:20,65,94,0.87,1
2026-09-27T01:49:21,62,97,0.85,1
2026-09-27T01:49:22,64,96,0.91,1
2026-09-27T01:49:23,62,97,0.88,1
2026-09-27T01:49:24,60,94,0.91,1
2026-09-27T01:49:25,64,94,0.93,1
2026-09-27T01:49:26,64,96,0.92,1
2026-09-27T01:49:27,62,94,0.94,1
2026-09-27T01:49:28,61,97,0.88,1
2026-09-27T01:49:29,61,94,0.88,1
2026-09-27T01:49:30,66,95,0.95,1
2026-09-27T01:49:31,64,94,0.85,1
2026-09-27T01:49:32,65,96,0.88,1
2026-09-27T01:49:33,61,96,0.91,1
2026-09-27T01:49:34,63,94,0.91,1
2026-09-27T01:49:35,60,95,0.90,1
2026-09-27T01:49:36,60,97,0.88,1
2026-09-27T01:49:37,66,95,0.91,1
2026-09-27T01:49:38,61,94,0.85,1
2026-09-27T01:49:39,65,94,0.89,1
2026-09-27T01:49:40,64,94,0.92,1
2026-09-27T01:49:41,60,96,0.93,1
2026-09-27T01:49:42,60,94,0.94,1
2026-09-27T01:49:43,66,95,0.89,1
2026-09-27T01:49:44,60,97,0.85,1
2026-09-27T01:49:45,65,96,0.92,1
2026-09-27T01:49:46,60,97,0.85,1
2026-09-27T01:49:47,62,97,0.87,1
2026-09-27T01:49:48,60,95,0.90,1
2026-09-27T01:49:49,64,97,0.86,1
2026-09-27T01:49:50,60,95,0.93,1
2026-09-27T01:49:51,63,94,0.87,1
2026-09-27T01:49:52,66,95,0.87,1
2026-09-27T01:49:53,64,97,0.90,1
2026-09-27T01:49:54,65,96,0.91,1
2026-09-27T01:49:55,62,94,0.91,1
2026-09-27T01:49:56,61,97,0.93,1
2026-09-27T01:49:57,66,95,0.90,1
2026-09-27T01:49:58,65,96,0.87,1
2026-09-27T01:49:59,64,97,0.93,1
2026-09-27T01:50:00,64,97,0.86,1
2026-09-27T01:50:01,61,97,0.94,1
2026-09-27T01:50:02,62,95,0.85,1
2026-09-27T01:50:03,64,94,0.93,1
2026-09-27T01:50:04,65,95,0.88,1
2026-09-27T01:50:05,64,94,0.90,1
2026-09-27T01:50:06,61,96,0.90,1
2026-09-27T01:50:07,63,94,0.93,1
2026-09-27T01:50:08,61,97,0.86,1
2026-09-27T01:50:09,66,94,0.92,1
2026-09-27T01:50:10,60,96,0.90,1
2026-09-27T01:50:11,65,95,0.91,1
2026-09-27T01:50:12,63,97,0.90,1
2026-09-27T01:50:13,62,96,0.93,1
2026-09-27T01:50:14,63,96,0.91,1
2026-09-27T01:50:15,64,96,0.93,1
2026-09-27T01:50:16,65,96,0.93,1
2026-09-27T01:50:17,62,95,0.86,1
2026-09-27T01:50:18,66,94,0.87,1
2026-09-27T01:50:19,64,94,0.86,1
2026-09-27T01:50:20,60,96,0.93,1
2026-09-27T01:50:21,62,94,0.87,1
2026-09-27T01:50:22,61,94,0.86,1
2026-09-27T01:50:23,65,97,0.92,1
2026-09-27T01:50:24,64,95,0.92,1
2026-09-27T01:50:25,61,96,0.90,1
2026-09-27T01:50:26,65,96,0.88,1
2026-09-27T01:50:27,66,96,0.93,1
2026-09-27T01:50:28,63,97,0.94,1
2026-09-27T01:50:29,63,96,0.92,1
2026-09-27T01:50:30,66,95,0.90,1
2026-09-27T01:50:31,60,94,0.94,1
2026-09-27T01:50:32,64,94,0.95,1
2026-09-27T01:50:33,66,94,0.92,1
2026-09-27T01:50:34,61,94,0.91,1
2026-09-27T01:50:35,62,97,0.92,1
2026-09-27T01:50:36,61,96,0.85,1
2026-09-27T01:50:37,64,95,0.90,1
2026-09-27T01:50:38,66,94,0.90,1
2026-09-27T01:50:39,65,94,0.90,1
2026-09-27T01:50:40,61,94,0.95,1
2026-09-27T01:50:41,65,95,0.90,1
2026-09-27T01:50:42,63,95,0.94,1
2026-09-27T01:50:43,65,95,0.90,1
2026-09-27T01:50:44,65,96,0.88,1
2026-09-27T01:50:45,63,95,0.90,1
2026-09-27T01:50:46,61,96,0.87,1
2026-09-27T01:50:47,66,95,0.92,1
2026-09-27T01:50:48,65,96,0.93,1
2026-09-27T01:50:49,66,95,0.86,1
2026-09-27T01:50:50,66,95,0.93,1
2026-09-27T01:50:51,61,95,0.94,1
2026-09-27T01:50:52,65,97,0.91,1
2026-09-27T01:50:53,62,97,0.88,1
2026-09-27T01:50:54,64,96,0.87,1
2026-09-27T01:50:55,62,95,0.87,1
2026-09-27T01:50:56,61,96,0.93,1
2026-09-27T01:50:57,65,94,0.95,1
2026-09-27T01:50:58,62,94,0.94,1
2026-09-27T01:50:59,63,95,0.94,1
2026-09-27T01:51:00,66,94,0.88,1
2026-09-27T01:51:01,62,94,0.93,1
2026-09-27T01:51:02,63,95,0.92,1
2026-09-27T01:51:03,64,97,0.92,1
2026-09-27T01:51:04,60,95,0.95,1
2026-09-27T01:51:05,65,95,0.90,1
2026-09-27T01:51:06,61,97,0.90,1
2026-09-27T01:51:07,65,95,0.91,1
2026-09-27T01:51:08,65,96,0.90,1
2026-09-27T01:51:09,60,96,0.93,1
2026-09-27T01:51:10,62,94,0.91,1
2026-09-27T01:51:11,60,95,0.87,1
2026-09-27T01:51:12,60,97,0.87,1
2026-09-27T01:51:13,61,97,0.92,1
2026-09-27T01:51:14,61,97,0.89,1
2026-09-27T01:51:15,61,94,0.92,1
2026-09-27T01:51:16,62,96,0.88,1
2026-09-27T01:51:17,61,94,0.90,1
2026-09-27T01:51:18,61,96,0.87,1
2026-09-27T01:51:19,64,95,0.89,1
2026-09-27T01:51:20,62,95,0.86,1
2026-09-27T01:51:21,62,95,0.90,1
2026-09-27T01:51:22,65,95,0.90,1
2026-09-27T01:51:23,64,95,0.91,1
2026-09-27T01:51:24,60,96,0.88,1
2026-09-27T01:51:25,65,96,0.88,1
2026-09-27T01:51:26,66,95,0.94,1
2026-09-27T01:51:27,63,94,0.95,1
2026-09-27T01:51:28,60,96,0.93,1
2026-09-27T01:51:29,62,97,0.86,1
2026-09-27T01:51:30,62,94,0.90,1
2026-09-27T01:51:31,63,94,0.93,1
2026-09-27T01:51:32,62,96,0.89,1
2026-09-27T01:51:33,63,96,0.94,1
2026-09-27T01:51:34,66,96,0.93,1
2026-09-27T01:51:35,62,96,0.90,1
2026-09-27T01:51:36,61,95,0.86,1
2026-09-27T01:51:37,64,94,0.88,1
2026-09-27T01:51:38,61,95,0.86,1
2026-09-27T01:51:39,62,94,0.91,1
2026-09-27T01:51:40,60,94,0.95,1
2026-09-27T01:51:41,62,97,0.92,1
2026-09-27T01:51:42,63,97,0.93,1
2026-09-27T01:51:43,60,95,0.93,1
2026-09-27T01:51:44,61,94,0.87,1
2026-09-27T01:51:45,64,96,0.94,1
2026-09-27T01:51:46,63,96,0.85,1
2026-09-27T01:51:47,61,94,0.92,1
2026-09-27T01:51:48,65,94,0.86,1
2026-09-27T01:51:49,62,97,0.85,1
2026-09-27T01:51:50,63,94,0.90,1
2026-09-27T01:51:51,62,94,0.92,1
2026-09-27T01:51:52,65,95,0.87,1
2026-09-27T01:51:53,60,97,0.86,1
2026-09-27T01:51:54,62,95,0.91,1
2026-09-27T01:51:55,65,96,0.93,1
2026-09-27T01:51:56,60,95,0.87,1
2026-09-27T01:51:57,66,96,0.90,1
2026-09-27T01:51:58,60,96,0.90,1
2026-09-27T01:51:59,60,94,0.85,1
2026-09-27T01:52:00,62,96,0.86,1
2026-09-27T01:52:01,61,96,0.90,1
2026-09-27T01:52:02,66,97,0.86,1
2026-09-27T01:52:03,62,97,0.91,1
2026-09-27T01:52:04,66,95,0.88,1
2026-09-27T01:52:05,60,94,0.87,1
2026-09-27T01:52:06,62,97,0.92,1
2026-09-27T01:52:07,61,96,0.89,1
2026-09-27T01:52:08,62,94,0.94,1
2026-09-27T01:52:09,60,96,0.91,1
2026-09-27T01:52:10,66,95,0.89,1
2026-09-27T01:52:11,65,95,0.88,1
2026-09-27T01:52:12,65,94,0.92,1
2026-09-27T01:52:13,61,96,0.87,1
2026-09-27T01:52:14,66,95,0.92,1
2026-09-27T01:52:15,60,97,0.86,1
2026-09-27T01:52:16,63,96,0.92,1
2026-09-27T01:52:17,65,95,0.87,1
2026-09-27T01:52:18,66,94,0.87,1
2026-09-27T01:52:19,62,95,0.86,1
2026-09-27T01:52:20,64,95,0.87,1
2026-09-27T01:52:21,64,96,0.95,1
2026-09-27T01:52:22,62,94,0.89,1
2026-09-27T01:52:23,64,95,0.88,1
2026-09-27T01:52:24,60,94,0.91,1
2026-09-27T01:52:25,63,94,0.88,1
2026-09-27T01:52:26,66,94,0.92,1
2026-09-27T01:52:27,65,96,0.91,1
2026-09-27T01:52:28,61,95,0.93,1
2026-09-27T01:52:29,62,94,0.95,1
2026-09-27T01:52:30,64,95,0.91,1
2026-09-27T01:52:31,65,97,0.95,1
2026-09-27T01:52:32,63,96,0.93,1
2026-09-27T01:52:33,60,94,0.95,1
2026-09-27T01:52:34,64,96,0.90,1
2026-09-27T01:52:35,63,94,0.92,1
2026-09-27T01:52:36,61,95,0.88,1
2026-09-27T01:52:37,61,94,0.86,1
2026-09-27T01:52:38,66,95,0.91,1
2026-09-27T01:52:39,62,94,0.90,1
2026-09-27T01:52:40,64,94,0.94,1
2026-09-27T01:52:41,65,96,0.93,1
2026-09-27T01:52:42,64,96,0.87,1
2026-09-27T01:52:43,65,96,0.95,1
2026-09-27T01:52:44,62,96,0.92,1
2026-09-27T01:52:45,61,96,0.90,1
2026-09-27T01:52:46,66,95,0.91,1
2026-09-27T01:52:47,66,95,0.85,1
2026-09-27T01:52:48,61,94,0.87,1
2026-09-27T01:52:49,66,95,0.95,1
2026-09-27T01:52:50,62,95,0.86,1
2026-09-27T01:52:51,60,97,0.85,1
2026-09-27T01:52:52,62,97,0.85,1
2026-09-27T01:52:53,63,94,0.86,1
2026-09-27T01:52:54,61,95,0.93,1
2026-09-27T01:52:55,66,94,0.93,1
2026-09-27T01:52:56,65,94,0.88,1
2026-09-27T01:52:57,60,94,0.86,1
2026-09-27T01:52:58,63,95,0.85,1
2026-09-27T01:52:59,63,94,0.87,1
2026-09-27T01:53:00,65,97,0.86,1
2026-09-27T01:53:01,65,96,0.94,1
2026-09-27T01:53:02,64,96,0.89,1
2026-09-27T01:53:03,64,95,0.92,1
2026-09-27T01:53:04,61,97,0.91,1
2026-09-27T01:53:05,63,97,0.89,1
2026-09-27T01:53:06,60,94,0.90,1
2026-09-27T01:53:07,64,96,0.90,1
2026-09-27T01:53:08,62,94,0.90,1
2026-09-27T01:53:09,61,94,0.86,1
2026-09-27T01:53:10,62,95,0.86,1
2026-09-27T01:53:11,65,96,0.94,1
2026-09-27T01:53:12,64,96,0.91,1
2026-09-27T01:53:13,62,95,0.94,1
2026-09-27T01:53:14,66,97,0.86,1
2026-09-27T01:53:15,65,96,0.90,1
2026-09-27T01:53:16,65,97,0.93,1
2026-09-27T01:53:17,63,94,0.89,1
2026-09-27T01:53:18,60,95,0.85,1
2026-09-27T01:53:19,65,96,0.94,1
2026-09-27T01:53:20,62,95,0.89,1
2026-09-27T01:53:21,63,97,0.88,1
2026-09-27T01:53:22,64,96,0.90,1
2026-09-27T01:53:23,61,96,0.88,1
2026-09-27T01:53:24,60,96,0.89,1
2026-09-27T01:53:25,66,96,0.93,1
2026-09-27T01:53:26,66,95,0.89,1
2026-09-27T01:53:27,63,97,0.93,1
2026-09-27T01:53:28,62,94,0.92,1
2026-09-27T01:53:29,65,97,0.87,1
2026-09-27T01:53:30,66,97,0.88,1
2026-09-27T01:53:31,62,96,0.90,1
2026-09-27T01:53:32,60,94,0.91,1
2026-09-27T01:53:33,66,95,0.94,1
2026-09-27T01:53:34,66,94,0.88,1
2026-09-27T01:53:35,61,95,0.94,1
2026-09-27T01:53:36,66,95,0.87,1
2026-09-27T01:53:37,64,96,0.94,1
2026-09-27T01:53:38,64,95,0.87,1
2026-09-27T01:53:39,66,94,0.88,1
2026-09-27T01:53:40,62,97,0.87,1
2026-09-27T01:53:41,62,97,0.87,1
2026-09-27T01:53:42,63,97,0.85,1
2026-09-27T01:53:43,66,95,0.92,1
2026-09-27T01:53:44,60,94,0.91,1
2026-09-27T01:53:45,66,96,0.86,1
2026-09-27T01:53:46,62,96,0.91,1
2026-09-27T01:53:47,64,96,0.85,1
2026-09-27T01:53:48,66,94,0.93,1
2026-09-27T01:53:49,60,95,0.92,1
2026-09-27T01:53:50,63,97,0.91,1
2026-09-27T01:53:51,66,94,0.89,1
2026-09-27T01:53:52,61,96,0.95,1
2026-09-27T01:53:53,65,97,0.94,1
2026-09-27T01:53:54,62,94,0.92,1
2026-09-27T01:53:55,64,96,0.86,1
2026-09-27T01:53:56,63,97,0.93,1
2026-09-27T01:53:57,66,96,0.90,1
2026-09-27T01:53:58,64,96,0.91,1
2026-09-27T01:53:59,64,95,0.87,1
2026-09-27T01:54:00,61,95,0.95,1
2026-09-27T01:54:01,66,97,0.92,1
2026-09-27T01:54:02,61,95,0.85,1
2026-09-27T01:54:03,64,97,0.90,1
2026-09-27T01:54:04,62,94,0.91,1
2026-09-27T01:54:05,60,95,0.85,1
2026-09-27T01:54:06,65,94,0.94,1
2026-09-27T01:54:07,65,94,0.89,1
2026-09-27T01:54:08,61,94,0.89,1
2026-09-27T01:54:09,63,95,0.85,1
2026-09-27T01:54:10,65,94,0.88,1
2026-09-27T01:54:11,66,95,0.87,1
2026-09-27T01:54:12,66,96,0.95,1
2026-09-27T01:54:13,63,95,0.91,1
2026-09-27T01:54:14,62,95,0.89,1
2026-09-27T01:54:15,65,97,0.89,1
2026-09-27T01:54:16,65,94,0.90,1
2026-09-27T01:54:17,62,97,0.89,1
2026-09-27T01:54:18,62,94,0.85,1
2026-09-27T01:54:19,65,94,0.87,1
2026-09-27T01:54:20,64,95,0.91,1
2026-09-27T01:54:21,61,95,0.88,1
2026-09-27T01:54:22,63,94,0.87,1
2026-09-27T01:54:23,66,95,0.92,1
2026-09-27T01:54:24,63,97,0.88,1
2026-09-27T01:54:25,64,97,0.85,1
2026-09-27T01:54:26,65,94,0.95,1
2026-09-27T01:54:27,63,97,0.94,1
2026-09-27T01:54:28,65,96,0.93,1
2026-09-27T01:54:29,61,97,0.87,1
2026-09-27T01:54:30,64,97,0.87,1
2026-09-27T01:54:31,65,95,0.94,1
2026-09-27T01:54:32,62,95,0.94,1
2026-09-27T01:54:33,64,95,0.86,1
2026-09-27T01:54:34,62,95,0.89,1
2026-09-27T01:54:35,64,95,0.92,1
2026-09-27T01:54:36,60,96,0.93,1
2026-09-27T01:54:37,66,97,0.94,1
2026-09-27T01:54:38,62,96,0.88,1
2026-09-27T01:54:39,61,96,0.87,1
2026-09-27T01:54:40,62,96,0.93,1
2026-09-27T01:54:41,61,96,0.93,1
2026-09-27T01:54:42,64,96,0.91,1
2026-09-27T01:54:43,60,94,0.89,1
2026-09-27T01:54:44,64,97,0.93,1
2026-09-27T01:54:45,65,95,0.85,1
2026-09-27T01:54:46,66,94,0.93,1
2026-09-27T01:54:47,61,96,0.93,1
2026-09-27T01:54:48,66,97,0.93,1
2026-09-27T01:54:49,64,95,0.95,1
2026-09-27T01:54:50,60,94,0.92,1
2026-09-27T01:54:51,65,97,0.87,1
2026-09-27T01:54:52,63,95,0.87,1
2026-09-27T01:54:53,66,96,0.93,1
2026-09-27T01:54:54,60,96,0.85,1
2026-09-27T01:54:55,66,97,0.91,1
2026-09-27T01:54:56,61,95,0.88,1
2026-09-27T01:54:57,66,97,0.94,1
2026-09-27T01:54:58,63,96,0.94,1
2026-09-27T01:54:59,64,95,0.92,1
2026-09-27T01:55:00,61,96,0.91,1
2026-09-27T01:55:01,63,94,0.90,1
2026-09-27T01:55:02,60,95,0.85,1
2026-09-27T01:55:03,60,94,0.92,1
2026-09-27T01:55:04,64,96,0.86,1
2026-09-27T01:55:05,64,94,0.92,1
2026-09-27T01:55:06,63,97,0.92,1
2026-09-27T01:55:07,62,97,0.89,1
2026-09-27T01:55:08,60,94,0.94,1
2026-09-27T01:55:09,64,94,0.90,1
2026-09-27T01:55:10,61,97,0.92,1
2026-09-27T01:55:11,66,94,0.94,1
2026-09-27T01:55:12,61,95,0.89,1
2026-09-27T01:55:13,61,95,0.86,1
2026-09-27T01:55:14,61,95,0.88,1
2026-09-27T01:55:15,62,94,0.94,1
2026-09-27T01:55:16,63,96,0.89,1
2026-09-27T01:55:17,64,95,0.91,1
2026-09-27T01:55:18,65,94,0.92,1
2026-09-27T01:55:19,60,96,0.89,1
2026-09-27T01:55:20,61,96,0.87,1
2026-09-27T01:55:21,60,96,0.88,1
2026-09-27T01:55:22,60,94,0.91,1
2026-09-27T01:55:23,65,95,0.93,1
2026-09-27T01:55:24,65,97,0.92,1
2026-09-27T01:55:25,60,95,0.91,1
2026-09-27T01:55:26,64,95,0.88,1
2026-09-27T01:55:27,63,94,0.88,1
2026-09-27T01:55:28,61,95,0.92,1
2026-09-27T01:55:29,65,94,0.87,1
2026-09-27T01:55:30,66,95,0.95,1
2026-09-27T01:55:31,63,94,0.87,1
2026-09-27T01:55:32,60,94,0.91,1
2026-09-27T01:55:33,62,94,0.88,1
2026-09-27T01:55:34,63,94,0.87,1
2026-09-27T01:55:35,62,97,0.85,1
2026-09-27T01:55:36,64,97,0.95,1
2026-09-27T01:55:37,60,95,0.87,1
2026-09-27T01:55:38,60,95,0.87,1
2026-09-27T01:55:39,65,94,0.93,1
2026-09-27T01:55:40,60,94,0.94,1
2026-09-27T01:55:41,64,96,0.92,1
2026-09-27T01:55:42,64,96,0.90,1
2026-09-27T01:55:43,63,94,0.91,1
2026-09-27T01:55:44,62,97,0.90,1
2026-09-27T01:55:45,65,97,0.93,1
2026-09-27T01:55:46,63,96,0.93,1
2026-09-27T01:55:47,65,95,0.91,1
2026-09-27T01:55:48,62,95,0.94,1
2026-09-27T01:55:49,65,94,0.94,1
2026-09-27T01:55:50,65,95,0.89,1
2026-09-27T01:55:51,66,95,0.91,1
2026-09-27T01:55:52,63,94,0.85,1
2026-09-27T01:55:53,63,95,0.88,1
2026-09-27T01:55:54,60,95,0.95,1
2026-09-27T01:55:55,60,96,0.94,1
2026-09-27T01:55:56,61,96,0.86,1
2026-09-27T01:55:57,66,95,0.92,1
2026-09-27T01:55:58,64,94,0.86,1
2026-09-27T01:55:59,62,97,0.92,1
2026-09-27T01:56:00,61,95,0.85,1
2026-09-27T01:56:01,62,96,0.86,1
2026-09-27T01:56:02,65,96,0.85,1
2026-09-27T01:56:03,61,97,0.89,1
2026-09-27T01:56:04,65,97,0.94,1
2026-09-27T01:56:05,66,97,0.87,1
2026-09-27T01:56:06,65,95,0.89,1
2026-09-27T01:56:07,65,94,0.89,1
2026-09-27T01:56:08,61,95,0.89,1
2026-09-27T01:56:09,65,97,0.95,1
2026-09-27T01:56:10,65,94,0.88,1
2026-09-27T01:56:11,62,96,0.85,1
2026-09-27T01:56:12,62,96,0.94,1
2026-09-27T01:56:13,65,94,0.89,1
2026-09-27T01:56:14,65,94,0.92,1
2026-09-27T01:56:15,60,95,0.91,1
2026-09-27T01:56:16,61,94,0.94,1
2026-09-27T01:56:17,63,95,0.93,1
2026-09-27T01:56:18,64,94,0.87,1
2026-09-27T01:56:19,61,97,0.89,1
2026-09-27T01:56:20,64,97,0.86,1
2026-09-27T01:56:21,66,95,0.89,1
2026-09-27T01:56:22,62,97,0.87,1
2026-09-27T01:56:23,66,96,0.92,1
2026-09-27T01:56:24,63,94,0.90,1
2026-09-27T01:56:25,66,97,0.86,1
2026-09-27T01:56:26,61,97,0.87,1
2026-09-27T01:56:27,60,96,0.93,1
2026-09-27T01:56:28,61,96,0.91,1
2026-09-27T01:56:29,61,97,0.90,1
2026-09-27T01:56:30,62,97,0.94,1
2026-09-27T01:56:31,61,95,0.91,1
2026-09-27T01:56:32,66,97,0.95,1
2026-09-27T01:56:33,63,95,0.90,1
2026-09-27T01:56:34,61,94,0.87,1
2026-09-27T01:56:35,62,95,0.85,1
2026-09-27T01:56:36,62,94,0.89,1
2026-09-27T01:56:37,66,94,0.94,1
2026-09-27T01:56:38,61,96,0.86,1
2026-09-27T01:56:39,64,94,0.95,1
2026-09-27T01:56:40,62,95,0.94,1
2026-09-27T01:56:41,60,95,0.85,1
2026-09-27T01:56:42,65,94,0.88,1
2026-09-27T01:56:43,66,97,0.88,1
2026-09-27T01:56:44,63,95,0.95,1
2026-09-27T01:56:45,65,94,0.91,1
2026-09-27T01:56:46,63,97,0.92,1
2026-09-27T01:56:47,65,96,0.86,1
2026-09-27T01:56:48,66,95,0.91,1
2026-09-27T01:56:49,61,97,0.90,1
2026-09-27T01:56:50,64,94,0.91,1
2026-09-27T01:56:51,61,95,0.91,1
2026-09-27T01:56:52,63,94,0.91,1
2026-09-27T01:56:53,64,95,0.90,1
2026-09-27T01:56:54,66,95,0.86,1
2026-09-27T01:56:55,64,97,0.88,1
2026-09-27T01:56:56,63,96,0.86,1
2026-09-27T01:56:57,61,95,0.94,1
2026-09-27T01:56:58,61,97,0.89,1
2026-09-27T01:56:59,66,95,0.94,1
2026-09-27T01:57:00,66,94,0.92,1
2026-09-27T01:57:01,65,96,0.93,1
2026-09-27T01:57:02,64,94,0.87,1
2026-09-27T01:57:03,63,96,0.94,1
2026-09-27T01:57:04,61,97,0.95,1
2026-09-27T01:57:05,61,94,0.89,1
2026-09-27T01:57:06,63,95,0.88,1
2026-09-27T01:57:07,66,96,0.89,1
2026-09-27T01:57:08,62,95,0.90,1
2026-09-27T01:57:09,66,94,0.88,1
2026-09-27T01:57:10,63,94,0.93,1
2026-09-27T01:57:11,63,96,0.90,1
2026-09-27T01:57:12,60,94,0.92,1
2026-09-27T01:57:13,65,97,0.85,1
2026-09-27T01:57:14,65,94,0.85,1
2026-09-27T01:57:15,64,96,0.93,1
2026-09-27T01:57:16,64,94,0.93,1
2026-09-27T01:57:17,63,95,0.92,1
2026-09-27T01:57:18,62,97,0.89,1
2026-09-27T01:57:19,64,94,0.88,1
2026-09-27T01:57:20,60,96,0.88,1
2026-09-27T01:57:21,64,94,0.86,1
2026-09-27T01:57:22,62,97,0.90,1
2026-09-27T01:57:23,66,97,0.93,1
2026-09-27T01:57:24,65,94,0.86,1
2026-09-27T01:57:25,66,97,0.87,1
2026-09-27T01:57:26,63,96,0.90,1
2026-09-27T01:57:27,60,97,0.93,1
2026-09-27T01:57:28,62,96,0.86,1
2026-09-27T01:57:29,60,97,0.94,1
2026-09-27T01:57:30,61,96,0.94,1
2026-09-27T01:57:31,60,97,0.86,1
2026-09-27T01:57:32,64,97,0.88,1
2026-09-27T01:57:33,62,96,0.90,1
2026-09-27T01:57:34,65,96,0.88,1
2026-09-27T01:57:35,65,97,0.91,1
2026-09-27T01:57:36,61,95,0.94,1
2026-09-27T01:57:37,60,96,0.93,1
2026-09-27T01:57:38,62,94,0.91,1
2026-09-27T01:57:39,61,97,0.86,1
2026-09-27T01:57:40,62,94,0.93,1
2026-09-27T01:57:41,62,94,0.94,1
2026-09-27T01:57:42,61,94,0.88,1
2026-09-27T01:57:43,63,95,0.89,1
2026-09-27T01:57:44,62,97,0.89,1
2026-09-27T01:57:45,63,96,0.91,1
2026-09-27T01:57:46,63,94,0.92,1
2026-09-27T01:57:47,62,96,0.89,1
2026-09-27T01:57:48,66,94,0.92,1
2026-09-27T01:57:49,61,95,0.90,1
2026-09-27T01:57:50,60,96,0.90,1
2026-09-27T01:57:51,61,97,0.92,1
2026-09-27T01:57:52,66,96,0.85,1
2026-09-27T01:57:53,61,95,0.86,1
2026-09-27T01:57:54,66,96,0.87,1
2026-09-27T01:57:55,62,95,0.92,1
2026-09-27T01:57:56,66,96,0.93,1
2026-09-27T01:57:57,66,95,0.92,1
2026-09-27T01:57:58,65,96,0.89,1
2026-09-27T01:57:59,60,97,0.87,1
2026-09-27T01:58:00,63,95,0.89,1
2026-09-27T01:58:01,61,95,0.93,1
2026-09-27T01:58:02,61,96,0.92,1
2026-09-27T01:58:03,61,94,0.86,1
2026-09-27T01:58:04,62,95,0.85,1
2026-09-27T01:58:05,62,95,0.88,1
2026-09-27T01:58:06,63,95,0.86,1
2026-09-27T01:58:07,65,95,0.93,1
2026-09-27T01:58:08,66,96,0.93,1
2026-09-27T01:58:09,61,94,0.93,1
2026-09-27T01:58:10,60,96,0.93,1
2026-09-27T01:58:11,66,96,0.88,1
2026-09-27T01:58:12,62,97,0.91,1
2026-09-27T01:58:13,61,95,0.89,1
2026-09-27T01:58:14,61,97,0.91,1
2026-09-27T01:58:15,60,96,0.94,1
2026-09-27T01:58:16,63,96,0.85,1
2026-09-27T01:58:17,63,95,0.90,1
2026-09-27T01:58:18,60,95,0.92,1
2026-09-27T01:58:19,60,97,0.92,1
2026-09-27T01:58:20,60,96,0.90,1
2026-09-27T01:58:21,63,95,0.88,1
2026-09-27T01:58:22,60,97,0.86,1
2026-09-27T01:58:23,63,97,0.92,1
2026-09-27T01:58:24,64,94,0.89,1
2026-09-27T01:58:25,61,94,0.92,1
2026-09-27T01:58:26,61,96,0.87,1
2026-09-27T01:58:27,63,95,0.90,1
2026-09-27T01:58:28,62,94,0.89,1
2026-09-27T01:58:29,63,96,0.86,1
2026-09-27T01:58:30,60,94,0.90,1
2026-09-27T01:58:31,63,97,0.95,1
2026-09-27T01:58:32,61,95,0.91,1
2026-09-27T01:58:33,61,97,0.89,1
2026-09-27T01:58:34,64,95,0.91,1
2026-09-27T01:58:35,64,97,0.94,1
2026-09-27T01:58:36,65,94,0.85,1
2026-09-27T01:58:37,65,94,0.89,1
2026-09-27T01:58:38,61,95,0.92,1
2026-09-27T01:58:39,64,95,0.86,1
2026-09-27T01:58:40,60,96,0.92,1
2026-09-27T01:58:41,63,96,0.95,1
2026-09-27T01:58:42,60,95,0.88,1
2026-09-27T01:58:43,64,97,0.94,1
2026-09-27T01:58:44,61,96,0.91,1
2026-09-27T01:58:45,60,97,0.93,1
2026-09-27T01:58:46,63,97,0.86,1
2026-09-27T01:58:47,65,97,0.93,1
2026-09-27T01:58:48,60,96,0.91,1
2026-09-27T01:58:49,65,97,0.88,1
2026-09-27T01:58:50,65,97,0.86,1
2026-09-27T01:58:51,63,95,0.91,1
2026-09-27T01:58:52,63,97,0.93,1
2026-09-27T01:58:53,61,97,0.93,1
2026-09-27T01:58:54,60,94,0.91,1
2026-09-27T01:58:55,62,95,0.90,1
2026-09-27T01:58:56,64,94,0.87,1
2026-09-27T01:58:57,61,94,0.92,1
2026-09-27T01:58:58,60,94,0.93,1
2026-09-27T01:58:59,65,96,0.93,1
2026-09-27T01:59:00,64,96,0.87,1
2026-09-27T01:59:01,66,95,0.87,1
2026-09-27T01:59:02,61,97,0.94,1
2026-09-27T01:59:03,61,95,0.93,1
2026-09-27T01:59:04,66,97,0.88,1
2026-09-27T01:59:05,64,95,0.87,1
2026-09-27T01:59:06,60,95,0.95,1
2026-09-27T01:59:07,60,95,0.88,1
2026-09-27T01:59:08,66,96,0.89,1
2026-09-27T01:59:09,62,96,0.88,1
2026-09-27T01:59:10,61,97,0.94,1
2026-09-27T01:59:11,60,94,0.88,1
2026-09-27T01:59:12,65,95,0.85,1
2026-09-27T01:59:13,60,97,0.89,1
2026-09-27T01:59:14,62,97,0.87,1
2026-09-27T01:59:15,62,96,0.87,1
2026-09-27T01:59:16,61,96,0.92,1
2026-09-27T01:59:17,66,95,0.95,1
2026-09-27T01:59:18,64,96,0.85,1
2026-09-27T01:59:19,65,95,0.87,1
2026-09-27T01:59:20,61,97,0.89,1
2026-09-27T01:59:21,60,95,0.89,1
2026-09-27T01:59:22,64,94,0.87,1
2026-09-27T01:59:23,64,97,0.93,1
2026-09-27T01:59:24,60,96,0.86,1
2026-09-27T01:59:25,62,95,0.89,1
2026-09-27T01:59:26,62,94,0.94,1
2026-09-27T01:59:27,66,96,0.90,1
2026-09-27T01:59:28,60,95,0.88,1
2026-09-27T01:59:29,64,95,0.94,1
2026-09-27T01:59:30,65,94,0.88,1
2026-09-27T01:59:31,63,95,0.94,1
2026-09-27T01:59:32,65,96,0.91,1
2026-09-27T01:59:33,61,95,0.90,1
2026-09-27T01:59:34,66,97,0.85,1
2026-09-27T01:59:35,62,96,0.86,1
2026-09-27T01:59:36,62,94,0.86,1
2026-09-27T01:59:37,64,95,0.92,1
2026-09-27T01:59:38,60,94,0.92,1
2026-09-27T01:59:39,64,97,0.89,1
2026-09-27T01:59:40,65,95,0.87,1
2026-09-27T01:59:41,65,96,0.91,1
2026-09-27T01:59:42,64,94,0.87,1
2026-09-27T01:59:43,65,95,0.85,1
2026-09-27T01:59:44,65,97,0.90,1
2026-09-27T01:59:45,62,96,0.92,1
2026-09-27T01:59:46,61,97,0.90,1
2026-09-27T01:59:47,65,94,0.93,1
2026-09-27T01:59:48,65,95,0.93,1
2026-09-27T01:59:49,64,97,0.88,1
2026-09-27T01:59:50,61,97,0.89,1
2026-09-27T01:59:51,66,95,0.86,1
2026-09-27T01:59:52,61,96,0.90,1
2026-09-27T01:59:53,61,96,0.92,1
2026-09-27T01:59:54,62,95,0.93,1
2026-09-27T01:59:55,60,96,0.90,1
2026-09-27T01:59:56,63,95,0.85,1
2026-09-27T01:59:57,60,95,0.85,1
2026-09-27T01:59:58,63,96,0.86,1
2026-09-27T01:59:59,65,96,0.92,1
2026-09-27T02:00:00,66,95,0.90,1
2026-09-27T02:00:01,65,95,0.94,1
2026-09-27T02:00:02,64,97,0.95,1
2026-09-27T02:00:03,60,97,0.86,1
2026-09-27T02:00:04,60,97,0.92,1
2026-09-27T02:00:05,60,96,0.92,1
2026-09-27T02:00:06,61,97,0.87,1
2026-09-27T02:00:07,64,94,0.89,1
2026-09-27T02:00:08,61,95,0.91,1
2026-09-27T02:00:09,61,96,0.91,1
2026-09-27T02:00:10,63,94,0.88,1
2026-09-27T02:00:11,62,96,0.88,1
2026-09-27T02:00:12,62,96,0.94,1
2026-09-27T02:00:13,64,94,0.89,1
2026-09-27T02:00:14,64,94,0.92,1
2026-09-27T02:00:15,65,95,0.86,1
2026-09-27T02:00:16,61,94,0.88,1
2026-09-27T02:00:17,64,94,0.87,1
2026-09-27T02:00:18,64,96,0.88,1
2026-09-27T02:00:19,64,94,0.88,1
2026-09-27T02:00:20,62,97,0.90,1
2026-09-27T02:00:21,61,97,0.86,1
2026-09-27T02:00:22,60,96,0.87,1
2026-09-27T02:00:23,64,94,0.95,1
2026-09-27T02:00:24,62,96,0.90,1
2026-09-27T02:00:25,60,96,0.93,1
2026-09-27T02:00:26,66,96,0.88,1
2026-09-27T02:00:27,61,94,0.90,1
2026-09-27T02:00:28,62,97,0.91,1
2026-09-27T02:00:29,61,97,0.94,1
2026-09-27T02:00:30,64,97,0.92,1
2026-09-27T02:00:31,60,97,0.94,1
2026-09-27T02:00:32,65,95,0.91,1
2026-09-27T02:00:33,60,97,0.90,1
2026-09-27T02:00:34,61,94,0.89,1
2026-09-27T02:00:35,63,94,0.85,1
2026-09-27T02:00:36,65,97,0.89,1
2026-09-27T02:00:37,65,94,0.92,1
2026-09-27T02:00:38,65,97,0.94,1
2026-09-27T02:00:39,63,97,0.86,1
2026-09-27T02:00:40,62,94,0.92,1
2026-09-27T02:00:41,66,96,0.92,1
2026-09-27T02:00:42,66,96,0.90,1
2026-09-27T02:00:43,66,96,0.88,1
2026-09-27T02:00:44,64,97,0.87,1
2026-09-27T02:00:45,62,95,0.94,1
2026-09-27T02:00:46,60,94,0.91,1
2026-09-27T02:00:47,64,97,0.86,1
2026-09-27T02:00:48,60,97,0.91,1
2026-09-27T02:00:49,61,96,0.92,1
2026-09-27T02:00:50,60,96,0.93,1
2026-09-27T02:00:51,63,94,0.94,1
2026-09-27T02:00:52,64,94,0.88,1
2026-09-27T02:00:53,65,95,0.86,1
2026-09-27T02:00:54,62,94,0.90,1
2026-09-27T02:00:55,65,95,0.94,1
2026-09-27T02:00:56,64,95,0.86,1
2026-09-27T02:00:57,61,97,0.91,1
2026-09-27T02:00:58,66,95,0.90,1
2026-09-27T02:00:59,64,94,0.93,1
2026-09-27T02:01:00,65,97,0.90,1
2026-09-27T02:01:01,60,94,0.88,1
2026-09-27T02:01:02,63,94,0.92,1
2026-09-27T02:01:03,61,96,0.89,1
2026-09-27T02:01:04,61,97,0.91,1
2026-09-27T02:01:05,62,95,0.89,1
2026-09-27T02:01:06,64,94,0.87,1
2026-09-27T02:01:07,64,96,0.91,1
2026-09-27T02:01:08,65,94,0.91,1
2026-09-27T02:01:09,65,95,0.91,1
2026-09-27T02:01:10,65,94,0.89,1
2026-09-27T02:01:11,65,95,0.88,1
2026-09-27T02:01:12,60,94,0.92,1
2026-09-27T02:01:13,62,94,0.94,1
2026-09-27T02:01:14,66,97,0.85,1
2026-09-27T02:01:15,61,97,0.86,1
2026-09-27T02:01:16,65,96,0.91,1
2026-09-27T02:01:17,60,94,0.87,1
2026-09-27T02:01:18,62,94,0.92,1
2026-09-27T02:01:19,61,96,0.93,1
2026-09-27T02:01:20,65,96,0.91,1
2026-09-27T02:01:21,62,96,0.95,1
2026-09-27T02:01:22,62,96,0.93,1
2026-09-27T02:01:23,60,95,0.91,1
2026-09-27T02:01:24,61,95,0.93,1
2026-09-27T02:01:25,61,96,0.90,1
2026-09-27T02:01:26,65,94,0.85,1
2026-09-27T02:01:27,61,95,0.90,1
2026-09-27T02:01:28,64,95,0.93,1
2026-09-27T02:01:29,65,96,0.93,1
2026-09-27T02:01:30,64,94,0.92,1
2026-09-27T02:01:31,65,96,0.87,1
2026-09-27T02:01:32,61,95,0.88,1
2026-09-27T02:01:33,66,95,0.89,1
2026-09-27T02:01:34,65,97,0.90,1
2026-09-27T02:01:35,66,97,0.93,1
2026-09-27T02:01:36,64,97,0.88,1
2026-09-27T02:01:37,61,95,0.93,1
2026-09-27T02:01:38,60,96,0.90,1
2026-09-27T02:01:39,63,94,0.91,1
2026-09-27T02:01:40,61,96,0.90,1
2026-09-27T02:01:41,66,96,0.90,1
2026-09-27T02:01:42,66,96,0.85,1
2026-09-27T02:01:43,65,97,0.95,1
2026-09-27T02:01:44,63,96,0.87,1
2026-09-27T02:01:45,61,95,0.85,1
2026-09-27T02:01:46,60,94,0.95,1
2026-09-27T02:01:47,62,97,0.90,1
2026-09-27T02:01:48,61,94,0.92,1
2026-09-27T02:01:49,64,95,0.90,1
2026-09-27T02:01:50,62,95,0.91,1
2026-09-27T02:01:51,61,96,0.89,1
2026-09-27T02:01:52,63,97,0.94,1
2026-09-27T02:01:53,62,97,0.94,1
2026-09-27T02:01:54,62,95,0.92,1
2026-09-27T02:01:55,63,97,0.90,1
2026-09-27T02:01:56,65,97,0.94,1
2026-09-27T02:01:57,62,95,0.88,1
2026-09-27T02:01:58,62,95,0.91,1
2026-09-27T02:01:59,66,96,0.94,1
2026-09-27T02:02:00,65,94,0.86,1
2026-09-27T02:02:01,60,95,0.86,1
2026-09-27T02:02:02,60,97,0.89,1
2026-09-27T02:02:03,62,95,0.94,1
2026-09-27T02:02:04,65,97,0.93,1
2026-09-27T02:02:05,61,96,0.90,1
2026-09-27T02:02:06,63,96,0.91,1
2026-09-27T02:02:07,65,95,0.85,1
2026-09-27T02:02:08,66,94,0.90,1
2026-09-27T02:02:09,61,96,0.94,1
2026-09-27T02:02:10,61,96,0.89,1
2026-09-27T02:02:11,61,94,0.90,1
2026-09-27T02:02:12,64,95,0.88,1
2026-09-27T02:02:13,60,95,0.89,1
2026-09-27T02:02:14,60,97,0.89,1
2026-09-27T02:02:15,61,97,0.90,1
2026-09-27T02:02:16,63,97,0.90,1
2026-09-27T02:02:17,61,94,0.94,1
2026-09-27T02:02:18,61,94,0.91,1
2026-09-27T02:02:19,61,96,0.88,1
2026-09-27T02:02:20,62,95,0.89,1
2026-09-27T02:02:21,60,94,0.95,1
2026-09-27T02:02:22,61,95,0.95,1
2026-09-27T02:02:23,60,94,0.92,1
2026-09-27T02:02:24,66,96,0.92,1
2026-09-27T02:02:25,60,96,0.91,1
2026-09-27T02:02:26,63,97,0.87,1
2026-09-27T02:02:27,61,95,0.87,1
2026-09-27T02:02:28,60,95,0.95,1
2026-09-27T02:02:29,63,96,0.92,1
2026-09-27T02:02:30,65,97,0.86,1
2026-09-27T02:02:31,61,96,0.91,1
2026-09-27T02:02:32,65,94,0.89,1
2026-09-27T02:02:33,64,96,0.94,1
2026-09-27T02:02:34,61,96,0.87,1
2026-09-27T02:02:35,64,97,0.89,1
2026-09-27T02:02:36,64,94,0.89,1
2026-09-27T02:02:37,62,97,0.89,1
2026-09-27T02:02:38,65,96,0.92,1
2026-09-27T02:02:39,61,96,0.85,1
2026-09-27T02:02:40,60,97,0.89,1
2026-09-27T02:02:41,62,94,0.90,1
2026-09-27T02:02:42,63,95,0.87,1
2026-09-27T02:02:43,65,95,0.89,1
2026-09-27T02:02:44,66,94,0.95,1
2026-09-27T02:02:45,60,96,0.87,1
2026-09-27T02:02:46,65,95,0.95,1
2026-09-27T02:02:47,63,94,0.89,1
2026-09-27T02:02:48,63,97,0.86,1
2026-09-27T02:02:49,64,97,0.92,1
2026-09-27T02:02:50,64,95,0.94,1
2026-09-27T02:02:51,64,96,0.87,1
2026-09-27T02:02:52,62,95,0.89,1
2026-09-27T02:02:53,64,94,0.93,1
2026-09-27T02:02:54,63,95,0.94,1
2026-09-27T02:02:55,63,96,0.91,1
2026-09-27T02:02:56,61,97,0.90,1
2026-09-27T02:02:57,64,97,0.95,1
2026-09-27T02:02:58,61,96,0.94,1
2026-09-27T02:02:59,66,95,0.90,1
2026-09-27T02:03:00,62,97,0.94,1
2026-09-27T02:03:01,62,95,0.93,1
2026-09-27T02:03:02,64,95,0.93,1
2026-09-27T02:03:03,62,95,0.91,1
2026-09-27T02:03:04,66,95,0.89,1
2026-09-27T02:03:05,62,95,0.90,1
2026-09-27T02:03:06,64,95,0.90,1
2026-09-27T02:03:07,62,96,0.90,1
2026-09-27T02:03:08,63,97,0.86,1
2026-09-27T02:03:09,61,97,0.88,1
2026-09-27T02:03:10,63,95,0.94,1
2026-09-27T02:03:11,61,96,0.92,1
2026-09-27T02:03:12,65,97,0.85,1
2026-09-27T02:03:13,64,94,0.91,1
2026-09-27T02:03:14,62,95,0.91,1
2026-09-27T02:03:15,65,97,0.89,1
2026-09-27T02:03:16,63,96,0.95,1
2026-09-27T02:03:17,60,96,0.91,1
2026-09-27T02:03:18,65,94,0.90,1
2026-09-27T02:03:19,61,96,0.87,1
2026-09-27T02:03:20,64,96,0.94,1
2026-09-27T02:03:21,66,94,0.88,1
2026-09-27T02:03:22,65,94,0.94,1
2026-09-27T02:03:23,61,95,0.86,1
2026-09-27T02:03:24,60,96,0.94,1
2026-09-27T02:03:25,60,96,0.88,1
2026-09-27T02:03:26,60,96,0.85,1
2026-09-27T02:03:27,66,97,0.95,1
2026-09-27T02:03:28,61,94,0.86,1
2026-09-27T02:03:29,63,95,0.87,1
2026-09-27T02:03:30,61,94,0.86,1
2026-09-27T02:03:31,64,94,0.89,1
2026-09-27T02:03:32,65,94,0.94,1
2026-09-27T02:03:33,61,96,0.87,1
2026-09-27T02:03:34,62,96,0.86,1
2026-09-27T02:03:35,62,97,0.93,1
2026-09-27T02:03:36,66,96,0.85,1
2026-09-27T02:03:37,60,97,0.93,1
2026-09-27T02:03:38,65,96,0.90,1
2026-09-27T02:03:39,66,97,0.90,1
2026-09-27T02:03:40,60,94,0.89,1
2026-09-27T02:03:41,62,95,0.86,1
2026-09-27T02:03:42,66,94,0.87,1
2026-09-27T02:03:43,62,95,0.90,1
2026-09-27T02:03:44,60,94,0.91,1
2026-09-27T02:03:45,64,96,0.86,1
2026-09-27T02:03:46,63,97,0.90,1
2026-09-27T02:03:47,64,94,0.94,1
2026-09-27T02:03:48,66,96,0.86,1
2026-09-27T02:03:49,63,97,0.93,1
2026-09-27T02:03:50,65,97,0.85,1
2026-09-27T02:03:51,60,94,0.92,1
2026-09-27T02:03:52,64,94,0.85,1
2026-09-27T02:03:53,65,97,0.87,1
2026-09-27T02:03:54,61,94,0.92,1
2026-09-27T02:03:55,61,97,0.87,1
2026-09-27T02:03:56,66,97,0.93,1
2026-09-27T02:03:57,61,97,0.93,1
2026-09-27T02:03:58,63,95,0.88,1
2026-09-27T02:03:59,63,95,0.90,1
2026-09-27T02:04:00,62,96,0.86,1
2026-09-27T02:04:01,63,94,0.95,1
2026-09-27T02:04:02,61,95,0.87,1
2026-09-27T02:04:03,65,94,0.95,1
2026-09-27T02:04:04,62,97,0.87,1
2026-09-27T02:04:05,60,96,0.94,1
2026-09-27T02:04:06,60,94,0.89,1
2026-09-27T02:04:07,64,95,0.95,1
2026-09-27T02:04:08,62,94,0.89,1
2026-09-27T02:04:09,62,95,0.91,1
2026-09-27T02:04:10,63,96,0.88,1
2026-09-27T02:04:11,64,97,0.93,1
2026-09-27T02:04:12,65,97,0.93,1
2026-09-27T02:04:13,64,97,0.87,1
2026-09-27T02:04:14,60,97,0.90,1
2026-09-27T02:04:15,60,97,0.94,1
2026-09-27T02:04:16,66,95,0.86,1
2026-09-27T02:04:17,60,96,0.91,1
2026-09-27T02:04:18,66,95,0.91,1
2026-09-27T02:04:19,61,95,0.91,1
2026-09-27T02:04:20,66,96,0.95,1
2026-09-27T02:04:21,66,94,0.86,1
2026-09-27T02:04:22,60,94,0.89,1
2026-09-27T02:04:23,66,97,0.92,1
2026-09-27T02:04:24,61,96,0.86,1
2026-09-27T02:04:25,62,94,0.88,1
2026-09-27T02:04:26,60,96,0.89,1
2026-09-27T02:04:27,65,94,0.89,1
2026-09-27T02:04:28,63,96,0.95,1
2026-09-27T02:04:29,66,96,0.90,1
2026-09-27T02:04:30,64,94,0.88,1
2026-09-27T02:04:31,63,95,0.91,1
2026-09-27T02:04:32,64,95,0.94,1
2026-09-27T02:04:33,64,96,0.86,1
2026-09-27T02:04:34,60,94,0.87,1
2026-09-27T02:04:35,60,95,0.95,1
2026-09-27T02:04:36,60,95,0.95,1
2026-09-27T02:04:37,64,97,0.89,1
2026-09-27T02:04:38,62,97,0.94,1
2026-09-27T02:04:39,66,97,0.88,1
2026-09-27T02:04:40,61,96,0.94,1
2026-09-27T02:04:41,61,94,0.88,1
2026-09-27T02:04:42,61,94,0.86,1
2026-09-27T02:04:43,66,94,0.86,1
2026-09-27T02:04:44,61,97,0.90,1
2026-09-27T02:04:45,64,97,0.92,1
2026-09-27T02:04:46,65,95,0.91,1
2026-09-27T02:04:47,64,97,0.91,1
2026-09-27T02:04:48,61,96,0.91,1
2026-09-27T02:04:49,61,94,0.95,1
2026-09-27T02:04:50,65,95,0.95,1
2026-09-27T02:04:51,63,95,0.86,1
2026-09-27T02:04:52,65,95,0.86,1
2026-09-27T02:04:53,66,96,0.90,1
2026-09-27T02:04:54,66,95,0.93,1
2026-09-27T02:04:55,60,97,0.93,1
2026-09-27T02:04:56,62,96,0.91,1
2026-09-27T02:04:57,60,94,0.93,1
2026-09-27T02:04:58,65,95,0.95,1
2026-09-27T02:04:59,61,95,0.91,1
2026-09-27T02:05:00,62,95,0.93,1
2026-09-27T02:05:01,64,95,0.92,1
2026-09-27T02:05:02,62,94,0.89,1
2026-09-27T02:05:03,61,97,0.91,1
2026-09-27T02:05:04,63,96,0.93,1
2026-09-27T02:05:05,66,96,0.89,1
2026-09-27T02:05:06,60,95,0.86,1
2026-09-27T02:05:07,63,94,0.90,1
2026-09-27T02:05:08,62,96,0.89,1
2026-09-27T02:05:09,65,94,0.85,1
2026-09-27T02:05:10,65,96,0.94,1
2026-09-27T02:05:11,61,97,0.95,1
2026-09-27T02:05:12,60,94,0.88,1
2026-09-27T02:05:13,61,97,0.88,1
2026-09-27T02:05:14,62,95,0.94,1
2026-09-27T02:05:15,60,96,0.92,1
2026-09-27T02:05:16,62,94,0.95,1
2026-09-27T02:05:17,66,96,0.94,1
2026-09-27T02:05:18,64,96,0.93,1
2026-09-27T02:05:19,65,95,0.89,1
2026-09-27T02:05:20,61,96,0.86,1
2026-09-27T02:05:21,66,94,0.90,1
2026-09-27T02:05:22,61,96,0.90,1
2026-09-27T02:05:23,60,96,0.94,1
2026-09-27T02:05:24,62,95,0.88,1
2026-09-27T02:05:25,64,95,0.93,1
2026-09-27T02:05:26,61,94,0.88,1
2026-09-27T02:05:27,61,95,0.87,1
2026-09-27T02:05:28,60,96,0.88,1
2026-09-27T02:05:29,66,96,0.91,1
2026-09-27T02:05:30,62,95,0.88,1
2026-09-27T02:05:31,62,96,0.87,1
2026-09-27T02:05:32,61,94,0.87,1
2026-09-27T02:05:33,66,96,0.86,1
2026-09-27T02:05:34,62,96,0.88,1
2026-09-27T02:05:35,65,97,0.92,1
2026-09-27T02:05:36,62,96,0.91,1
2026-09-27T02:05:37,63,94,0.88,1
2026-09-27T02:05:38,62,95,0.88,1
2026-09-27T02:05:39,64,94,0.88,1
2026-09-27T02:05:40,64,97,0.86,1
2026-09-27T02:05:41,62,97,0.90,1
2026-09-27T02:05:42,66,97,0.92,1
2026-09-27T02:05:43,61,95,0.93,1
2026-09-27T02:05:44,60,97,0.89,1
2026-09-27T02:05:45,66,95,0.95,1
2026-09-27T02:05:46,60,94,0.95,1
2026-09-27T02:05:47,65,96,0.94,1
2026-09-27T02:05:48,65,96,0.85,1
2026-09-27T02:05:49,62,94,0.87,1
2026-09-27T02:05:50,65,94,0.87,1
2026-09-27T02:05:51,65,96,0.95,1
2026-09-27T02:05:52,63,95,0.87,1
2026-09-27T02:05:53,62,95,0.89,1
2026-09-27T02:05:54,66,94,0.89,1
2026-09-27T02:05:55,63,97,0.93,1
2026-09-27T02:05:56,64,97,0.93,1
2026-09-27T02:05:57,63,94,0.89,1
2026-09-27T02:05:58,65,97,0.90,1
2026-09-27T02:05:59,60,97,0.86,1
2026-09-27T02:06:00,64,94,0.95,1
2026-09-27T02:06:01,65,96,0.89,1
2026-09-27T02:06:02,60,97,0.91,1
2026-09-27T02:06:03,66,94,0.94,1
2026-09-27T02:06:04,64,97,0.85,1
2026-09-27T02:06:05,63,94,0.92,1
2026-09-27T02:06:06,65,95,0.92,1
2026-09-27T02:06:07,60,97,0.86,1
2026-09-27T02:06:08,63,94,0.88,1
2026-09-27T02:06:09,61,97,0.94,1
2026-09-27T02:06:10,66,97,0.94,1
2026-09-27T02:06:11,62,97,0.90,1
2026-09-27T02:06:12,62,97,0.95,1
2026-09-27T02:06:13,63,95,0.87,1
2026-09-27T02:06:14,60,96,0.94,1
2026-09-27T02:06:15,60,96,0.92,1
2026-09-27T02:06:16,64,94,0.89,1
2026-09-27T02:06:17,62,94,0.89,1
2026-09-27T02:06:18,60,95,0.91,1
2026-09-27T02:06:19,65,96,0.87,1
2026-09-27T02:06:20,66,96,0.87,1
2026-09-27T02:06:21,61,97,0.86,1
2026-09-27T02:06:22,66,94,0.93,1
2026-09-27T02:06:23,66,96,0.89,1
2026-09-27T02:06:24,62,96,0.85,1
2026-09-27T02:06:25,65,97,0.89,1
2026-09-27T02:06:26,65,95,0.94,1
2026-09-27T02:06:27,60,97,0.93,1
2026-09-27T02:06:28,65,95,0.90,1
2026-09-27T02:06:29,64,96,0.85,1
2026-09-27T02:06:30,60,94,0.91,1
2026-09-27T02:06:31,60,97,0.90,1
2026-09-27T02:06:32,64,95,0.88,1
2026-09-27T02:06:33,60,94,0.94,1
2026-09-27T02:06:34,64,96,0.87,1
2026-09-27T02:06:35,60,97,0.94,1
2026-09-27T02:06:36,66,94,0.85,1
2026-09-27T02:06:37,66,95,0.94,1
2026-09-27T02:06:38,66,96,0.90,1
2026-09-27T02:06:39,61,97,0.90,1
2026-09-27T02:06:40,64,96,0.92,1
2026-09-27T02:06:41,64,94,0.93,1
2026-09-27T02:06:42,65,96,0.89,1
2026-09-27T02:06:43,62,96,0.92,1
2026-09-27T02:06:44,66,95,0.88,1
2026-09-27T02:06:45,62,95,0.91,1
2026-09-27T02:06:46,62,95,0.85,1
2026-09-27T02:06:47,61,97,0.85,1
2026-09-27T02:06:48,66,97,0.92,1
2026-09-27T02:06:49,66,95,0.88,1
2026-09-27T02:06:50,61,97,0.88,1
2026-09-27T02:06:51,66,95,0.87,1
2026-09-27T02:06:52,64,94,0.91,1
2026-09-27T02:06:53,62,97,0.90,1
2026-09-27T02:06:54,60,95,0.93,1
2026-09-27T02:06:55,65,96,0.91,1
2026-09-27T02:06:56,66,97,0.91,1
2026-09-27T02:06:57,65,96,0.89,1
2026-09-27T02:06:58,64,96,0.92,1
2026-09-27T02:06:59,60,96,0.94,1
2026-09-27T02:07:00,61,94,0.90,1
2026-09-27T02:07:01,63,95,0.88,1
2026-09-27T02:07:02,62,97,0.93,1
2026-09-27T02:07:03,63,94,0.94,1
2026-09-27T02:07:04,64,95,0.89,1
2026-09-27T02:07:05,60,97,0.92,1
2026-09-27T02:07:06,61,94,0.90,1
2026-09-27T02:07:07,64,95,0.93,1
2026-09-27T02:07:08,64,97,0.89,1
2026-09-27T02:07:09,66,97,0.87,1
2026-09-27T02:07:10,63,94,0.91,1
2026-09-27T02:07:11,65,94,0.94,1
2026-09-27T02:07:12,62,96,0.92,1
2026-09-27T02:07:13,66,96,0.88,1
2026-09-27T02:07:14,63,96,0.95,1
2026-09-27T02:07:15,63,97,0.91,1
2026-09-27T02:07:16,64,95,0.87,1
2026-09-27T02:07:17,61,96,0.85,1
2026-09-27T02:07:18,65,95,0.87,1
2026-09-27T02:07:19,66,94,0.87,1
2026-09-27T02:07:20,64,95,0.90,1
2026-09-27T02:07:21,64,96,0.91,1
2026-09-27T02:07:22,66,97,0.92,1
2026-09-27T02:07:23,60,95,0.86,1
2026-09-27T02:07:24,66,97,0.90,1
2026-09-27T02:07:25,62,95,0.86,1
2026-09-27T02:07:26,63,96,0.94,1
2026-09-27T02:07:27,66,96,0.87,1
2026-09-27T02:07:28,60,96,0.92,1
2026-09-27T02:07:29,60,94,0.91,1
2026-09-27T02:07:30,60,94,0.95,1
2026-09-27T02:07:31,66,96,0.91,1
2026-09-27T02:07:32,64,94,0.85,1
2026-09-27T02:07:33,66,95,0.93,1
2026-09-27T02:07:34,65,95,0.88,1
2026-09-27T02:07:35,61,94,0.86,1
2026-09-27T02:07:36,63,95,0.85,1
2026-09-27T02:07:37,65,94,0.86,1
2026-09-27T02:07:38,61,96,0.92,1
2026-09-27T02:07:39,63,97,0.91,1
2026-09-27T02:07:40,65,95,0.89,1
2026-09-27T02:07:41,65,97,0.87,1
2026-09-27T02:07:42,65,97,0.89,1
2026-09-27T02:07:43,61,97,0.93,1
2026-09-27T02:07:44,60,94,0.92,1
2026-09-27T02:07:45,60,94,0.91,1
2026-09-27T02:07:46,63,97,0.88,1
2026-09-27T02:07:47,60,95,0.94,1
2026-09-27T02:07:48,62,95,0.92,1
2026-09-27T02:07:49,61,97,0.87,1
2026-09-27T02:07:50,66,94,0.93,1
2026-09-27T02:07:51,62,95,0.94,1
2026-09-27T02:07:52,61,95,0.92,1
2026-09-27T02:07:53,65,94,0.95,1
2026-09-27T02:07:54,65,94,0.95,1
2026-09-27T02:07:55,62,95,0.91,1
2026-09-27T02:07:56,60,97,0.92,1
2026-09-27T02:07:57,66,96,0.90,1
2026-09-27T02:07:58,63,97,0.85,1
2026-09-27T02:07:59,65,96,0.93,1
2026-09-27T02:08:00,65,95,0.93,1
2026-09-27T02:08:01,62,97,0.86,1
2026-09-27T02:08:02,65,94,0.92,1
2026-09-27T02:08:03,61,95,0.91,1
2026-09-27T02:08:04,65,95,0.87,1
2026-09-27T02:08:05,63,96,0.92,1
2026-09-27T02:08:06,63,96,0.91,1
2026-09-27T02:08:07,64,95,0.93,1
2026-09-27T02:08:08,63,95,0.87,1
2026-09-27T02:08:09,66,97,0.85,1
2026-09-27T02:08:10,64,94,0.85,1
2026-09-27T02:08:11,65,96,0.86,1
2026-09-27T02:08:12,60,95,0.90,1
2026-09-27T02:08:13,62,97,0.89,1
2026-09-27T02:08:14,61,96,0.95,1
2026-09-27T02:08:15,61,96,0.89,1
2026-09-27T02:08:16,65,95,0.86,1
2026-09-27T02:08:17,63,94,0.93,1
2026-09-27T02:08:18,64,95,0.85,1
2026-09-27T02:08:19,60,94,0.91,1
2026-09-27T02:08:20,60,97,0.94,1
2026-09-27T02:08:21,65,97,0.94,1
2026-09-27T02:08:22,66,94,0.94,1
2026-09-27T02:08:23,64,94,0.91,1
2026-09-27T02:08:24,62,95,0.94,1
2026-09-27T02:08:25,60,94,0.89,1
2026-09-27T02:08:26,66,94,0.93,1
2026-09-27T02:08:27,63,97,0.93,1
2026-09-27T02:08:28,66,97,0.93,1
2026-09-27T02:08:29,66,97,0.85,1
2026-09-27T02:08:30,62,97,0.88,1
2026-09-27T02:08:31,65,94,0.89,1
2026-09-27T02:08:32,63,95,0.92,1
2026-09-27T02:08:33,66,95,0.94,1
2026-09-27T02:08:34,65,95,0.95,1
2026-09-27T02:08:35,63,95,0.85,1
2026-09-27T02:08:36,62,97,0.88,1
2026-09-27T02:08:37,61,94,0.87,1
2026-09-27T02:08:38,66,95,0.88,1
2026-09-27T02:08:39,64,97,0.88,1
2026-09-27T02:08:40,61,94,0.93,1
2026-09-27T02:08:41,61,97,0.90,1
2026-09-27T02:08:42,62,96,0.87,1
2026-09-27T02:08:43,62,95,0.85,1
2026-09-27T02:08:44,64,94,0.86,1
2026-09-27T02:08:45,60,97,0.85,1
2026-09-27T02:08:46,63,94,0.94,1
2026-09-27T02:08:47,63,97,0.94,1
2026-09-27T02:08:48,65,94,0.87,1
2026-09-27T02:08:49,66,94,0.87,1
2026-09-27T02:08:50,63,95,0.87,1
2026-09-27T02:08:51,65,96,0.91,1
2026-09-27T02:08:52,65,96,0.91,1
2026-09-27T02:08:53,65,96,0.87,1
2026-09-27T02:08:54,64,97,0.87,1
2026-09-27T02:08:55,64,94,0.94,1
2026-09-27T02:08:56,61,97,0.93,1
2026-09-27T02:08:57,60,95,0.85,1
2026-09-27T02:08:58,66,95,0.86,1
2026-09-27T02:08:59,65,94,0.94,1
2026-09-27T02:09:00,60,94,0.86,1
2026-09-27T02:09:01,64,96,0.93,1
2026-09-27T02:09:02,65,95,0.94,1
2026-09-27T02:09:03,66,97,0.95,1
2026-09-27T02:09:04,61,95,0.86,1
2026-09-27T02:09:05,64,97,0.89,1
2026-09-27T02:09:06,63,97,0.89,1
2026-09-27T02:09:07,60,97,0.85,1
2026-09-27T02:09:08,61,94,0.92,1
2026-09-27T02:09:09,65,95,0.91,1
2026-09-27T02:09:10,62,94,0.94,1
2026-09-27T02:09:11,61,94,0.89,1
2026-09-27T02:09:12,66,97,0.90,1
2026-09-27T02:09:13,66,95,0.91,1
2026-09-27T02:09:14,65,95,0.89,1
2026-09-27T02:09:15,66,97,0.88,1
2026-09-27T02:09:16,65,96,0.86,1
2026-09-27T02:09:17,60,94,0.90,1
2026-09-27T02:09:18,65,95,0.89,1
2026-09-27T02:09:19,60,97,0.92,1
2026-09-27T02:09:20,61,95,0.89,1
2026-09-27T02:09:21,64,97,0.92,1
2026-09-27T02:09:22,65,95,0.86,1
2026-09-27T02:09:23,62,94,0.94,1
2026-09-27T02:09:24,60,94,0.91,1
2026-09-27T02:09:25,64,97,0.88,1
2026-09-27T02:09:26,64,95,0.87,1
2026-09-27T02:09:27,65,97,0.89,1
2026-09-27T02:09:28,63,94,0.95,1
2026-09-27T02:09:29,61,94,0.91,1
2026-09-27T02:09:30,66,95,0.94,1
2026-09-27T02:09:31,61,95,0.91,1
2026-09-27T02:09:32,64,95,0.92,1
2026-09-27T02:09:33,63,96,0.89,1
2026-09-27T02:09:34,66,95,0.95,1
2026-09-27T02:09:35,61,95,0.85,1
2026-09-27T02:09:36,65,94,0.92,1
2026-09-27T02:09:37,63,96,0.92,1
2026-09-27T02:09:38,65,97,0.91,1
2026-09-27T02:09:39,63,95,0.90,1
2026-09-27T02:09:40,65,95,0.92,1
2026-09-27T02:09:41,60,95,0.85,1
2026-09-27T02:09:42,64,96,0.94,1
2026-09-27T02:09:43,65,97,0.89,1
2026-09-27T02:09:44,64,95,0.88,1
2026-09-27T02:09:45,61,95,0.89,1
2026-09-27T02:09:46,63,95,0.86,1
2026-09-27T02:09:47,63,94,0.90,1
2026-09-27T02:09:48,63,95,0.94,1
2026-09-27T02:09:49,60,96,0.93,1
2026-09-27T02:09:50,65,95,0.89,1
2026-09-27T02:09:51,63,97,0.85,1
2026-09-27T02:09:52,61,95,0.91,1
2026-09-27T02:09:53,61,94,0.85,1
2026-09-27T02:09:54,61,96,0.86,1
2026-09-27T02:09:55,61,94,0.88,1
2026-09-27T02:09:56,60,97,0.87,1
2026-09-27T02:09:57,62,96,0.86,1
2026-09-27T02:09:58,61,96,0.90,1
2026-09-27T02:09:59,64,95,0.86,1
2026-09-27T02:10:00,62,97,0.92,1
2026-09-27T02:10:01,63,95,0.91,1
2026-09-27T02:10:02,64,95,0.94,1
2026-09-27T02:10:03,66,94,0.94,1
2026-09-27T02:10:04,65,96,0.85,1
2026-09-27T02:10:05,65,97,0.86,1
2026-09-27T02:10:06,62,97,0.87,1
2026-09-27T02:10:07,64,97,0.89,1
2026-09-27T02:10:08,64,96,0.88,1
2026-09-27T02:10:09,66,94,0.90,1
2026-09-27T02:10:10,61,97,0.92,1
2026-09-27T02:10:11,62,96,0.85,1
2026-09-27T02:10:12,64,95,0.88,1
2026-09-27T02:10:13,65,97,0.86,1
2026-09-27T02:10:14,66,97,0.92,1
2026-09-27T02:10:15,63,97,0.87,1
2026-09-27T02:10:16,65,95,0.86,1
2026-09-27T02:10:17,60,94,0.90,1
2026-09-27T02:10:18,61,97,0.92,1
2026-09-27T02:10:19,61,94,0.90,1
2026-09-27T02:10:20,63,97,0.94,1
2026-09-27T02:10:21,62,94,0.87,1
2026-09-27T02:10:22,64,96,0.89,1
2026-09-27T02:10:23,64,97,0.95,1
2026-09-27T02:10:24,65,96,0.91,1
2026-09-27T02:10:25,63,96,0.88,1
2026-09-27T02:10:26,65,96,0.93,1
2026-09-27T02:10:27,66,97,0.87,1
2026-09-27T02:10:28,64,94,0.89,1
2026-09-27T02:10:29,60,95,0.91,1
2026-09-27T02:10:30,62,96,0.85,1
2026-09-27T02:10:31,63,95,0.89,1
2026-09-27T02:10:32,65,97,0.92,1
2026-09-27T02:10:33,60,97,0.90,1
2026-09-27T02:10:34,60,97,0.90,1
2026-09-27T02:10:35,64,94,0.93,1
2026-09-27T02:10:36,64,96,0.86,1
2026-09-27T02:10:37,61,97,0.85,1
2026-09-27T02:10:38,66,94,0.91,1
2026-09-27T02:10:39,66,97,0.91,1
2026-09-27T02:10:40,60,95,0.86,1
2026-09-27T02:10:41,62,94,0.87,1
2026-09-27T02:10:42,62,95,0.87,1
2026-09-27T02:10:43,61,97,0.92,1
2026-09-27T02:10:44,62,97,0.94,1
2026-09-27T02:10:45,64,94,0.86,1
2026-09-27T02:10:46,63,97,0.92,1
2026-09-27T02:10:47,61,96,0.89,1
2026-09-27T02:10:48,66,97,0.86,1
2026-09-27T02:10:49,61,96,0.86,1
2026-09-27T02:10:50,64,96,0.90,1
2026-09-27T02:10:51,65,96,0.91,1
2026-09-27T02:10:52,65,97,0.91,1
2026-09-27T02:10:53,65,95,0.94,1
2026-09-27T02:10:54,65,94,0.86,1
2026-09-27T02:10:55,65,94,0.88,1
2026-09-27T02:10:56,61,95,0.93,1
2026-09-27T02:10:57,64,97,0.88,1
2026-09-27T02:10:58,62,96,0.85,1
2026-09-27T02:10:59,61,95,0.88,1
2026-09-27T02:11:00,61,97,0.91,1
2026-09-27T02:11:01,64,94,0.88,1
2026-09-27T02:11:02,61,96,0.90,1
2026-09-27T02:11:03,66,95,0.88,1
2026-09-27T02:11:04,65,95,0.88,1
2026-09-27T02:11:05,60,95,0.86,1
2026-09-27T02:11:06,64,95,0.89,1
2026-09-27T02:11:07,65,95,0.85,1
2026-09-27T02:11:08,60,95,0.94,1
2026-09-27T02:11:09,64,97,0.94,1
2026-09-27T02:11:10,65,96,0.93,1
2026-09-27T02:11:11,61,94,0.93,1
2026-09-27T02:11:12,60,97,0.92,1
2026-09-27T02:11:13,66,96,0.86,1
2026-09-27T02:11:14,64,97,0.92,1
2026-09-27T02:11:15,66,94,0.93,1
2026-09-27T02:11:16,63,97,0.87,1
2026-09-27T02:11:17,65,95,0.92,1
2026-09-27T02:11:18,64,96,0.88,1
2026-09-27T02:11:19,62,94,0.86,1
2026-09-27T02:11:20,66,96,0.88,1
2026-09-27T02:11:21,64,97,0.91,1
2026-09-27T02:11:22,60,95,0.90,1
2026-09-27T02:11:23,64,96,0.93,1
2026-09-27T02:11:24,66,94,0.90,1
2026-09-27T02:11:25,66,96,0.86,1
2026-09-27T02:11:26,64,94,0.90,1
2026-09-27T02:11:27,61,96,0.93,1
2026-09-27T02:11:28,61,97,0.87,1
2026-09-27T02:11:29,65,94,0.94,1
2026-09-27T02:11:30,62,97,0.93,1
2026-09-27T02:11:31,63,95,0.87,1
2026-09-27T02:11:32,61,97,0.85,1
2026-09-27T02:11:33,66,97,0.91,1
2026-09-27T02:11:34,66,95,0.88,1
2026-09-27T02:11:35,63,96,0.86,1
2026-09-27T02:11:36,66,94,0.85,1
2026-09-27T02:11:37,64,94,0.94,1
2026-09-27T02:11:38,66,96,0.89,1
2026-09-27T02:11:39,63,97,0.89,1
2026-09-27T02:11:40,62,95,0.90,1
2026-09-27T02:11:41,62,97,0.86,1
2026-09-27T02:11:42,65,97,0.87,1
2026-09-27T02:11:43,63,97,0.90,1
2026-09-27T02:11:44,63,96,0.87,1
2026-09-27T02:11:45,64,94,0.94,1
2026-09-27T02:11:46,65,95,0.87,1
2026-09-27T02:11:47,61,97,0.89,1
2026-09-27T02:11:48,66,96,0.87,1
2026-09-27T02:11:49,61,94,0.92,1
2026-09-27T02:11:50,61,94,0.89,1
2026-09-27T02:11:51,60,94,0.89,1
2026-09-27T02:11:52,63,96,0.89,1
2026-09-27T02:11:53,61,94,0.95,1
2026-09-27T02:11:54,64,97,0.86,1
2026-09-27T02:11:55,61,96,0.93,1
2026-09-27T02:11:56,66,94,0.93,1
2026-09-27T02:11:57,65,96,0.87,1
2026-09-27T02:11:58,62,95,0.93,1
2026-09-27T02:11:59,62,97,0.94,1
2026-09-27T02:12:00,60,96,0.90,1
2026-09-27T02:12:01,61,96,0.91,1
2026-09-27T02:12:02,61,94,0.91,1
2026-09-27T02:12:03,63,95,0.92,1
2026-09-27T02:12:04,61,96,0.93,1
2026-09-27T02:12:05,60,94,0.91,1
2026-09-27T02:12:06,61,96,0.85,1
2026-09-27T02:12:07,60,96,0.88,1
2026-09-27T02:12:08,66,97,0.85,1
2026-09-27T02:12:09,66,95,0.87,1
2026-09-27T02:12:10,62,95,0.92,1
2026-09-27T02:12:11,65,97,0.90,1
2026-09-27T02:12:12,60,95,0.85,1
2026-09-27T02:12:13,61,96,0.86,1
2026-09-27T02:12:14,64,96,0.85,1
2026-09-27T02:12:15,62,96,0.92,1
2026-09-27T02:12:16,60,94,0.88,1
2026-09-27T02:12:17,66,97,0.93,1
2026-09-27T02:12:18,60,97,0.90,1
2026-09-27T02:12:19,60,94,0.95,1
2026-09-27T02:12:20,63,96,0.88,1
2026-09-27T02:12:21,65,96,0.90,1
2026-09-27T02:12:22,63,96,0.92,1
2026-09-27T02:12:23,62,97,0.86,1
2026-09-27T02:12:24,66,97,0.89,1
2026-09-27T02:12:25,65,95,0.85,1
2026-09-27T02:12:26,65,96,0.85,1
2026-09-27T02:12:27,61,97,0.94,1
2026-09-27T02:12:28,61,94,0.94,1
2026-09-27T02:12:29,66,94,0.89,1
2026-09-27T02:12:30,63,94,0.91,1
2026-09-27T02:12:31,65,94,0.91,1
2026-09-27T02:12:32,62,94,0.93,1
2026-09-27T02:12:33,64,96,0.85,1
2026-09-27T02:12:34,63,96,0.91,1
2026-09-27T02:12:35,63,97,0.94,1
2026-09-27T02:12:36,61,94,0.87,1
2026-09-27T02:12:37,60,94,0.88,1
2026-09-27T02:12:38,64,95,0.86,1
2026-09-27T02:12:39,60,96,0.85,1
2026-09-27T02:12:40,65,96,0.93,1
2026-09-27T02:12:41,61,94,0.86,1
2026-09-27T02:12:42,63,95,0.87,1
2026-09-27T02:12:43,64,95,0.86,1
2026-09-27T02:12:44,66,97,0.86,1
2026-09-27T02:12:45,61,97,0.89,1
2026-09-27T02:12:46,66,95,0.86,1
2026-09-27T02:12:47,64,97,0.95,1
2026-09-27T02:12:48,61,97,0.86,1
2026-09-27T02:12:49,62,97,0.95,1
2026-09-27T02:12:50,62,96,0.94,1
2026-09-27T02:12:51,60,96,0.86,1
2026-09-27T02:12:52,60,96,0.86,1
2026-09-27T02:12:53,60,94,0.89,1
2026-09-27T02:12:54,62,94,0.94,1
2026-09-27T02:12:55,60,97,0.86,1
2026-09-27T02:12:56,62,96,0.89,1
2026-09-27T02:12:57,63,95,0.86,1
2026-09-27T02:12:58,62,96,0.86,1
2026-09-27T02:12:59,61,96,0.86,1
2026-09-27T02:13:00,60,96,0.91,1
2026-09-27T02:13:01,63,95,0.90,1
2026-09-27T02:13:02,63,95,0.88,1
2026-09-27T02:13:03,61,95,0.95,1
2026-09-27T02:13:04,64,97,0.89,1
2026-09-27T02:13:05,64,96,0.89,1
2026-09-27T02:13:06,65,94,0.93,1
2026-09-27T02:13:07,65,96,0.93,1
2026-09-27T02:13:08,63,97,0.94,1
2026-09-27T02:13:09,65,97,0.90,1
2026-09-27T02:13:10,61,94,0.91,1
2026-09-27T02:13:11,61,94,0.93,1
2026-09-27T02:13:12,61,95,0.92,1
2026-09-27T02:13:13,60,95,0.88,1
2026-09-27T02:13:14,63,94,0.86,1
2026-09-27T02:13:15,65,97,0.94,1
2026-09-27T02:13:16,65,96,0.94,1
2026-09-27T02:13:17,60,95,0.86,1
2026-09-27T02:13:18,63,95,0.87,1
2026-09-27T02:13:19,65,96,0.88,1
2026-09-27T02:13:20,61,97,0.87,1
2026-09-27T02:13:21,61,97,0.94,1
2026-09-27T02:13:22,65,95,0.90,1
2026-09-27T02:13:23,60,94,0.88,1
2026-09-27T02:13:24,60,97,0.93,1
2026-09-27T02:13:25,63,97,0.93,1
2026-09-27T02:13:26,62,97,0.86,1
2026-09-27T02:13:27,63,95,0.85,1
2026-09-27T02:13:28,62,94,0.92,1
2026-09-27T02:13:29,64,97,0.93,1
2026-09-27T02:13:30,61,97,0.89,1
2026-09-27T02:13:31,66,94,0.91,1
2026-09-27T02:13:32,60,97,0.90,1
2026-09-27T02:13:33,63,97,0.93,1
2026-09-27T02:13:34,66,97,0.86,1
2026-09-27T02:13:35,65,96,0.87,1
2026-09-27T02:13:36,61,94,0.88,1
2026-09-27T02:13:37,60,95,0.94,1
2026-09-27T02:13:38,65,95,0.86,1
2026-09-27T02:13:39,62,96,0.85,1
2026-09-27T02:13:40,61,95,0.90,1
2026-09-27T02:13:41,66,94,0.94,1
2026-09-27T02:13:42,65,96,0.94,1
2026-09-27T02:13:43,62,97,0.95,1
2026-09-27T02:13:44,66,95,0.93,1
2026-09-27T02:13:45,64,96,0.94,1
2026-09-27T02:13:46,66,95,0.94,1
2026-09-27T02:13:47,66,97,0.94,1
2026-09-27T02:13:48,62,95,0.91,1
2026-09-27T02:13:49,62,95,0.94,1
2026-09-27T02:13:50,61,94,0.89,1
2026-09-27T02:13:51,63,95,0.94,1
2026-09-27T02:13:52,61,96,0.94,1
2026-09-27T02:13:53,66,94,0.92,1
2026-09-27T02:13:54,63,97,0.87,1
2026-09-27T02:13:55,60,96,0.86,1
2026-09-27T02:13:56,66,97,0.88,1
2026-09-27T02:13:57,64,95,0.95,1
2026-09-27T02:13:58,60,94,0.93,1
2026-09-27T02:13:59,66,97,0.94,1
2026-09-27T02:14:00,61,97,0.93,1
2026-09-27T02:14:01,65,95,0.94,1
2026-09-27T02:14:02,63,94,0.94,1
2026-09-27T02:14:03,64,94,0.91,1
2026-09-27T02:14:04,65,95,0.93,1
2026-09-27T02:14:05,61,94,0.89,1
2026-09-27T02:14:06,61,95,0.85,1
2026-09-27T02:14:07,64,96,0.90,1
2026-09-27T02:14:08,61,97,0.89,1
2026-09-27T02:14:09,65,97,0.92,1
2026-09-27T02:14:10,61,95,0.95,1
2026-09-27T02:14:11,65,94,0.89,1
2026-09-27T02:14:12,62,97,0.86,1
2026-09-27T02:14:13,62,96,0.93,1
2026-09-27T02:14:14,60,97,0.92,1
2026-09-27T02:14:15,63,94,0.94,1
2026-09-27T02:14:16,65,97,0.93,1
2026-09-27T02:14:17,61,95,0.94,1
2026-09-27T02:14:18,60,97,0.90,1
2026-09-27T02:14:19,60,96,0.87,1
2026-09-27T02:14:20,64,96,0.87,1
2026-09-27T02:14:21,66,97,0.91,1
2026-09-27T02:14:22,62,94,0.87,1
2026-09-27T02:14:23,64,97,0.90,1
2026-09-27T02:14:24,63,95,0.92,1
2026-09-27T02:14:25,63,94,0.87,1
2026-09-27T02:14:26,66,94,0.95,1
2026-09-27T02:14:27,63,94,0.89,1
2026-09-27T02:14:28,66,95,0.92,1
2026-09-27T02:14:29,60,97,0.90,1
2026-09-27T02:14:30,63,96,0.93,1
2026-09-27T02:14:31,66,94,0.91,1
2026-09-27T02:14:32,63,97,0.86,1
2026-09-27T02:14:33,65,94,0.91,1
2026-09-27T02:14:34,64,95,0.87,1
2026-09-27T02:14:35,61,94,0.93,1
2026-09-27T02:14:36,60,96,0.94,1
2026-09-27T02:14:37,63,97,0.88,1
2026-09-27T02:14:38,62,94,0.92,1
2026-09-27T02:14:39,63,94,0.89,1
2026-09-27T02:14:40,62,95,0.91,1
2026-09-27T02:14:41,61,96,0.90,1
2026-09-27T02:14:42,65,95,0.94,1
2026-09-27T02:14:43,65,95,0.85,1
2026-09-27T02:14:44,63,94,0.93,1
2026-09-27T02:14:45,61,94,0.87,1
2026-09-27T02:14:46,64,97,0.85,1
2026-09-27T02:14:47,60,94,0.92,1
2026-09-27T02:14:48,65,97,0.88,1
2026-09-27T02:14:49,64,94,0.87,1
2026-09-27T02:14:50,61,94,0.88,1
2026-09-27T02:14:51,64,97,0.91,1
2026-09-27T02:14:52,65,95,0.93,1
2026-09-27T02:14:53,60,95,0.93,1
2026-09-27T02:14:54,60,97,0.94,1
2026-09-27T02:14:55,61,97,0.94,1
2026-09-27T02:14:56,65,94,0.88,1
2026-09-27T02:14:57,66,96,0.88,1
2026-09-27T02:14:58,63,96,0.94,1
2026-09-27T02:14:59,62,94,0.93,1
2026-09-27T02:15:00,60,95,0.90,1
2026-09-27T02:15:01,61,94,0.92,1
2026-09-27T02:15:02,66,95,0.90,1
2026-09-27T02:15:03,63,96,0.89,1
2026-09-27T02:15:04,62,96,0.85,1
2026-09-27T02:15:05,66,95,0.88,1
2026-09-27T02:15:06,61,96,0.86,1
2026-09-27T02:15:07,64,95,0.95,1
2026-09-27T02:15:08,62,94,0.91,1
2026-09-27T02:15:09,66,95,0.85,1
2026-09-27T02:15:10,65,97,0.86,1
2026-09-27T02:15:11,63,97,0.94,1
2026-09-27T02:15:12,60,95,0.89,1
2026-09-27T02:15:13,62,95,0.95,1
2026-09-27T02:15:14,62,95,0.94,1
2026-09-27T02:15:15,63,97,0.93,1
2026-09-27T02:15:16,63,94,0.89,1
2026-09-27T02:15:17,61,95,0.89,1
2026-09-27T02:15:18,61,96,0.94,1
2026-09-27T02:15:19,63,95,0.86,1
2026-09-27T02:15:20,62,94,0.88,1
2026-09-27T02:15:21,61,94,0.85,1
2026-09-27T02:15:22,64,96,0.94,1
2026-09-27T02:15:23,63,95,0.90,1
2026-09-27T02:15:24,63,96,0.91,1
2026-09-27T02:15:25,65,97,0.91,1
2026-09-27T02:15:26,62,94,0.95,1
2026-09-27T02:15:27,66,94,0.92,1
2026-09-27T02:15:28,60,97,0.90,1
2026-09-27T02:15:29,61,94,0.88,1
2026-09-27T02:15:30,60,95,0.89,1
2026-09-27T02:15:31,64,94,0.89,1
2026-09-27T02:15:32,63,95,0.86,1
2026-09-27T02:15:33,61,95,0.87,1
2026-09-27T02:15:34,61,97,0.91,1
2026-09-27T02:15:35,65,97,0.92,1
2026-09-27T02:15:36,66,95,0.93,1
2026-09-27T02:15:37,63,96,0.93,1
2026-09-27T02:15:38,62,97,0.92,1
2026-09-27T02:15:39,61,95,0.94,1
2026-09-27T02:15:40,60,95,0.91,1
2026-09-27T02:15:41,60,94,0.87,1
2026-09-27T02:15:42,62,94,0.90,1
2026-09-27T02:15:43,64,94,0.86,1
2026-09-27T02:15:44,60,97,0.89,1
2026-09-27T02:15:45,60,97,0.92,1
2026-09-27T02:15:46,61,96,0.89,1
2026-09-27T02:15:47,61,94,0.87,1
2026-09-27T02:15:48,60,96,0.87,1
2026-09-27T02:15:49,65,94,0.90,1
2026-09-27T02:15:50,62,94,0.86,1
2026-09-27T02:15:51,65,94,0.87,1
2026-09-27T02:15:52,63,95,0.90,1
2026-09-27T02:15:53,66,96,0.85,1
2026-09-27T02:15:54,62,95,0.85,1
2026-09-27T02:15:55,64,95,0.91,1
2026-09-27T02:15:56,64,94,0.86,1
2026-09-27T02:15:57,66,95,0.92,1
2026-09-27T02:15:58,66,95,0.89,1
2026-09-27T02:15:59,61,96,0.85,1
2026-09-27T02:16:00,62,96,0.93,1
2026-09-27T02:16:01,63,97,0.91,1
2026-09-27T02:16:02,65,94,0.93,1
2026-09-27T02:16:03,64,94,0.88,1
2026-09-27T02:16:04,65,94,0.86,1
2026-09-27T02:16:05,66,97,0.86,1
2026-09-27T02:16:06,65,94,0.92,1
2026-09-27T02:16:07,61,97,0.94,1
2026-09-27T02:16:08,63,97,0.92,1
2026-09-27T02:16:09,64,94,0.94,1
2026-09-27T02:16:10,66,97,0.95,1
2026-09-27T02:16:11,65,95,0.91,1
2026-09-27T02:16:12,65,96,0.91,1
2026-09-27T02:16:13,66,94,0.85,1
2026-09-27T02:16:14,64,97,0.94,1
2026-09-27T02:16:15,64,97,0.87,1
2026-09-27T02:16:16,63,95,0.88,1
2026-09-27T02:16:17,64,94,0.90,1
2026-09-27T02:16:18,65,97,0.90,1
2026-09-27T02:16:19,63,94,0.86,1
2026-09-27T02:16:20,63,97,0.86,1
2026-09-27T02:16:21,66,97,0.87,1
2026-09-27T02:16:22,63,94,0.87,1
2026-09-27T02:16:23,66,95,0.88,1
2026-09-27T02:16:24,65,97,0.85,1
2026-09-27T02:16:25,62,94,0.92,1
2026-09-27T02:16:26,60,95,0.94,1
2026-09-27T02:16:27,65,96,0.85,1
2026-09-27T02:16:28,65,95,0.91,1
2026-09-27T02:16:29,66,95,0.91,1
2026-09-27T02:16:30,62,96,0.91,1
2026-09-27T02:16:31,61,95,0.91,1
2026-09-27T02:16:32,61,95,0.91,1
2026-09-27T02:16:33,66,96,0.92,1
2026-09-27T02:16:34,64,95,0.89,1
2026-09-27T02:16:35,60,95,0.90,1
2026-09-27T02:16:36,62,95,0.88,1
2026-09-27T02:16:37,62,97,0.87,1
2026-09-27T02:16:38,66,97,0.90,1
2026-09-27T02:16:39,64,95,0.91,1
2026-09-27T02:16:40,63,97,0.89,1
2026-09-27T02:16:41,60,96,0.88,1
2026-09-27T02:16:42,65,97,0.92,1
2026-09-27T02:16:43,61,94,0.90,1
2026-09-27T02:16:44,60,97,0.86,1
2026-09-27T02:16:45,63,95,0.90,1
2026-09-27T02:16:46,65,97,0.86,1
2026-09-27T02:16:47,66,95,0.95,1
2026-09-27T02:16:48,63,94,0.86,1
2026-09-27T02:16:49,66,97,0.90,1
2026-09-27T02:16:50,61,97,0.94,1
2026-09-27T02:16:51,64,94,0.86,1
2026-09-27T02:16:52,60,95,0.91,1
2026-09-27T02:16:53,66,95,0.86,1
2026-09-27T02:16:54,62,95,0.95,1
2026-09-27T02:16:55,64,95,0.88,1
2026-09-27T02:16:56,61,97,0.89,1
2026-09-27T02:16:57,62,97,0.89,1
2026-09-27T02:16:58,63,94,0.89,1
2026-09-27T02:16:59,64,96,0.92,1
2026-09-27T02:17:00,64,94,0.86,1
2026-09-27T02:17:01,60,94,0.93,1
2026-09-27T02:17:02,62,95,0.94,1
2026-09-27T02:17:03,64,94,0.87,1
2026-09-27T02:17:04,66,95,0.86,1
2026-09-27T02:17:05,64,95,0.87,1
2026-09-27T02:17:06,61,95,0.94,1
2026-09-27T02:17:07,63,97,0.91,1
2026-09-27T02:17:08,62,95,0.91,1
2026-09-27T02:17:09,64,94,0.88,1
2026-09-27T02:17:10,64,94,0.90,1
2026-09-27T02:17:11,64,97,0.88,1
2026-09-27T02:17:12,61,97,0.87,1
2026-09-27T02:17:13,63,94,0.87,1
2026-09-27T02:17:14,63,97,0.92,1
2026-09-27T02:17:15,60,94,0.90,1
2026-09-27T02:17:16,63,96,0.93,1
2026-09-27T02:17:17,61,97,0.85,1
2026-09-27T02:17:18,66,94,0.87,1
2026-09-27T02:17:19,63,96,0.90,1
2026-09-27T02:17:20,65,97,0.90,1
2026-09-27T02:17:21,63,96,0.89,1
2026-09-27T02:17:22,61,94,0.89,1
2026-09-27T02:17:23,63,97,0.90,1
2026-09-27T02:17:24,60,95,0.92,1
2026-09-27T02:17:25,66,95,0.94,1
2026-09-27T02:17:26,62,95,0.94,1
2026-09-27T02:17:27,60,96,0.90,1
2026-09-27T02:17:28,65,97,0.88,1
2026-09-27T02:17:29,63,97,0.90,1
2026-09-27T02:17:30,62,94,0.91,1
2026-09-27T02:17:31,64,95,0.93,1
2026-09-27T02:17:32,60,95,0.93,1
2026-09-27T02:17:33,65,94,0.85,1
2026-09-27T02:17:34,66,97,0.89,1
2026-09-27T02:17:35,64,97,0.88,1
2026-09-27T02:17:36,64,95,0.87,1
2026-09-27T02:17:37,66,95,0.88,1
2026-09-27T02:17:38,61,95,0.89,1
2026-09-27T02:17:39,64,96,0.90,1
2026-09-27T02:17:40,64,96,0.88,1
2026-09-27T02:17:41,61,97,0.89,1
2026-09-27T02:17:42,64,94,0.90,1
2026-09-27T02:17:43,60,96,0.88,1
2026-09-27T02:17:44,63,94,0.88,1
2026-09-27T02:17:45,64,94,0.86,1
2026-09-27T02:17:46,60,96,0.88,1
2026-09-27T02:17:47,60,97,0.88,1
2026-09-27T02:17:48,66,94,0.93,1
2026-09-27T02:17:49,62,95,0.89,1
2026-09-27T02:17:50,63,96,0.93,1
2026-09-27T02:17:51,63,95,0.91,1
2026-09-27T02:17:52,60,96,0.92,1
2026-09-27T02:17:53,64,96,0.90,1
2026-09-27T02:17:54,65,94,0.89,1
2026-09-27T02:17:55,61,95,0.86,1
2026-09-27T02:17:56,63,95,0.87,1
2026-09-27T02:17:57,63,96,0.92,1
2026-09-27T02:17:58,61,94,0.94,1
2026-09-27T02:17:59,64,94,0.89,1
2026-09-27T02:18:00,63,97,0.88,1
2026-09-27T02:18:01,64,97,0.92,1
2026-09-27T02:18:02,66,96,0.89,1
2026-09-27T02:18:03,62,95,0.92,1
2026-09-27T02:18:04,66,97,0.94,1
2026-09-27T02:18:05,63,95,0.86,1
2026-09-27T02:18:06,66,94,0.87,1
2026-09-27T02:18:07,63,95,0.87,1
2026-09-27T02:18:08,62,94,0.90,1
2026-09-27T02:18:09,60,97,0.92,1
2026-09-27T02:18:10,63,96,0.92,1
2026-09-27T02:18:11,60,95,0.93,1
2026-09-27T02:18:12,63,95,0.94,1
2026-09-27T02:18:13,61,97,0.85,1
2026-09-27T02:18:14,65,97,0.92,1
2026-09-27T02:18:15,61,96,0.93,1
2026-09-27T02:18:16,62,95,0.90,1
2026-09-27T02:18:17,62,94,0.87,1
2026-09-27T02:18:18,64,96,0.93,1
2026-09-27T02:18:19,61,94,0.94,1
2026-09-27T02:18:20,60,94,0.91,1
2026-09-27T02:18:21,65,96,0.94,1
2026-09-27T02:18:22,66,96,0.91,1
2026-09-27T02:18:23,64,96,0.88,1
2026-09-27T02:18:24,62,97,0.93,1
2026-09-27T02:18:25,64,95,0.92,1
2026-09-27T02:18:26,61,95,0.94,1
2026-09-27T02:18:27,66,95,0.91,1
2026-09-27T02:18:28,66,97,0.89,1
2026-09-27T02:18:29,64,96,0.92,1
2026-09-27T02:18:30,61,95,0.87,1
2026-09-27T02:18:31,66,94,0.94,1
2026-09-27T02:18:32,63,96,0.88,1
2026-09-27T02:18:33,66,96,0.88,1
2026-09-27T02:18:34,61,96,0.89,1
2026-09-27T02:18:35,61,97,0.93,1
2026-09-27T02:18:36,60,96,0.90,1
2026-09-27T02:18:37,66,94,0.88,1
2026-09-27T02:18:38,66,94,0.93,1
2026-09-27T02:18:39,61,94,0.86,1
2026-09-27T02:18:40,64,94,0.91,1
2026-09-27T02:18:41,65,97,0.95,1
2026-09-27T02:18:42,61,97,0.94,1
2026-09-27T02:18:43,65,94,0.90,1
2026-09-27T02:18:44,60,95,0.94,1
2026-09-27T02:18:45,61,94,0.92,1
2026-09-27T02:18:46,61,96,0.89,1
2026-09-27T02:18:47,62,94,0.94,1
2026-09-27T02:18:48,64,96,0.85,1
2026-09-27T02:18:49,61,96,0.87,1
2026-09-27T02:18:50,62,97,0.90,1
2026-09-27T02:18:51,63,96,0.91,1
2026-09-27T02:18:52,63,95,0.95,1
2026-09-27T02:18:53,60,94,0.91,1
2026-09-27T02:18:54,60,96,0.90,1
2026-09-27T02:18:55,64,95,0.87,1
2026-09-27T02:18:56,60,94,0.93,1
2026-09-27T02:18:57,60,94,0.92,1
2026-09-27T02:18:58,65,95,0.86,1
2026-09-27T02:18:59,65,97,0.88,1
2026-09-27T02:19:00,60,96,0.89,1
2026-09-27T02:19:01,62,95,0.91,1
2026-09-27T02:19:02,62,96,0.87,1
2026-09-27T02:19:03,64,95,0.94,1
2026-09-27T02:19:04,62,97,0.94,1
2026-09-27T02:19:05,61,96,0.90,1
2026-09-27T02:19:06,65,96,0.92,1
2026-09-27T02:19:07,62,94,0.94,1
2026-09-27T02:19:08,62,97,0.89,1
2026-09-27T02:19:09,65,97,0.86,1
2026-09-27T02:19:10,62,95,0.91,1
2026-09-27T02:19:11,62,96,0.92,1
2026-09-27T02:19:12,62,96,0.93,1
2026-09-27T02:19:13,66,95,0.93,1
2026-09-27T02:19:14,60,95,0.86,1
2026-09-27T02:19:15,60,95,0.90,1
2026-09-27T02:19:16,66,97,0.92,1
2026-09-27T02:19:17,63,97,0.91,1
2026-09-27T02:19:18,64,95,0.92,1
2026-09-27T02:19:19,64,96,0.87,1
2026-09-27T02:19:20,66,94,0.86,1
2026-09-27T02:19:21,66,96,0.94,1
2026-09-27T02:19:22,60,95,0.90,1
2026-09-27T02:19:23,61,95,0.94,1
2026-09-27T02:19:24,61,94,0.93,1
2026-09-27T02:19:25,66,95,0.86,1
2026-09-27T02:19:26,66,97,0.92,1
2026-09-27T02:19:27,63,94,0.91,1
2026-09-27T02:19:28,62,95,0.93,1
2026-09-27T02:19:29,63,95,0.88,1
2026-09-27T02:19:30,63,97,0.91,1
2026-09-27T02:19:31,64,97,0.87,1
2026-09-27T02:19:32,61,94,0.90,1
2026-09-27T02:19:33,62,97,0.86,1
2026-09-27T02:19:34,66,94,0.87,1
2026-09-27T02:19:35,64,94,0.89,1
2026-09-27T02:19:36,62,95,0.89,1
2026-09-27T02:19:37,62,94,0.86,1
2026-09-27T02:19:38,61,97,0.92,1
2026-09-27T02:19:39,61,97,0.88,1
2026-09-27T02:19:40,61,96,0.93,1
2026-09-27T02:19:41,66,95,0.89,1
2026-09-27T02:19:42,63,94,0.94,1
2026-09-27T02:19:43,60,95,0.87,1
2026-09-27T02:19:44,60,95,0.93,1
2026-09-27T02:19:45,62,97,0.89,1
2026-09-27T02:19:46,62,94,0.92,1
2026-09-27T02:19:47,65,94,0.89,1
2026-09-27T02:19:48,64,96,0.88,1
2026-09-27T02:19:49,66,95,0.92,1
2026-09-27T02:19:50,60,96,0.93,1
2026-09-27T02:19:51,63,97,0.91,1
2026-09-27T02:19:52,64,97,0.91,1
2026-09-27T02:19:53,64,97,0.93,1
2026-09-27T02:19:54,64,94,0.87,1
2026-09-27T02:19:55,66,97,0.85,1
2026-09-27T02:19:56,64,97,0.87,1
2026-09-27T02:19:57,60,94,0.91,1
2026-09-27T02:19:58,65,97,0.91,1
2026-09-27T02:19:59,60,97,0.92,1
2026-09-27T02:20:00,60,94,0.86,1
2026-09-27T02:20:01,65,96,0.85,1
2026-09-27T02:20:02,61,97,0.90,1
2026-09-27T02:20:03,66,95,0.90,1
2026-09-27T02:20:04,60,96,0.85,1
2026-09-27T02:20:05,65,97,0.91,1
2026-09-27T02:20:06,66,96,0.93,1
2026-09-27T02:20:07,61,96,0.89,1
2026-09-27T02:20:08,63,96,0.92,1
2026-09-27T02:20:09,62,95,0.91,1
2026-09-27T02:20:10,61,96,0.92,1
2026-09-27T02:20:11,62,96,0.89,1
2026-09-27T02:20:12,63,96,0.86,1
2026-09-27T02:20:13,60,96,0.87,1
2026-09-27T02:20:14,63,95,0.93,1
2026-09-27T02:20:15,63,94,0.86,1
2026-09-27T02:20:16,64,95,0.88,1
2026-09-27T02:20:17,60,94,0.92,1
2026-09-27T02:20:18,65,95,0.93,1
2026-09-27T02:20:19,60,94,0.91,1
2026-09-27T02:20:20,62,97,0.89,1
2026-09-27T02:20:21,60,95,0.94,1
2026-09-27T02:20:22,61,95,0.86,1
2026-09-27T02:20:23,62,96,0.85,1
2026-09-27T02:20:24,65,96,0.87,1
2026-09-27T02:20:25,61,94,0.93,1
2026-09-27T02:20:26,63,95,0.89,1
2026-09-27T02:20:27,64,95,0.90,1
2026-09-27T02:20:28,62,96,0.88,1
2026-09-27T02:20:29,61,97,0.94,1
2026-09-27T02:20:30,62,94,0.90,1
2026-09-27T02:20:31,62,95,0.85,1
2026-09-27T02:20:32,60,95,0.94,1
2026-09-27T02:20:33,64,97,0.94,1
2026-09-27T02:20:34,61,96,0.90,1
2026-09-27T02:20:35,64,94,0.93,1
2026-09-27T02:20:36,61,97,0.95,1
2026-09-27T02:20:37,66,96,0.86,1
2026-09-27T02:20:38,60,95,0.90,1
2026-09-27T02:20:39,61,96,0.90,1
2026-09-27T02:20:40,63,95,0.89,1
2026-09-27T02:20:41,61,97,0.88,1
2026-09-27T02:20:42,60,97,0.92,1
2026-09-27T02:20:43,63,96,0.86,1
2026-09-27T02:20:44,62,96,0.93,1
2026-09-27T02:20:45,65,96,0.93,1
2026-09-27T02:20:46,65,95,0.93,1
2026-09-27T02:20:47,62,97,0.89,1
2026-09-27T02:20:48,66,97,0.86,1
2026-09-27T02:20:49,64,96,0.87,1
2026-09-27T02:20:50,66,96,0.92,1
2026-09-27T02:20:51,65,94,0.94,1
2026-09-27T02:20:52,66,95,0.85,1
2026-09-27T02:20:53,61,94,0.89,1
2026-09-27T02:20:54,62,97,0.90,1
2026-09-27T02:20:55,63,96,0.92,1
2026-09-27T02:20:56,60,96,0.88,1
2026-09-27T02:20:57,63,94,0.86,1
2026-09-27T02:20:58,62,94,0.93,1
2026-09-27T02:20:59,62,96,0.89,1
2026-09-27T02:21:00,66,97,0.91,1
2026-09-27T02:21:01,64,97,0.85,1
2026-09-27T02:21:02,65,96,0.92,1
2026-09-27T02:21:03,60,95,0.90,1
2026-09-27T02:21:04,61,94,0.91,1
2026-09-27T02:21:05,66,94,0.89,1
2026-09-27T02:21:06,62,97,0.86,1
2026-09-27T02:21:07,60,94,0.90,1
2026-09-27T02:21:08,64,94,0.91,1
2026-09-27T02:21:09,64,96,0.87,1
2026-09-27T02:21:10,62,96,0.89,1
2026-09-27T02:21:11,61,97,0.93,1
2026-09-27T02:21:12,64,97,0.95,1
2026-09-27T02:21:13,66,96,0.89,1
2026-09-27T02:21:14,66,96,0.89,1
2026-09-27T02:21:15,64,95,0.86,1
2026-09-27T02:21:16,63,97,0.86,1
2026-09-27T02:21:17,62,96,0.87,1
2026-09-27T02:21:18,62,97,0.89,1
2026-09-27T02:21:19,63,97,0.93,1
2026-09-27T02:21:20,61,96,0.88,1
2026-09-27T02:21:21,63,96,0.86,1
2026-09-27T02:21:22,65,97,0.90,1
2026-09-27T02:21:23,61,97,0.90,1
2026-09-27T02:21:24,62,96,0.95,1
2026-09-27T02:21:25,64,95,0.89,1
2026-09-27T02:21:26,64,95,0.86,1
2026-09-27T02:21:27,60,96,0.90,1
2026-09-27T02:21:28,64,95,0.91,1
2026-09-27T02:21:29,65,94,0.94,1
2026-09-27T02:21:30,62,96,0.95,1
2026-09-27T02:21:31,61,95,0.88,1
2026-09-27T02:21:32,61,95,0.86,1
2026-09-27T02:21:33,66,95,0.88,1
2026-09-27T02:21:34,61,95,0.89,1
2026-09-27T02:21:35,61,94,0.94,1
2026-09-27T02:21:36,64,94,0.94,1
2026-09-27T02:21:37,65,96,0.86,1
2026-09-27T02:21:38,62,96,0.87,1
2026-09-27T02:21:39,60,95,0.88,1
2026-09-27T02:21:40,60,96,0.87,1
2026-09-27T02:21:41,63,97,0.86,1
2026-09-27T02:21:42,63,95,0.86,1
2026-09-27T02:21:43,61,95,0.88,1
2026-09-27T02:21:44,62,97,0.94,1
2026-09-27T02:21:45,61,96,0.91,1
2026-09-27T02:21:46,61,95,0.89,1
2026-09-27T02:21:47,62,94,0.86,1
2026-09-27T02:21:48,61,95,0.90,1
2026-09-27T02:21:49,63,95,0.94,1
2026-09-27T02:21:50,60,96,0.90,1
2026-09-27T02:21:51,63,97,0.91,1
2026-09-27T02:21:52,63,96,0.95,1
2026-09-27T02:21:53,62,95,0.85,1
2026-09-27T02:21:54,66,94,0.90,1
2026-09-27T02:21:55,62,95,0.88,1
2026-09-27T02:21:56,63,97,0.95,1
2026-09-27T02:21:57,66,94,0.95,1
2026-09-27T02:21:58,64,94,0.85,1
2026-09-27T02:21:59,64,97,0.88,1
2026-09-27T02:22:00,64,94,0.88,1
2026-09-27T02:22:01,66,96,0.92,1
2026-09-27T02:22:02,62,97,0.92,1
2026-09-27T02:22:03,63,97,0.92,1
2026-09-27T02:22:04,63,96,0.94,1
2026-09-27T02:22:05,65,94,0.86,1
2026-09-27T02:22:06,66,97,0.86,1
2026-09-27T02:22:07,62,95,0.89,1
2026-09-27T02:22:08,60,97,0.89,1
2026-09-27T02:22:09,63,94,0.92,1
2026-09-27T02:22:10,62,94,0.86,1
2026-09-27T02:22:11,65,96,0.91,1
2026-09-27T02:22:12,66,97,0.89,1
2026-09-27T02:22:13,66,96,0.86,1
2026-09-27T02:22:14,66,97,0.89,1
2026-09-27T02:22:15,60,95,0.92,1
2026-09-27T02:22:16,66,97,0.91,1
2026-09-27T02:22:17,60,97,0.95,1
2026-09-27T02:22:18,62,94,0.85,1
2026-09-27T02:22:19,64,96,0.89,1
2026-09-27T02:22:20,65,95,0.93,1
2026-09-27T02:22:21,62,95,0.93,1
2026-09-27T02:22:22,64,96,0.87,1
2026-09-27T02:22:23,62,96,0.93,1
2026-09-27T02:22:24,62,95,0.93,1
2026-09-27T02:22:25,64,95,0.92,1
2026-09-27T02:22:26,66,95,0.91,1
2026-09-27T02:22:27,62,96,0.92,1
2026-09-27T02:22:28,61,97,0.85,1
2026-09-27T02:22:29,63,97,0.87,1
2026-09-27T02:22:30,65,97,0.88,1
2026-09-27T02:22:31,63,94,0.93,1
2026-09-27T02:22:32,62,94,0.86,1
2026-09-27T02:22:33,62,94,0.89,1
2026-09-27T02:22:34,62,96,0.91,1
2026-09-27T02:22:35,60,94,0.92,1
2026-09-27T02:22:36,66,97,0.90,1
2026-09-27T02:22:37,64,95,0.92,1
2026-09-27T02:22:38,63,95,0.93,1
2026-09-27T02:22:39,65,95,0.90,1
2026-09-27T02:22:40,61,94,0.94,1
2026-09-27T02:22:41,62,97,0.92,1
2026-09-27T02:22:42,65,94,0.91,1
2026-09-27T02:22:43,64,96,0.95,1
2026-09-27T02:22:44,61,94,0.86,1
2026-09-27T02:22:45,63,94,0.91,1
2026-09-27T02:22:46,60,94,0.87,1
2026-09-27T02:22:47,62,97,0.88,1
2026-09-27T02:22:48,62,96,0.95,1
2026-09-27T02:22:49,62,97,0.93,1
2026-09-27T02:22:50,65,96,0.95,1
2026-09-27T02:22:51,62,94,0.90,1
2026-09-27T02:22:52,65,97,0.87,1
2026-09-27T02:22:53,66,95,0.85,1
2026-09-27T02:22:54,63,94,0.93,1
2026-09-27T02:22:55,63,97,0.87,1
2026-09-27T02:22:56,66,97,0.92,1
2026-09-27T02:22:57,64,95,0.88,1
2026-09-27T02:22:58,66,97,0.89,1
2026-09-27T02:22:59,66,97,0.86,1
2026-09-27T02:23:00,65,97,0.88,1
2026-09-27T02:23:01,66,97,0.91,1
2026-09-27T02:23:02,63,95,0.94,1
2026-09-27T02:23:03,65,97,0.93,1
2026-09-27T02:23:04,62,95,0.87,1
2026-09-27T02:23:05,65,95,0.90,1
2026-09-27T02:23:06,63,95,0.88,1
2026-09-27T02:23:07,61,96,0.88,1
2026-09-27T02:23:08,63,97,0.87,1
2026-09-27T02:23:09,61,95,0.90,1
2026-09-27T02:23:10,63,97,0.86,1
2026-09-27T02:23:11,60,97,0.88,1
2026-09-27T02:23:12,63,94,0.87,1
2026-09-27T02:23:13,61,97,0.86,1
2026-09-27T02:23:14,62,96,0.95,1
2026-09-27T02:23:15,62,94,0.87,1
2026-09-27T02:23:16,65,94,0.87,1
2026-09-27T02:23:17,60,97,0.91,1
2026-09-27T02:23:18,60,94,0.89,1
2026-09-27T02:23:19,62,95,0.86,1
2026-09-27T02:23:20,60,94,0.88,1
2026-09-27T02:23:21,60,95,0.91,1
2026-09-27T02:23:22,60,97,0.91,1
2026-09-27T02:23:23,66,94,0.86,1
2026-09-27T02:23:24,60,95,0.88,1
2026-09-27T02:23:25,62,96,0.90,1
2026-09-27T02:23:26,64,95,0.93,1
2026-09-27T02:23:27,64,97,0.93,1
2026-09-27T02:23:28,63,95,0.89,1
2026-09-27T02:23:29,61,94,0.87,1
2026-09-27T02:23:30,66,95,0.90,1
2026-09-27T02:23:31,66,94,0.93,1
2026-09-27T02:23:32,61,95,0.89,1
2026-09-27T02:23:33,60,95,0.95,1
2026-09-27T02:23:34,65,96,0.87,1
2026-09-27T02:23:35,60,95,0.89,1
2026-09-27T02:23:36,66,96,0.94,1
2026-09-27T02:23:37,63,94,0.87,1
2026-09-27T02:23:38,60,96,0.94,1
2026-09-27T02:23:39,65,96,0.92,1
2026-09-27T02:23:40,65,95,0.95,1
2026-09-27T02:23:41,61,96,0.88,1
2026-09-27T02:23:42,63,96,0.90,1
2026-09-27T02:23:43,61,95,0.87,1
2026-09-27T02:23:44,63,95,0.92,1
2026-09-27T02:23:45,64,94,0.90,1
2026-09-27T02:23:46,65,97,0.95,1
2026-09-27T02:23:47,60,96,0.86,1
2026-09-27T02:23:48,64,94,0.93,1
2026-09-27T02:23:49,65,95,0.92,1
2026-09-27T02:23:50,61,96,0.88,1
2026-09-27T02:23:51,64,95,0.87,1
2026-09-27T02:23:52,65,94,0.95,1
2026-09-27T02:23:53,62,97,0.86,1
2026-09-27T02:23:54,62,94,0.94,1
2026-09-27T02:23:55,61,97,0.88,1
2026-09-27T02:23:56,63,95,0.92,1
2026-09-27T02:23:57,60,94,0.86,1
2026-09-27T02:23:58,63,96,0.89,1
2026-09-27T02:23:59,66,97,0.94,1
2026-09-27T02:24:00,60,96,0.89,1
2026-09-27T02:24:01,64,97,0.87,1
2026-09-27T02:24:02,61,96,0.94,1
2026-09-27T02:24:03,62,94,0.86,1
2026-09-27T02:24:04,61,96,0.92,1
2026-09-27T02:24:05,65,95,0.87,1
2026-09-27T02:24:06,62,94,0.94,1
2026-09-27T02:24:07,60,96,0.91,1
2026-09-27T02:24:08,64,95,0.90,1
2026-09-27T02:24:09,63,96,0.95,1
2026-09-27T02:24:10,65,95,0.91,1
2026-09-27T02:24:11,60,96,0.89,1
2026-09-27T02:24:12,61,95,0.87,1
2026-09-27T02:24:13,62,96,0.86,1
2026-09-27T02:24:14,61,97,0.95,1
2026-09-27T02:24:15,66,94,0.92,1
2026-09-27T02:24:16,61,96,0.86,1
2026-09-27T02:24:17,64,96,0.90,1
2026-09-27T02:24:18,63,95,0.91,1
2026-09-27T02:24:19,62,94,0.92,1
2026-09-27T02:24:20,64,94,0.90,1
2026-09-27T02:24:21,60,95,0.92,1
2026-09-27T02:24:22,60,94,0.90,1
2026-09-27T02:24:23,61,94,0.87,1
2026-09-27T02:24:24,65,96,0.89,1
2026-09-27T02:24:25,64,96,0.91,1
2026-09-27T02:24:26,60,97,0.91,1
2026-09-27T02:24:27,66,96,0.87,1
2026-09-27T02:24:28,61,95,0.94,1
2026-09-27T02:24:29,65,96,0.86,1
2026-09-27T02:24:30,66,97,0.88,1
2026-09-27T02:24:31,65,97,0.93,1
2026-09-27T02:24:32,61,95,0.85,1
2026-09-27T02:24:33,64,94,0.94,1
2026-09-27T02:24:34,60,95,0.93,1
2026-09-27T02:24:35,66,95,0.89,1
2026-09-27T02:24:36,61,96,0.86,1
2026-09-27T02:24:37,60,95,0.95,1
2026-09-27T02:24:38,60,95,0.89,1
2026-09-27T02:24:39,60,94,0.92,1
2026-09-27T02:24:40,66,94,0.86,1
2026-09-27T02:24:41,66,97,0.94,1
2026-09-27T02:24:42,63,95,0.90,1
2026-09-27T02:24:43,66,94,0.91,1
2026-09-27T02:24:44,63,97,0.91,1
2026-09-27T02:24:45,65,94,0.86,1
2026-09-27T02:24:46,65,94,0.87,1
2026-09-27T02:24:47,66,94,0.93,1
2026-09-27T02:24:48,64,96,0.88,1
2026-09-27T02:24:49,64,97,0.85,1
2026-09-27T02:24:50,62,97,0.93,1
2026-09-27T02:24:51,64,97,0.85,1
2026-09-27T02:24:52,64,95,0.88,1
2026-09-27T02:24:53,60,97,0.85,1
2026-09-27T02:24:54,62,96,0.88,1
2026-09-27T02:24:55,60,96,0.89,1
2026-09-27T02:24:56,64,94,0.88,1
2026-09-27T02:24:57,63,95,0.94,1
2026-09-27T02:24:58,60,96,0.85,1
2026-09-27T02:24:59,62,97,0.86,1
2026-09-27T02:25:00,63,96,0.90,1
2026-09-27T02:25:01,64,96,0.86,1
2026-09-27T02:25:02,62,96,0.93,1
2026-09-27T02:25:03,66,96,0.85,1
2026-09-27T02:25:04,66,94,0.95,1
2026-09-27T02:25:05,60,94,0.91,1
2026-09-27T02:25:06,66,96,0.95,1
2026-09-27T02:25:07,65,95,0.90,1
2026-09-27T02:25:08,65,94,0.88,1
2026-09-27T02:25:09,60,95,0.89,1
2026-09-27T02:25:10,66,95,0.85,1
2026-09-27T02:25:11,60,97,0.87,1
2026-09-27T02:25:12,66,96,0.91,1
2026-09-27T02:25:13,64,94,0.90,1
2026-09-27T02:25:14,63,95,0.86,1
2026-09-27T02:25:15,66,97,0.87,1
2026-09-27T02:25:16,60,94,0.93,1
2026-09-27T02:25:17,62,94,0.88,1
2026-09-27T02:25:18,64,97,0.93,1
2026-09-27T02:25:19,60,97,0.94,1
2026-09-27T02:25:20,60,94,0.92,1
2026-09-27T02:25:21,66,94,0.91,1
2026-09-27T02:25:22,65,96,0.87,1
2026-09-27T02:25:23,60,95,0.93,1
2026-09-27T02:25:24,65,95,0.90,1
2026-09-27T02:25:25,61,95,0.94,1
2026-09-27T02:25:26,63,95,0.95,1
2026-09-27T02:25:27,65,94,0.89,1
2026-09-27T02:25:28,66,94,0.88,1
2026-09-27T02:25:29,63,97,0.85,1
2026-09-27T02:25:30,64,97,0.89,1
2026-09-27T02:25:31,64,94,0.85,1
2026-09-27T02:25:32,61,95,0.89,1
2026-09-27T02:25:33,61,97,0.87,1
2026-09-27T02:25:34,61,94,0.89,1
2026-09-27T02:25:35,62,95,0.90,1
2026-09-27T02:25:36,63,94,0.86,1
2026-09-27T02:25:37,65,95,0.86,1
2026-09-27T02:25:38,66,95,0.88,1
2026-09-27T02:25:39,65,95,0.92,1
2026-09-27T02:25:40,60,94,0.86,1
2026-09-27T02:25:41,65,96,0.87,1
2026-09-27T02:25:42,63,97,0.89,1
2026-09-27T02:25:43,63,97,0.88,1
2026-09-27T02:25:44,61,96,0.88,1
2026-09-27T02:25:45,61,94,0.86,1
2026-09-27T02:25:46,64,97,0.87,1
2026-09-27T02:25:47,65,94,0.86,1
2026-09-27T02:25:48,63,95,0.94,1
2026-09-27T02:25:49,60,97,0.86,1
2026-09-27T02:25:50,64,95,0.89,1
2026-09-27T02:25:51,61,96,0.89,1
2026-09-27T02:25:52,63,94,0.88,1
2026-09-27T02:25:53,63,96,0.92,1
2026-09-27T02:25:54,62,97,0.86,1
2026-09-27T02:25:55,66,96,0.87,1
2026-09-27T02:25:56,60,97,0.92,1
2026-09-27T02:25:57,66,94,0.88,1
2026-09-27T02:25:58,65,94,0.90,1
2026-09-27T02:25:59,66,97,0.88,1
2026-09-27T02:26:00,63,95,0.87,1
2026-09-27T02:26:01,65,95,0.87,1
2026-09-27T02:26:02,60,97,0.94,1
2026-09-27T02:26:03,60,94,0.92,1
2026-09-27T02:26:04,63,95,0.93,1
2026-09-27T02:26:05,66,95,0.88,1
2026-09-27T02:26:06,64,95,0.87,1
2026-09-27T02:26:07,66,95,0.94,1
2026-09-27T02:26:08,63,97,0.90,1
2026-09-27T02:26:09,65,97,0.90,1
2026-09-27T02:26:10,60,96,0.93,1
2026-09-27T02:26:11,64,94,0.88,1
2026-09-27T02:26:12,60,95,0.87,1
2026-09-27T02:26:13,65,96,0.89,1
2026-09-27T02:26:14,64,95,0.90,1
2026-09-27T02:26:15,60,95,0.86,1
2026-09-27T02:26:16,65,95,0.92,1
2026-09-27T02:26:17,65,97,0.85,1
2026-09-27T02:26:18,63,94,0.88,1
2026-09-27T02:26:19,65,94,0.94,1
2026-09-27T02:26:20,65,96,0.93,1
2026-09-27T02:26:21,64,96,0.91,1
2026-09-27T02:26:22,60,95,0.93,1
2026-09-27T02:26:23,62,96,0.94,1
2026-09-27T02:26:24,63,94,0.89,1
2026-09-27T02:26:25,61,97,0.93,1
2026-09-27T02:26:26,64,95,0.95,1
2026-09-27T02:26:27,61,94,0.88,1
2026-09-27T02:26:28,63,95,0.87,1
2026-09-27T02:26:29,65,97,0.89,1
2026-09-27T02:26:30,61,95,0.91,1
2026-09-27T02:26:31,60,97,0.92,1
2026-09-27T02:26:32,61,96,0.95,1
2026-09-27T02:26:33,65,97,0.87,1
2026-09-27T02:26:34,66,94,0.92,1
2026-09-27T02:26:35,62,96,0.90,1
2026-09-27T02:26:36,61,94,0.88,1
2026-09-27T02:26:37,64,95,0.86,1
2026-09-27T02:26:38,60,94,0.92,1
2026-09-27T02:26:39,66,97,0.86,1
2026-09-27T02:26:40,66,96,0.89,1
2026-09-27T02:26:41,65,94,0.85,1
2026-09-27T02:26:42,62,97,0.94,1
2026-09-27T02:26:43,61,96,0.92,1
2026-09-27T02:26:44,62,95,0.88,1
2026-09-27T02:26:45,60,95,0.94,1
2026-09-27T02:26:46,64,94,0.88,1
2026-09-27T02:26:47,66,94,0.91,1
2026-09-27T02:26:48,63,94,0.85,1
2026-09-27T02:26:49,61,94,0.92,1
2026-09-27T02:26:50,61,96,0.88,1
2026-09-27T02:26:51,61,95,0.95,1
2026-09-27T02:26:52,66,94,0.94,1
2026-09-27T02:26:53,65,94,0.89,1
2026-09-27T02:26:54,63,96,0.92,1
2026-09-27T02:26:55,60,96,0.89,1
2026-09-27T02:26:56,66,94,0.94,1
2026-09-27T02:26:57,60,96,0.93,1
2026-09-27T02:26:58,61,94,0.93,1
2026-09-27T02:26:59,64,95,0.89,1
2026-09-27T02:27:00,63,97,0.85,1
2026-09-27T02:27:01,60,95,0.91,1
2026-09-27T02:27:02,64,94,0.88,1
2026-09-27T02:27:03,66,96,0.91,1
2026-09-27T02:27:04,64,96,0.87,1
2026-09-27T02:27:05,63,96,0.92,1
2026-09-27T02:27:06,63,97,0.86,1
2026-09-27T02:27:07,66,96,0.86,1
2026-09-27T02:27:08,62,95,0.95,1
2026-09-27T02:27:09,66,95,0.93,1
2026-09-27T02:27:10,65,95,0.87,1
2026-09-27T02:27:11,62,95,0.92,1
2026-09-27T02:27:12,65,97,0.93,1
2026-09-27T02:27:13,65,96,0.86,1
2026-09-27T02:27:14,61,97,0.86,1
2026-09-27T02:27:15,64,96,0.94,1
2026-09-27T02:27:16,66,94,0.86,1
2026-09-27T02:27:17,61,95,0.91,1
2026-09-27T02:27:18,60,95,0.91,1
2026-09-27T02:27:19,61,95,0.90,1
2026-09-27T02:27:20,62,97,0.85,1
2026-09-27T02:27:21,64,97,0.92,1
2026-09-27T02:27:22,60,96,0.89,1
2026-09-27T02:27:23,65,97,0.88,1
2026-09-27T02:27:24,60,97,0.88,1
2026-09-27T02:27:25,64,97,0.86,1
2026-09-27T02:27:26,63,97,0.88,1
2026-09-27T02:27:27,66,95,0.92,1
2026-09-27T02:27:28,63,94,0.94,1
2026-09-27T02:27:29,61,97,0.88,1
2026-09-27T02:27:30,60,97,0.93,1
2026-09-27T02:27:31,66,96,0.85,1
2026-09-27T02:27:32,65,97,0.86,1
2026-09-27T02:27:33,66,94,0.87,1
2026-09-27T02:27:34,64,97,0.93,1
2026-09-27T02:27:35,66,96,0.87,1
2026-09-27T02:27:36,60,94,0.86,1
2026-09-27T02:27:37,60,94,0.86,1
2026-09-27T02:27:38,61,97,0.92,1
2026-09-27T02:27:39,60,97,0.94,1
2026-09-27T02:27:40,61,94,0.86,1
2026-09-27T02:27:41,61,96,0.94,1
2026-09-27T02:27:42,60,96,0.93,1
2026-09-27T02:27:43,61,94,0.88,1
2026-09-27T02:27:44,61,95,0.92,1
2026-09-27T02:27:45,62,94,0.93,1
2026-09-27T02:27:46,66,94,0.93,1
2026-09-27T02:27:47,63,94,0.87,1
2026-09-27T02:27:48,61,97,0.91,1
2026-09-27T02:27:49,61,94,0.88,1
2026-09-27T02:27:50,60,97,0.87,1
2026-09-27T02:27:51,65,94,0.95,1
2026-09-27T02:27:52,64,94,0.92,1
2026-09-27T02:27:53,66,97,0.93,1
2026-09-27T02:27:54,66,94,0.95,1
2026-09-27T02:27:55,60,97,0.90,1
2026-09-27T02:27:56,66,94,0.89,1
2026-09-27T02:27:57,62,95,0.87,1
2026-09-27T02:27:58,65,94,0.91,1
2026-09-27T02:27:59,61,95,0.88,1
2026-09-27T02:28:00,61,95,0.94,1
2026-09-27T02:28:01,66,95,0.89,1
2026-09-27T02:28:02,61,97,0.92,1
2026-09-27T02:28:03,63,94,0.93,1
2026-09-27T02:28:04,62,94,0.90,1
2026-09-27T02:28:05,62,96,0.93,1
2026-09-27T02:28:06,65,94,0.87,1
2026-09-27T02:28:07,61,96,0.85,1
2026-09-27T02:28:08,66,96,0.91,1
2026-09-27T02:28:09,66,94,0.85,1
2026-09-27T02:28:10,65,96,0.86,1
2026-09-27T02:28:11,61,96,0.93,1
2026-09-27T02:28:12,64,95,0.85,1
2026-09-27T02:28:13,66,95,0.89,1
2026-09-27T02:28:14,61,96,0.92,1
2026-09-27T02:28:15,61,96,0.87,1
2026-09-27T02:28:16,66,94,0.87,1
2026-09-27T02:28:17,64,94,0.90,1
2026-09-27T02:28:18,65,95,0.86,1
2026-09-27T02:28:19,64,95,0.94,1
2026-09-27T02:28:20,66,95,0.87,1
2026-09-27T02:28:21,66,94,0.86,1
2026-09-27T02:28:22,62,96,0.86,1
2026-09-27T02:28:23,65,94,0.86,1
2026-09-27T02:28:24,62,97,0.87,1
2026-09-27T02:28:25,66,95,0.88,1
2026-09-27T02:28:26,62,96,0.87,1
2026-09-27T02:28:27,64,95,0.94,1
2026-09-27T02:28:28,64,95,0.88,1
2026-09-27T02:28:29,66,96,0.94,1
2026-09-27T02:28:30,65,97,0.86,1
2026-09-27T02:28:31,60,96,0.88,1
2026-09-27T02:28:32,63,97,0.87,1
2026-09-27T02:28:33,66,97,0.93,1
2026-09-27T02:28:34,66,94,0.86,1
2026-09-27T02:28:35,66,97,0.92,1
2026-09-27T02:28:36,62,94,0.89,1
2026-09-27T02:28:37,64,97,0.95,1
2026-09-27T02:28:38,62,95,0.92,1
2026-09-27T02:28:39,64,97,0.92,1
2026-09-27T02:28:40,66,96,0.93,1
2026-09-27T02:28:41,60,97,0.85,1
2026-09-27T02:28:42,65,96,0.89,1
2026-09-27T02:28:43,61,96,0.94,1
2026-09-27T02:28:44,64,94,0.91,1
2026-09-27T02:28:45,62,96,0.93,1
2026-09-27T02:28:46,60,95,0.91,1
2026-09-27T02:28:47,63,94,0.95,1
2026-09-27T02:28:48,65,96,0.93,1
2026-09-27T02:28:49,61,95,0.85,1
2026-09-27T02:28:50,62,94,0.93,1
2026-09-27T02:28:51,64,95,0.95,1
2026-09-27T02:28:52,64,94,0.86,1
2026-09-27T02:28:53,64,95,0.91,1
2026-09-27T02:28:54,62,97,0.91,1
2026-09-27T02:28:55,63,94,0.95,1
2026-09-27T02:28:56,62,97,0.91,1
2026-09-27T02:28:57,66,95,0.95,1
2026-09-27T02:28:58,65,96,0.87,1
2026-09-27T02:28:59,62,95,0.91,1
2026-09-27T02:29:00,66,96,0.85,1
2026-09-27T02:29:01,63,96,0.88,1
2026-09-27T02:29:02,60,97,0.86,1
2026-09-27T02:29:03,66,96,0.88,1
2026-09-27T02:29:04,61,96,0.86,1
2026-09-27T02:29:05,63,96,0.89,1
2026-09-27T02:29:06,64,94,0.86,1
2026-09-27T02:29:07,66,95,0.85,1
2026-09-27T02:29:08,64,97,0.95,1
2026-09-27T02:29:09,61,96,0.86,1
2026-09-27T02:29:10,61,97,0.92,1
2026-09-27T02:29:11,62,95,0.95,1
2026-09-27T02:29:12,60,94,0.87,1
2026-09-27T02:29:13,63,97,0.86,1
2026-09-27T02:29:14,63,95,0.90,1
2026-09-27T02:29:15,65,95,0.93,1
2026-09-27T02:29:16,65,95,0.95,1
2026-09-27T02:29:17,60,94,0.89,1
2026-09-27T02:29:18,61,96,0.94,1
2026-09-27T02:29:19,60,95,0.87,1
2026-09-27T02:29:20,61,94,0.86,1
2026-09-27T02:29:21,62,95,0.87,1
2026-09-27T02:29:22,64,95,0.93,1
2026-09-27T02:29:23,61,97,0.88,1
2026-09-27T02:29:24,64,94,0.85,1
2026-09-27T02:29:25,64,94,0.94,1
2026-09-27T02:29:26,62,94,0.90,1
2026-09-27T02:29:27,62,95,0.88,1
2026-09-27T02:29:28,65,96,0.90,1
2026-09-27T02:29:29,66,95,0.93,1
2026-09-27T02:29:30,65,94,0.87,1
2026-09-27T02:29:31,64,96,0.90,1
2026-09-27T02:29:32,62,96,0.91,1
2026-09-27T02:29:33,63,95,0.88,1
2026-09-27T02:29:34,66,95,0.89,1
2026-09-27T02:29:35,64,97,0.95,1
2026-09-27T02:29:36,65,95,0.89,1
2026-09-27T02:29:37,61,95,0.94,1
2026-09-27T02:29:38,61,97,0.88,1
2026-09-27T02:29:39,62,95,0.93,1
2026-09-27T02:29:40,66,95,0.94,1
2026-09-27T02:29:41,60,97,0.87,1
2026-09-27T02:29:42,60,97,0.90,1
2026-09-27T02:29:43,61,97,0.86,1
2026-09-27T02:29:44,66,94,0.92,1
2026-09-27T02:29:45,60,96,0.93,1
2026-09-27T02:29:46,62,96,0.91,1
2026-09-27T02:29:47,65,96,0.88,1
2026-09-27T02:29:48,61,97,0.94,1
2026-09-27T02:29:49,61,94,0.86,1
2026-09-27T02:29:50,63,97,0.87,1
2026-09-27T02:29:51,60,94,0.93,1
2026-09-27T02:29:52,60,97,0.91,1
2026-09-27T02:29:53,66,96,0.92,1
2026-09-27T02:29:54,66,97,0.90,1
2026-09-27T02:29:55,65,96,0.91,1
2026-09-27T02:29:56,62,95,0.91,1
2026-09-27T02:29:57,65,95,0.89,1
2026-09-27T02:29:58,61,96,0.89,1
2026-09-27T02:29:59,63,96,0.93,1
2026-09-27T02:30:00,62,96,0.94,1
2026-09-27T02:30:01,66,97,0.89,1
2026-09-27T02:30:02,61,95,0.87,1
2026-09-27T02:30:03,61,96,0.94,1
2026-09-27T02:30:04,65,94,0.91,1
2026-09-27T02:30:05,66,94,0.87,1
2026-09-27T02:30:06,62,94,0.93,1
2026-09-27T02:30:07,63,96,0.93,1
2026-09-27T02:30:08,60,97,0.92,1
2026-09-27T02:30:09,64,96,0.88,1
2026-09-27T02:30:10,65,95,0.87,1
2026-09-27T02:30:11,65,97,0.92,1
2026-09-27T02:30:12,62,97,0.87,1
2026-09-27T02:30:13,65,94,0.92,1
2026-09-27T02:30:14,64,96,0.86,1
2026-09-27T02:30:15,63,97,0.87,1
2026-09-27T02:30:16,66,96,0.95,1
2026-09-27T02:30:17,62,97,0.92,1
2026-09-27T02:30:18,60,96,0.85,1
2026-09-27T02:30:19,60,94,0.88,1
2026-09-27T02:30:20,61,96,0.85,1
2026-09-27T02:30:21,63,96,0.92,1
2026-09-27T02:30:22,62,95,0.94,1
2026-09-27T02:30:23,62,96,0.86,1
2026-09-27T02:30:24,65,97,0.92,1
2026-09-27T02:30:25,63,95,0.93,1
2026-09-27T02:30:26,64,94,0.90,1
2026-09-27T02:30:27,62,95,0.95,1
2026-09-27T02:30:28,66,96,0.85,1
2026-09-27T02:30:29,63,94,0.86,1
2026-09-27T02:30:30,65,94,0.93,1
2026-09-27T02:30:31,62,95,0.87,1
2026-09-27T02:30:32,65,96,0.86,1
2026-09-27T02:30:33,66,96,0.88,1
2026-09-27T02:30:34,65,96,0.94,1
2026-09-27T02:30:35,61,94,0.88,1
2026-09-27T02:30:36,61,94,0.88,1
2026-09-27T02:30:37,60,94,0.91,1
2026-09-27T02:30:38,62,95,0.89,1
2026-09-27T02:30:39,63,94,0.93,1
2026-09-27T02:30:40,64,96,0.89,1
2026-09-27T02:30:41,66,96,0.93,1
2026-09-27T02:30:42,62,94,0.94,1
2026-09-27T02:30:43,63,95,0.92,1
2026-09-27T02:30:44,61,95,0.89,1
2026-09-27T02:30:45,60,95,0.88,1
2026-09-27T02:30:46,62,96,0.91,1
2026-09-27T02:30:47,64,94,0.91,1
2026-09-27T02:30:48,60,95,0.88,1
2026-09-27T02:30:49,66,95,0.88,1
2026-09-27T02:30:50,64,94,0.86,1
2026-09-27T02:30:51,60,94,0.89,1
2026-09-27T02:30:52,60,95,0.92,1
2026-09-27T02:30:53,60,95,0.88,1
2026-09-27T02:30:54,60,95,0.89,1
2026-09-27T02:30:55,60,94,0.86,1
2026-09-27T02:30:56,63,97,0.88,1
2026-09-27T02:30:57,62,95,0.86,1
2026-09-27T02:30:58,62,94,0.91,1
2026-09-27T02:30:59,64,94,0.90,1
2026-09-27T02:31:00,64,94,0.94,1
2026-09-27T02:31:01,61,96,0.94,1
2026-09-27T02:31:02,61,97,0.88,1
2026-09-27T02:31:03,60,94,0.95,1
2026-09-27T02:31:04,60,96,0.88,1
2026-09-27T02:31:05,61,95,0.86,1
2026-09-27T02:31:06,61,95,0.87,1
2026-09-27T02:31:07,62,96,0.92,1
2026-09-27T02:31:08,66,97,0.94,1
2026-09-27T02:31:09,65,94,0.92,1
2026-09-27T02:31:10,63,94,0.89,1
2026-09-27T02:31:11,62,96,0.86,1
2026-09-27T02:31:12,64,96,0.88,1
2026-09-27T02:31:13,63,94,0.88,1
2026-09-27T02:31:14,60,95,0.90,1
2026-09-27T02:31:15,60,95,0.87,1
2026-09-27T02:31:16,65,96,0.93,1
2026-09-27T02:31:17,64,94,0.90,1
2026-09-27T02:31:18,62,97,0.85,1
2026-09-27T02:31:19,62,97,0.91,1
2026-09-27T02:31:20,66,96,0.92,1
2026-09-27T02:31:21,63,96,0.87,1
2026-09-27T02:31:22,61,94,0.85,1
2026-09-27T02:31:23,61,97,0.90,1
2026-09-27T02:31:24,65,97,0.89,1
2026-09-27T02:31:25,61,96,0.85,1
2026-09-27T02:31:26,61,95,0.94,1
2026-09-27T02:31:27,62,94,0.86,1
2026-09-27T02:31:28,66,94,0.94,1
2026-09-27T02:31:29,62,94,0.89,1
2026-09-27T02:31:30,62,97,0.93,1
2026-09-27T02:31:31,63,97,0.92,1
2026-09-27T02:31:32,63,96,0.85,1
2026-09-27T02:31:33,60,97,0.91,1
2026-09-27T02:31:34,66,94,0.91,1
2026-09-27T02:31:35,64,94,0.89,1
2026-09-27T02:31:36,64,96,0.90,1
2026-09-27T02:31:37,61,94,0.94,1
2026-09-27T02:31:38,66,97,0.93,1
2026-09-27T02:31:39,60,97,0.85,1
2026-09-27T02:31:40,60,95,0.91,1
2026-09-27T02:31:41,62,95,0.92,1
2026-09-27T02:31:42,64,97,0.93,1
2026-09-27T02:31:43,66,94,0.94,1
2026-09-27T02:31:44,65,96,0.92,1
2026-09-27T02:31:45,61,94,0.92,1
2026-09-27T02:31:46,60,96,0.92,1
2026-09-27T02:31:47,60,95,0.92,1
2026-09-27T02:31:48,62,97,0.94,1
2026-09-27T02:31:49,60,96,0.90,1
2026-09-27T02:31:50,60,97,0.89,1
2026-09-27T02:31:51,61,96,0.93,1
2026-09-27T02:31:52,64,97,0.92,1
2026-09-27T02:31:53,63,97,0.92,1
2026-09-27T02:31:54,61,95,0.92,1
2026-09-27T02:31:55,61,94,0.90,1
2026-09-27T02:31:56,65,94,0.88,1
2026-09-27T02:31:57,62,94,0.90,1
2026-09-27T02:31:58,61,96,0.88,1
2026-09-27T02:31:59,61,94,0.89,1
2026-09-27T02:32:00,64,96,0.87,1
2026-09-27T02:32:01,61,96,0.85,1
2026-09-27T02:32:02,61,96,0.94,1
2026-09-27T02:32:03,62,95,0.90,1
2026-09-27T02:32:04,65,97,0.89,1
2026-09-27T02:32:05,63,97,0.85,1
2026-09-27T02:32:06,66,94,0.94,1
2026-09-27T02:32:07,61,96,0.89,1
2026-09-27T02:32:08,61,95,0.91,1
2026-09-27T02:32:09,63,94,0.87,1
2026-09-27T02:32:10,61,95,0.90,1
2026-09-27T02:32:11,64,94,0.87,1
2026-09-27T02:32:12,64,95,0.87,1
2026-09-27T02:32:13,61,95,0.87,1
2026-09-27T02:32:14,63,97,0.85,1
2026-09-27T02:32:15,64,94,0.88,1
2026-09-27T02:32:16,62,95,0.91,1
2026-09-27T02:32:17,60,95,0.93,1
2026-09-27T02:32:18,64,97,0.92,1
2026-09-27T02:32:19,61,95,0.88,1
2026-09-27T02:32:20,63,97,0.89,1
2026-09-27T02:32:21,65,95,0.86,1
2026-09-27T02:32:22,60,94,0.90,1
2026-09-27T02:32:23,62,97,0.86,1
2026-09-27T02:32:24,62,95,0.94,1
2026-09-27T02:32:25,60,94,0.93,1
2026-09-27T02:32:26,64,97,0.93,1
2026-09-27T02:32:27,63,94,0.87,1
2026-09-27T02:32:28,66,95,0.88,1
2026-09-27T02:32:29,64,94,0.88,1
2026-09-27T02:32:30,64,97,0.91,1
2026-09-27T02:32:31,62,97,0.95,1
2026-09-27T02:32:32,62,95,0.90,1
2026-09-27T02:32:33,60,94,0.89,1
2026-09-27T02:32:34,63,94,0.89,1
2026-09-27T02:32:35,62,96,0.94,1
2026-09-27T02:32:36,64,94,0.86,1
2026-09-27T02:32:37,64,95,0.88,1
2026-09-27T02:32:38,64,95,0.88,1
2026-09-27T02:32:39,65,97,0.86,1
2026-09-27T02:32:40,61,96,0.91,1
2026-09-27T02:32:41,62,94,0.86,1
2026-09-27T02:32:42,62,97,0.87,1
2026-09-27T02:32:43,61,96,0.92,1
2026-09-27T02:32:44,65,97,0.89,1
2026-09-27T02:32:45,60,94,0.91,1
2026-09-27T02:32:46,62,95,0.87,1
2026-09-27T02:32:47,62,95,0.88,1
2026-09-27T02:32:48,64,95,0.94,1
2026-09-27T02:32:49,60,95,0.88,1
2026-09-27T02:32:50,62,96,0.87,1
2026-09-27T02:32:51,63,95,0.86,1
2026-09-27T02:32:52,63,95,0.93,1
2026-09-27T02:32:53,66,95,0.92,1
2026-09-27T02:32:54,66,96,0.92,1
2026-09-27T02:32:55,62,97,0.91,1
2026-09-27T02:32:56,65,96,0.94,1
2026-09-27T02:32:57,65,96,0.86,1
2026-09-27T02:32:58,63,96,0.94,1
2026-09-27T02:32:59,62,97,0.86,1
2026-09-27T02:33:00,65,97,0.95,1
2026-09-27T02:33:01,61,96,0.93,1
2026-09-27T02:33:02,63,94,0.90,1
2026-09-27T02:33:03,63,95,0.88,1
2026-09-27T02:33:04,63,97,0.86,1
2026-09-27T02:33:05,66,97,0.86,1
2026-09-27T02:33:06,64,94,0.95,1
2026-09-27T02:33:07,64,94,0.89,1
2026-09-27T02:33:08,64,94,0.94,1
2026-09-27T02:33:09,63,94,0.95,1
2026-09-27T02:33:10,66,94,0.93,1
2026-09-27T02:33:11,66,97,0.92,1
2026-09-27T02:33:12,64,95,0.90,1
2026-09-27T02:33:13,62,95,0.89,1
2026-09-27T02:33:14,62,94,0.89,1
2026-09-27T02:33:15,61,95,0.91,1
2026-09-27T02:33:16,60,96,0.89,1
2026-09-27T02:33:17,60,95,0.93,1
2026-09-27T02:33:18,60,96,0.87,1
2026-09-27T02:33:19,61,96,0.88,1
2026-09-27T02:33:20,60,97,0.88,1
2026-09-27T02:33:21,62,97,0.95,1
2026-09-27T02:33:22,62,94,0.91,1
2026-09-27T02:33:23,63,94,0.93,1
2026-09-27T02:33:24,66,94,0.90,1
2026-09-27T02:33:25,63,97,0.92,1
2026-09-27T02:33:26,63,94,0.90,1
2026-09-27T02:33:27,63,97,0.93,1
2026-09-27T02:33:28,60,96,0.90,1
2026-09-27T02:33:29,63,97,0.88,1
2026-09-27T02:33:30,64,95,0.94,1
2026-09-27T02:33:31,65,94,0.90,1
2026-09-27T02:33:32,60,95,0.91,1
2026-09-27T02:33:33,64,97,0.92,1
2026-09-27T02:33:34,61,96,0.86,1
2026-09-27T02:33:35,60,94,0.91,1
2026-09-27T02:33:36,65,95,0.88,1
2026-09-27T02:33:37,66,97,0.85,1
2026-09-27T02:33:38,66,95,0.88,1
2026-09-27T02:33:39,60,97,0.91,1
2026-09-27T02:33:40,61,94,0.93,1
2026-09-27T02:33:41,66,97,0.89,1
2026-09-27T02:33:42,63,96,0.94,1
2026-09-27T02:33:43,61,97,0.89,1
2026-09-27T02:33:44,61,94,0.95,1
2026-09-27T02:33:45,63,96,0.95,1
2026-09-27T02:33:46,66,97,0.87,1
2026-09-27T02:33:47,62,97,0.88,1
2026-09-27T02:33:48,65,95,0.93,1
2026-09-27T02:33:49,64,97,0.88,1
2026-09-27T02:33:50,63,94,0.87,1
2026-09-27T02:33:51,60,96,0.93,1
2026-09-27T02:33:52,63,97,0.89,1
2026-09-27T02:33:53,63,97,0.87,1
2026-09-27T02:33:54,60,95,0.89,1
2026-09-27T02:33:55,61,94,0.90,1
2026-09-27T02:33:56,60,95,0.86,1
2026-09-27T02:33:57,66,97,0.89,1
2026-09-27T02:33:58,63,96,0.93,1
2026-09-27T02:33:59,65,97,0.90,1
2026-09-27T02:34:00,60,94,0.90,1
2026-09-27T02:34:01,62,96,0.91,1
2026-09-27T02:34:02,62,95,0.90,1
2026-09-27T02:34:03,65,96,0.87,1
2026-09-27T02:34:04,62,94,0.90,1
2026-09-27T02:34:05,61,97,0.88,1
2026-09-27T02:34:06,60,94,0.85,1
2026-09-27T02:34:07,64,94,0.85,1
2026-09-27T02:34:08,60,95,0.95,1
2026-09-27T02:34:09,62,96,0.88,1
2026-09-27T02:34:10,66,95,0.89,1
2026-09-27T02:34:11,61,97,0.91,1
2026-09-27T02:34:12,66,95,0.88,1
2026-09-27T02:34:13,65,96,0.86,1
2026-09-27T02:34:14,65,95,0.87,1
2026-09-27T02:34:15,66,94,0.91,1
2026-09-27T02:34:16,61,97,0.91,1
2026-09-27T02:34:17,60,96,0.86,1
2026-09-27T02:34:18,62,95,0.91,1
2026-09-27T02:34:19,61,94,0.93,1
2026-09-27T02:34:20,65,97,0.91,1
2026-09-27T02:34:21,61,96,0.87,1
2026-09-27T02:34:22,61,95,0.87,1
2026-09-27T02:34:23,62,97,0.87,1
2026-09-27T02:34:24,64,96,0.87,1
2026-09-27T02:34:25,63,95,0.86,1
2026-09-27T02:34:26,60,94,0.86,1
2026-09-27T02:34:27,62,96,0.94,1
2026-09-27T02:34:28,65,96,0.91,1
2026-09-27T02:34:29,62,96,0.94,1
2026-09-27T02:34:30,64,97,0.92,1
2026-09-27T02:34:31,61,94,0.90,1
2026-09-27T02:34:32,60,97,0.90,1
2026-09-27T02:34:33,66,96,0.90,1
2026-09-27T02:34:34,61,96,0.94,1
2026-09-27T02:34:35,65,95,0.91,1
2026-09-27T02:34:36,61,95,0.93,1
2026-09-27T02:34:37,62,94,0.89,1
2026-09-27T02:34:38,64,95,0.90,1
2026-09-27T02:34:39,60,97,0.86,1
2026-09-27T02:34:40,62,95,0.93,1
2026-09-27T02:34:41,60,97,0.93,1
2026-09-27T02:34:42,61,97,0.92,1
2026-09-27T02:34:43,64,95,0.95,1
2026-09-27T02:34:44,66,96,0.90,1
2026-09-27T02:34:45,65,94,0.89,1
2026-09-27T02:34:46,63,94,0.89,1
2026-09-27T02:34:47,65,97,0.88,1
2026-09-27T02:34:48,61,95,0.94,1
2026-09-27T02:34:49,64,97,0.93,1
2026-09-27T02:34:50,66,94,0.88,1
2026-09-27T02:34:51,65,96,0.93,1
2026-09-27T02:34:52,60,97,0.90,1
2026-09-27T02:34:53,63,95,0.89,1
2026-09-27T02:34:54,61,96,0.87,1
2026-09-27T02:34:55,64,97,0.92,1
2026-09-27T02:34:56,61,94,0.87,1
2026-09-27T02:34:57,65,97,0.87,1
2026-09-27T02:34:58,65,95,0.93,1
2026-09-27T02:34:59,61,95,0.88,1
2026-09-27T02:35:00,61,97,0.94,1
2026-09-27T02:35:01,61,97,0.86,1
2026-09-27T02:35:02,64,96,0.90,1
2026-09-27T02:35:03,65,96,0.88,1
2026-09-27T02:35:04,62,97,0.88,1
2026-09-27T02:35:05,62,97,0.89,1
2026-09-27T02:35:06,62,94,0.93,1
2026-09-27T02:35:07,64,96,0.91,1
2026-09-27T02:35:08,61,95,0.86,1
2026-09-27T02:35:09,64,95,0.93,1
2026-09-27T02:35:10,63,94,0.93,1
2026-09-27T02:35:11,60,97,0.94,1
2026-09-27T02:35:12,63,96,0.94,1
2026-09-27T02:35:13,65,94,0.87,1
2026-09-27T02:35:14,63,95,0.92,1
2026-09-27T02:35:15,64,96,0.89,1
2026-09-27T02:35:16,62,97,0.87,1
2026-09-27T02:35:17,60,97,0.92,1
2026-09-27T02:35:18,63,97,0.89,1
2026-09-27T02:35:19,65,95,0.92,1
2026-09-27T02:35:20,62,94,0.91,1
2026-09-27T02:35:21,60,97,0.89,1
2026-09-27T02:35:22,60,95,0.90,1
2026-09-27T02:35:23,63,96,0.94,1
2026-09-27T02:35:24,65,95,0.91,1
2026-09-27T02:35:25,63,97,0.89,1
2026-09-27T02:35:26,63,95,0.85,1
2026-09-27T02:35:27,64,95,0.91,1
2026-09-27T02:35:28,63,97,0.90,1
2026-09-27T02:35:29,61,94,0.90,1
2026-09-27T02:35:30,65,94,0.88,1
2026-09-27T02:35:31,65,96,0.90,1
2026-09-27T02:35:32,61,97,0.89,1
2026-09-27T02:35:33,63,96,0.88,1
2026-09-27T02:35:34,63,95,0.93,1
2026-09-27T02:35:35,64,97,0.85,1
2026-09-27T02:35:36,61,97,0.92,1
2026-09-27T02:35:37,64,96,0.91,1
2026-09-27T02:35:38,61,97,0.91,1
2026-09-27T02:35:39,61,94,0.94,1
2026-09-27T02:35:40,64,96,0.89,1
2026-09-27T02:35:41,61,96,0.89,1
2026-09-27T02:35:42,62,96,0.90,1
2026-09-27T02:35:43,62,96,0.90,1
2026-09-27T02:35:44,65,97,0.95,1
2026-09-27T02:35:45,66,97,0.90,1
2026-09-27T02:35:46,62,97,0.91,1
2026-09-27T02:35:47,64,94,0.95,1
2026-09-27T02:35:48,63,94,0.88,1
2026-09-27T02:35:49,64,94,0.92,1
2026-09-27T02:35:50,60,97,0.91,1
2026-09-27T02:35:51,64,95,0.94,1
2026-09-27T02:35:52,66,96,0.89,1
2026-09-27T02:35:53,63,96,0.93,1
2026-09-27T02:35:54,65,96,0.93,1
2026-09-27T02:35:55,63,97,0.91,1
2026-09-27T02:35:56,61,95,0.92,1
2026-09-27T02:35:57,64,97,0.86,1
2026-09-27T02:35:58,64,95,0.87,1
2026-09-27T02:35:59,60,96,0.93,1
2026-09-27T02:36:00,66,96,0.85,1
2026-09-27T02:36:01,66,97,0.94,1
2026-09-27T02:36:02,65,95,0.85,1
2026-09-27T02:36:03,60,94,0.94,1
2026-09-27T02:36:04,61,96,0.89,1
2026-09-27T02:36:05,65,97,0.87,1
2026-09-27T02:36:06,63,95,0.95,1
2026-09-27T02:36:07,63,94,0.86,1
2026-09-27T02:36:08,64,97,0.94,1
2026-09-27T02:36:09,63,96,0.88,1
2026-09-27T02:36:10,62,97,0.91,1
2026-09-27T02:36:11,64,94,0.89,1
2026-09-27T02:36:12,64,94,0.94,1
2026-09-27T02:36:13,61,95,0.91,1
2026-09-27T02:36:14,60,96,0.87,1
2026-09-27T02:36:15,63,97,0.91,1
2026-09-27T02:36:16,61,94,0.92,1
2026-09-27T02:36:17,64,94,0.88,1
2026-09-27T02:36:18,61,96,0.85,1
2026-09-27T02:36:19,63,97,0.93,1
2026-09-27T02:36:20,61,96,0.92,1
2026-09-27T02:36:21,62,95,0.89,1
2026-09-27T02:36:22,65,95,0.92,1
2026-09-27T02:36:23,64,96,0.95,1
2026-09-27T02:36:24,60,97,0.92,1
2026-09-27T02:36:25,63,94,0.89,1
2026-09-27T02:36:26,60,97,0.93,1
2026-09-27T02:36:27,62,94,0.92,1
2026-09-27T02:36:28,62,96,0.93,1
2026-09-27T02:36:29,65,96,0.92,1
2026-09-27T02:36:30,62,94,0.92,1
2026-09-27T02:36:31,60,94,0.92,1
2026-09-27T02:36:32,63,97,0.91,1
2026-09-27T02:36:33,63,94,0.95,1
2026-09-27T02:36:34,65,97,0.88,1
2026-09-27T02:36:35,66,95,0.89,1
2026-09-27T02:36:36,61,96,0.92,1
2026-09-27T02:36:37,62,97,0.95,1
2026-09-27T02:36:38,61,97,0.92,1
2026-09-27T02:36:39,63,96,0.88,1
2026-09-27T02:36:40,63,95,0.87,1
2026-09-27T02:36:41,66,96,0.91,1
2026-09-27T02:36:42,64,94,0.93,1
2026-09-27T02:36:43,60,97,0.93,1
2026-09-27T02:36:44,61,95,0.88,1
2026-09-27T02:36:45,65,95,0.93,1
2026-09-27T02:36:46,62,97,0.95,1
2026-09-27T02:36:47,62,94,0.87,1
2026-09-27T02:36:48,66,97,0.93,1
2026-09-27T02:36:49,61,95,0.86,1
2026-09-27T02:36:50,62,95,0.86,1
2026-09-27T02:36:51,60,96,0.90,1
2026-09-27T02:36:52,66,97,0.88,1
2026-09-27T02:36:53,66,94,0.88,1
2026-09-27T02:36:54,64,97,0.90,1
2026-09-27T02:36:55,66,94,0.88,1
2026-09-27T02:36:56,66,97,0.88,1
2026-09-27T02:36:57,66,97,0.95,1
2026-09-27T02:36:58,62,96,0.92,1
2026-09-27T02:36:59,65,95,0.87,1
2026-09-27T02:37:00,61,96,0.94,1
2026-09-27T02:37:01,66,95,0.89,1
2026-09-27T02:37:02,64,94,0.92,1
2026-09-27T02:37:03,62,96,0.93,1
2026-09-27T02:37:04,61,97,0.87,1
2026-09-27T02:37:05,60,95,0.88,1
2026-09-27T02:37:06,61,95,0.88,1
2026-09-27T02:37:07,65,96,0.92,1
2026-09-27T02:37:08,66,95,0.93,1
2026-09-27T02:37:09,64,96,0.86,1
2026-09-27T02:37:10,64,95,0.90,1
2026-09-27T02:37:11,62,96,0.87,1
2026-09-27T02:37:12,65,96,0.93,1
2026-09-27T02:37:13,66,95,0.85,1
2026-09-27T02:37:14,66,97,0.91,1
2026-09-27T02:37:15,65,95,0.92,1
2026-09-27T02:37:16,61,96,0.94,1
2026-09-27T02:37:17,63,97,0.86,1
2026-09-27T02:37:18,66,97,0.91,1
2026-09-27T02:37:19,62,95,0.87,1
2026-09-27T02:37:20,65,97,0.95,1
2026-09-27T02:37:21,62,97,0.93,1
2026-09-27T02:37:22,62,94,0.88,1
2026-09-27T02:37:23,61,96,0.89,1
2026-09-27T02:37:24,60,96,0.94,1
2026-09-27T02:37:25,64,97,0.92,1
2026-09-27T02:37:26,63,97,0.94,1
2026-09-27T02:37:27,61,97,0.88,1
2026-09-27T02:37:28,63,94,0.92,1
2026-09-27T02:37:29,62,96,0.93,1
2026-09-27T02:37:30,65,96,0.87,1
2026-09-27T02:37:31,66,94,0.87,1
2026-09-27T02:37:32,61,96,0.94,1
2026-09-27T02:37:33,64,95,0.90,1
2026-09-27T02:37:34,63,94,0.86,1
2026-09-27T02:37:35,61,94,0.85,1
2026-09-27T02:37:36,66,97,0.93,1
2026-09-27T02:37:37,62,95,0.92,1
2026-09-27T02:37:38,64,95,0.89,1
2026-09-27T02:37:39,62,95,0.90,1
2026-09-27T02:37:40,60,96,0.94,1
2026-09-27T02:37:41,61,96,0.95,1
2026-09-27T02:37:42,64,97,0.94,1
2026-09-27T02:37:43,60,95,0.94,1
2026-09-27T02:37:44,65,97,0.92,1
2026-09-27T02:37:45,60,95,0.91,1
2026-09-27T02:37:46,61,94,0.86,1
2026-09-27T02:37:47,60,96,0.85,1
2026-09-27T02:37:48,66,97,0.91,1
2026-09-27T02:37:49,63,94,0.92,1
2026-09-27T02:37:50,65,94,0.88,1
2026-09-27T02:37:51,64,94,0.90,1
2026-09-27T02:37:52,61,96,0.95,1
2026-09-27T02:37:53,63,95,0.88,1
2026-09-27T02:37:54,61,95,0.95,1
2026-09-27T02:37:55,64,94,0.85,1
2026-09-27T02:37:56,66,96,0.91,1
2026-09-27T02:37:57,62,95,0.87,1
2026-09-27T02:37:58,63,95,0.86,1
2026-09-27T02:37:59,65,94,0.91,1
2026-09-27T02:38:00,62,94,0.87,1
2026-09-27T02:38:01,60,97,0.85,1
2026-09-27T02:38:02,61,97,0.91,1
2026-09-27T02:38:03,63,94,0.94,1
2026-09-27T02:38:04,65,97,0.87,1
2026-09-27T02:38:05,61,95,0.93,1
2026-09-27T02:38:06,61,94,0.91,1
2026-09-27T02:38:07,61,97,0.87,1
2026-09-27T02:38:08,60,97,0.92,1
2026-09-27T02:38:09,63,97,0.90,1
2026-09-27T02:38:10,66,94,0.89,1
2026-09-27T02:38:11,63,96,0.85,1
2026-09-27T02:38:12,62,97,0.87,1
2026-09-27T02:38:13,61,97,0.95,1
2026-09-27T02:38:14,60,95,0.93,1
2026-09-27T02:38:15,63,96,0.87,1
2026-09-27T02:38:16,63,96,0.85,1
2026-09-27T02:38:17,63,95,0.90,1
2026-09-27T02:38:18,66,97,0.95,1
2026-09-27T02:38:19,66,97,0.91,1
2026-09-27T02:38:20,60,94,0.91,1
2026-09-27T02:38:21,63,94,0.90,1
2026-09-27T02:38:22,61,94,0.86,1
2026-09-27T02:38:23,64,94,0.94,1
2026-09-27T02:38:24,66,96,0.86,1
2026-09-27T02:38:25,64,94,0.89,1
2026-09-27T02:38:26,64,94,0.90,1
2026-09-27T02:38:27,65,97,0.93,1
2026-09-27T02:38:28,64,97,0.91,1
2026-09-27T02:38:29,65,94,0.91,1
2026-09-27T02:38:30,65,97,0.90,1
2026-09-27T02:38:31,66,95,0.87,1
2026-09-27T02:38:32,63,97,0.89,1
2026-09-27T02:38:33,66,94,0.89,1
2026-09-27T02:38:34,63,94,0.87,1
2026-09-27T02:38:35,66,94,0.94,1
2026-09-27T02:38:36,63,96,0.93,1
2026-09-27T02:38:37,62,94,0.86,1
2026-09-27T02:38:38,60,95,0.88,1
2026-09-27T02:38:39,66,94,0.92,1
2026-09-27T02:38:40,63,96,0.89,1
2026-09-27T02:38:41,62,94,0.86,1
2026-09-27T02:38:42,61,95,0.93,1
2026-09-27T02:38:43,62,95,0.93,1
2026-09-27T02:38:44,64,97,0.94,1
2026-09-27T02:38:45,64,94,0.93,1
2026-09-27T02:38:46,64,95,0.86,1
2026-09-27T02:38:47,62,95,0.92,1
2026-09-27T02:38:48,64,97,0.88,1
2026-09-27T02:38:49,66,96,0.89,1
2026-09-27T02:38:50,65,97,0.87,1
2026-09-27T02:38:51,66,96,0.95,1
2026-09-27T02:38:52,61,96,0.90,1
2026-09-27T02:38:53,61,97,0.92,1
2026-09-27T02:38:54,63,96,0.92,1
2026-09-27T02:38:55,63,95,0.86,1
2026-09-27T02:38:56,65,96,0.89,1
2026-09-27T02:38:57,64,97,0.88,1
2026-09-27T02:38:58,66,95,0.95,1
2026-09-27T02:38:59,66,94,0.89,1
2026-09-27T02:39:00,60,97,0.88,1
2026-09-27T02:39:01,62,97,0.90,1
2026-09-27T02:39:02,60,95,0.90,1
2026-09-27T02:39:03,66,94,0.91,1
2026-09-27T02:39:04,66,96,0.91,1
2026-09-27T02:39:05,64,96,0.87,1
2026-09-27T02:39:06,62,97,0.94,1
2026-09-27T02:39:07,62,96,0.90,1
2026-09-27T02:39:08,63,97,0.90,1
2026-09-27T02:39:09,66,95,0.90,1
2026-09-27T02:39:10,63,95,0.87,1
2026-09-27T02:39:11,62,95,0.95,1
2026-09-27T02:39:12,60,97,0.88,1
2026-09-27T02:39:13,65,95,0.89,1
2026-09-27T02:39:14,63,95,0.90,1
2026-09-27T02:39:15,66,96,0.87,1
2026-09-27T02:39:16,62,97,0.94,1
2026-09-27T02:39:17,65,95,0.92,1
2026-09-27T02:39:18,60,96,0.90,1
2026-09-27T02:39:19,60,95,0.93,1
2026-09-27T02:39:20,63,95,0.91,1
2026-09-27T02:39:21,63,97,0.87,1
2026-09-27T02:39:22,66,95,0.92,1
2026-09-27T02:39:23,61,96,0.88,1
2026-09-27T02:39:24,65,94,0.86,1
2026-09-27T02:39:25,63,94,0.92,1
2026-09-27T02:39:26,61,94,0.94,1
2026-09-27T02:39:27,66,96,0.95,1
2026-09-27T02:39:28,62,96,0.94,1
2026-09-27T02:39:29,64,95,0.90,1
2026-09-27T02:39:30,65,95,0.89,1
2026-09-27T02:39:31,61,97,0.86,1
2026-09-27T02:39:32,61,97,0.86,1
2026-09-27T02:39:33,60,96,0.88,1
2026-09-27T02:39:34,63,97,0.88,1
2026-09-27T02:39:35,63,95,0.88,1
2026-09-27T02:39:36,63,94,0.92,1
2026-09-27T02:39:37,66,96,0.87,1
2026-09-27T02:39:38,63,97,0.87,1
2026-09-27T02:39:39,64,96,0.90,1
2026-09-27T02:39:40,64,94,0.94,1
2026-09-27T02:39:41,63,96,0.89,1
2026-09-27T02:39:42,65,97,0.86,1
2026-09-27T02:39:43,65,97,0.93,1
2026-09-27T02:39:44,61,94,0.90,1
2026-09-27T02:39:45,63,95,0.89,1
2026-09-27T02:39:46,60,95,0.95,1
2026-09-27T02:39:47,63,96,0.93,1
2026-09-27T02:39:48,61,97,0.93,1
2026-09-27T02:39:49,66,95,0.86,1
2026-09-27T02:39:50,60,95,0.87,1
2026-09-27T02:39:51,63,97,0.90,1
2026-09-27T02:39:52,60,94,0.91,1
2026-09-27T02:39:53,66,96,0.92,1
2026-09-27T02:39:54,62,96,0.92,1
2026-09-27T02:39:55,61,95,0.92,1
2026-09-27T02:39:56,65,94,0.85,1
2026-09-27T02:39:57,60,97,0.93,1
2026-09-27T02:39:58,60,95,0.87,1
2026-09-27T02:39:59,65,94,0.93,1
2026-09-27T02:40:00,94,87,0.25,1
2026-09-27T02:40:01,110,95,0.39,1
2026-09-27T02:40:02,127,80,0.28,1
2026-09-27T02:40:03,52,86,0.37,1
2026-09-27T02:40:04,138,94,0.29,1
2026-09-27T02:40:05,108,98,0.34,1
2026-09-27T02:40:06,111,76,0.23,1
2026-09-27T02:40:07,133,99,0.34,1
2026-09-27T02:40:08,53,80,0.34,1
2026-09-27T02:40:09,46,99,0.40,1
2026-09-27T02:40:10,66,89,0.31,1
2026-09-27T02:40:11,86,91,0.39,1
2026-09-27T02:40:12,44,99,0.24,1
2026-09-27T02:40:13,41,87,0.38,1
2026-09-27T02:40:14,41,70,0.26,1
2026-09-27T02:40:15,40,72,0.34,1
2026-09-27T02:40:16,115,94,0.35,1
2026-09-27T02:40:17,70,76,0.24,1
2026-09-27T02:40:18,89,79,0.21,1
2026-09-27T02:40:19,78,74,0.31,1
2026-09-27T02:40:20,132,93,0.24,1
2026-09-27T02:40:21,77,84,0.27,1
2026-09-27T02:40:22,79,84,0.30,1
2026-09-27T02:40:23,124,96,0.29,1
2026-09-27T02:40:24,133,77,0.40,1
2026-09-27T02:40:25,43,74,0.39,1
2026-09-27T02:40:26,80,85,0.29,1
2026-09-27T02:40:27,81,96,0.36,1
2026-09-27T02:40:28,103,97,0.37,1
2026-09-27T02:40:29,50,77,0.25,1
2026-09-27T02:40:30,125,99,0.33,1
2026-09-27T02:40:31,92,70,0.26,1
2026-09-27T02:40:32,41,99,0.24,1
2026-09-27T02:40:33,134,79,0.29,1
2026-09-27T02:40:34,41,86,0.21,1
2026-09-27T02:40:35,90,98,0.36,1
2026-09-27T02:40:36,42,73,0.34,1
2026-09-27T02:40:37,49,77,0.23,1
2026-09-27T02:40:38,89,82,0.38,1
2026-09-27T02:40:39,98,88,0.23,1
2026-09-27T02:40:40,99,70,0.39,1
2026-09-27T02:40:41,107,93,0.35,1
2026-09-27T02:40:42,128,71,0.34,1
2026-09-27T02:40:43,132,77,0.23,1
2026-09-27T02:40:44,44,73,0.26,1
2026-09-27T02:40:45,72,77,0.37,1
2026-09-27T02:40:46,120,82,0.26,1
2026-09-27T02:40:47,101,78,0.37,1
2026-09-27T02:40:48,79,71,0.38,1
2026-09-27T02:40:49,83,94,0.20,1
2026-09-27T02:40:50,84,70,0.35,1
2026-09-27T02:40:51,42,81,0.33,1
2026-09-27T02:40:52,101,99,0.23,1
2026-09-27T02:40:53,114,82,0.38,1
2026-09-27T02:40:54,95,70,0.26,1
2026-09-27T02:40:55,100,70,0.34,1
2026-09-27T02:40:56,54,91,0.23,1
2026-09-27T02:40:57,44,77,0.27,1
2026-09-27T02:40:58,105,98,0.29,1
2026-09-27T02:40:59,131,88,0.33,1
2026-09-27T02:41:00,53,74,0.38,1
2026-09-27T02:41:01,50,76,0.32,1
2026-09-27T02:41:02,135,94,0.35,1
2026-09-27T02:41:03,44,78,0.21,1
2026-09-27T02:41:04,51,86,0.34,1
2026-09-27T02:41:05,95,88,0.34,1
2026-09-27T02:41:06,76,99,0.32,1
2026-09-27T02:41:07,67,91,0.39,1
2026-09-27T02:41:08,52,74,0.24,1
2026-09-27T02:41:09,75,99,0.24,1
2026-09-27T02:41:10,116,92,0.24,1
2026-09-27T02:41:11,112,96,0.37,1
2026-09-27T02:41:12,76,82,0.40,1
2026-09-27T02:41:13,50,76,0.23,1
2026-09-27T02:41:14,127,88,0.25,1
2026-09-27T02:41:15,65,89,0.35,1
2026-09-27T02:41:16,56,97,0.39,1
2026-09-27T02:41:17,62,96,0.30,1
2026-09-27T02:41:18,62,91,0.38,1
2026-09-27T02:41:19,127,76,0.20,1
2026-09-27T02:41:20,68,80,0.35,1
2026-09-27T02:41:21,76,80,0.23,1
2026-09-27T02:41:22,71,83,0.22,1
2026-09-27T02:41:23,57,84,0.30,1
2026-09-27T02:41:24,83,82,0.34,1
2026-09-27T02:41:25,68,89,0.25,1
2026-09-27T02:41:26,51,90,0.38,1
2026-09-27T02:41:27,62,71,0.39,1
2026-09-27T02:41:28,120,92,0.28,1
2026-09-27T02:41:29,120,81,0.35,1
2026-09-27T02:41:30,58,83,0.36,1
2026-09-27T02:41:31,126,83,0.35,1
2026-09-27T02:41:32,42,92,0.39,1
2026-09-27T02:41:33,139,96,0.21,1
2026-09-27T02:41:34,65,95,0.40,1
2026-09-27T02:41:35,138,73,0.38,1
2026-09-27T02:41:36,111,71,0.33,1
2026-09-27T02:41:37,125,88,0.29,1
2026-09-27T02:41:38,138,86,0.29,1
2026-09-27T02:41:39,116,93,0.36,1
2026-09-27T02:41:40,42,92,0.35,1
2026-09-27T02:41:41,111,84,0.34,1
2026-09-27T02:41:42,128,75,0.32,1
2026-09-27T02:41:43,127,82,0.23,1
2026-09-27T02:41:44,47,87,0.32,1
2026-09-27T02:41:45,139,78,0.37,1
2026-09-27T02:41:46,69,99,0.36,1
2026-09-27T02:41:47,73,93,0.38,1
2026-09-27T02:41:48,128,75,0.24,1
2026-09-27T02:41:49,41,94,0.39,1
2026-09-27T02:41:50,96,84,0.28,1
2026-09-27T02:41:51,108,91,0.32,1
2026-09-27T02:41:52,51,77,0.33,1
2026-09-27T02:41:53,73,88,0.34,1
2026-09-27T02:41:54,118,98,0.32,1
2026-09-27T02:41:55,124,93,0.22,1
2026-09-27T02:41:56,41,78,0.23,1
2026-09-27T02:41:57,45,95,0.33,1
2026-09-27T02:41:58,70,80,0.38,1
2026-09-27T02:41:59,108,97,0.22,1
2026-09-27T02:42:00,57,86,0.29,1
2026-09-27T02:42:01,120,88,0.39,1
2026-09-27T02:42:02,110,85,0.22,1
2026-09-27T02:42:03,91,90,0.37,1
2026-09-27T02:42:04,107,72,0.30,1
2026-09-27T02:42:05,120,87,0.21,1
2026-09-27T02:42:06,135,71,0.33,1
2026-09-27T02:42:07,51,81,0.39,1
2026-09-27T02:42:08,98,94,0.38,1
2026-09-27T02:42:09,93,99,0.33,1
2026-09-27T02:42:10,131,71,0.24,1
2026-09-27T02:42:11,128,88,0.24,1
2026-09-27T02:42:12,70,82,0.25,1
2026-09-27T02:42:13,105,87,0.37,1
2026-09-27T02:42:14,44,97,0.33,1
2026-09-27T02:42:15,79,76,0.29,1
2026-09-27T02:42:16,64,93,0.35,1
2026-09-27T02:42:17,93,73,0.24,1
2026-09-27T02:42:18,111,77,0.23,1
2026-09-27T02:42:19,132,84,0.37,1
2026-09-27T02:42:20,93,92,0.30,1
2026-09-27T02:42:21,137,90,0.36,1
2026-09-27T02:42:22,42,91,0.28,1
2026-09-27T02:42:23,49,88,0.32,1
2026-09-27T02:42:24,62,78,0.36,1
2026-09-27T02:42:25,58,91,0.32,1
2026-09-27T02:42:26,100,84,0.26,1
2026-09-27T02:42:27,112,80,0.37,1
2026-09-27T02:42:28,103,95,0.39,1
2026-09-27T02:42:29,48,73,0.37,1
2026-09-27T02:42:30,59,83,0.38,1
2026-09-27T02:42:31,69,80,0.37,1
2026-09-27T02:42:32,53,84,0.31,1
2026-09-27T02:42:33,42,91,0.35,1
2026-09-27T02:42:34,112,91,0.35,1
2026-09-27T02:42:35,89,79,0.28,1
2026-09-27T02:42:36,127,72,0.32,1
2026-09-27T02:42:37,107,70,0.23,1
2026-09-27T02:42:38,121,89,0.22,1
2026-09-27T02:42:39,118,94,0.35,1
2026-09-27T02:42:40,57,85,0.29,1
2026-09-27T02:42:41,86,70,0.23,1
2026-09-27T02:42:42,68,84,0.32,1
2026-09-27T02:42:43,116,75,0.38,1
2026-09-27T02:42:44,113,90,0.22,1
2026-09-27T02:42:45,84,73,0.29,1
2026-09-27T02:42:46,73,85,0.31,1
2026-09-27T02:42:47,138,89,0.22,1
2026-09-27T02:42:48,59,80,0.20,1
2026-09-27T02:42:49,49,79,0.20,1
2026-09-27T02:42:50,90,75,0.36,1
2026-09-27T02:42:51,67,86,0.39,1
2026-09-27T02:42:52,88,76,0.37,1
2026-09-27T02:42:53,61,93,0.34,1
2026-09-27T02:42:54,95,74,0.39,1
2026-09-27T02:42:55,117,81,0.38,1
2026-09-27T02:42:56,117,88,0.33,1
2026-09-27T02:42:57,84,94,0.34,1
2026-09-27T02:42:58,89,95,0.36,1
2026-09-27T02:42:59,57,80,0.29,1
2026-09-27T02:43:00,83,83,0.24,1
2026-09-27T02:43:01,96,71,0.40,1
2026-09-27T02:43:02,91,96,0.24,1
2026-09-27T02:43:03,77,87,0.35,1
2026-09-27T02:43:04,73,81,0.28,1
2026-09-27T02:43:05,52,91,0.24,1
2026-09-27T02:43:06,131,89,0.30,1
2026-09-27T02:43:07,49,86,0.23,1
2026-09-27T02:43:08,91,71,0.38,1
2026-09-27T02:43:09,111,79,0.32,1
2026-09-27T02:43:10,131,90,0.35,1
2026-09-27T02:43:11,82,82,0.21,1
2026-09-27T02:43:12,79,84,0.35,1
2026-09-27T02:43:13,67,75,0.25,1
2026-09-27T02:43:14,62,85,0.32,1
2026-09-27T02:43:15,101,95,0.22,1
2026-09-27T02:43:16,128,82,0.37,1
2026-09-27T02:43:17,126,96,0.29,1
2026-09-27T02:43:18,49,96,0.27,1
2026-09-27T02:43:19,94,77,0.38,1
2026-09-27T02:43:20,131,99,0.24,1
2026-09-27T02:43:21,83,95,0.39,1
2026-09-27T02:43:22,105,87,0.27,1
2026-09-27T02:43:23,47,80,0.30,1
2026-09-27T02:43:24,55,70,0.34,1
2026-09-27T02:43:25,100,87,0.31,1
2026-09-27T02:43:26,41,96,0.33,1
2026-09-27T02:43:27,53,70,0.27,1
2026-09-27T02:43:28,130,86,0.30,1
2026-09-27T02:43:29,41,76,0.35,1
2026-09-27T02:43:30,62,81,0.21,1
2026-09-27T02:43:31,40,98,0.37,1
2026-09-27T02:43:32,115,75,0.26,1
2026-09-27T02:43:33,98,70,0.38,1
2026-09-27T02:43:34,51,81,0.24,1
2026-09-27T02:43:35,116,98,0.32,1
2026-09-27T02:43:36,130,78,0.26,1
2026-09-27T02:43:37,85,79,0.30,1
2026-09-27T02:43:38,129,99,0.37,1
2026-09-27T02:43:39,97,78,0.21,1
2026-09-27T02:43:40,66,90,0.35,1
2026-09-27T02:43:41,77,97,0.29,1
2026-09-27T02:43:42,86,91,0.26,1
2026-09-27T02:43:43,85,85,0.25,1
2026-09-27T02:43:44,51,74,0.26,1
2026-09-27T02:43:45,105,86,0.26,1
2026-09-27T02:43:46,54,88,0.32,1
2026-09-27T02:43:47,92,90,0.27,1
2026-09-27T02:43:48,129,79,0.24,1
2026-09-27T02:43:49,85,99,0.32,1
2026-09-27T02:43:50,99,79,0.23,1
2026-09-27T02:43:51,48,88,0.22,1
2026-09-27T02:43:52,125,79,0.39,1
2026-09-27T02:43:53,62,70,0.37,1
2026-09-27T02:43:54,48,92,0.22,1
2026-09-27T02:43:55,50,97,0.38,1
2026-09-27T02:43:56,123,71,0.35,1
2026-09-27T02:43:57,125,70,0.27,1
2026-09-27T02:43:58,77,84,0.34,1
2026-09-27T02:43:59,78,92,0.29,1
2026-09-27T02:44:00,82,77,0.33,1
2026-09-27T02:44:01,113,87,0.26,1
2026-09-27T02:44:02,120,93,0.37,1
2026-09-27T02:44:03,100,75,0.34,1
2026-09-27T02:44:04,133,73,0.25,1
2026-09-27T02:44:05,71,70,0.33,1
2026-09-27T02:44:06,85,80,0.33,1
2026-09-27T02:44:07,110,84,0.31,1
2026-09-27T02:44:08,120,71,0.39,1
2026-09-27T02:44:09,90,84,0.36,1
2026-09-27T02:44:10,130,83,0.26,1
2026-09-27T02:44:11,98,87,0.32,1
2026-09-27T02:44:12,108,94,0.28,1
2026-09-27T02:44:13,56,77,0.32,1
2026-09-27T02:44:14,111,94,0.26,1
2026-09-27T02:44:15,59,72,0.37,1
2026-09-27T02:44:16,75,90,0.23,1
2026-09-27T02:44:17,113,78,0.40,1
2026-09-27T02:44:18,121,98,0.29,1
2026-09-27T02:44:19,71,85,0.21,1
2026-09-27T02:44:20,52,99,0.37,1
2026-09-27T02:44:21,61,86,0.27,1
2026-09-27T02:44:22,94,71,0.32,1
2026-09-27T02:44:23,47,83,0.35,1
2026-09-27T02:44:24,62,98,0.35,1
2026-09-27T02:44:25,69,95,0.34,1
2026-09-27T02:44:26,100,79,0.30,1
2026-09-27T02:44:27,105,77,0.39,1
2026-09-27T02:44:28,98,93,0.37,1
2026-09-27T02:44:29,81,93,0.25,1
2026-09-27T02:44:30,116,87,0.28,1
2026-09-27T02:44:31,102,75,0.27,1
2026-09-27T02:44:32,108,94,0.36,1
2026-09-27T02:44:33,64,96,0.31,1
2026-09-27T02:44:34,52,78,0.28,1
2026-09-27T02:44:35,87,89,0.34,1
2026-09-27T02:44:36,70,98,0.37,1
2026-09-27T02:44:37,135,86,0.34,1
2026-09-27T02:44:38,98,84,0.21,1
2026-09-27T02:44:39,58,87,0.22,1
2026-09-27T02:44:40,133,76,0.25,1
2026-09-27T02:44:41,137,81,0.23,1
2026-09-27T02:44:42,108,77,0.24,1
2026-09-27T02:44:43,113,76,0.34,1
2026-09-27T02:44:44,78,72,0.26,1
2026-09-27T02:44:45,75,83,0.34,1
2026-09-27T02:44:46,113,79,0.34,1
2026-09-27T02:44:47,70,95,0.30,1
2026-09-27T02:44:48,110,92,0.26,1
2026-09-27T02:44:49,53,84,0.29,1
2026-09-27T02:44:50,108,81,0.30,1
2026-09-27T02:44:51,105,92,0.27,1
2026-09-27T02:44:52,88,74,0.32,1
2026-09-27T02:44:53,84,74,0.27,1
2026-09-27T02:44:54,56,99,0.28,1
2026-09-27T02:44:55,139,94,0.21,1
2026-09-27T02:44:56,60,77,0.34,1
2026-09-27T02:44:57,107,70,0.24,1
2026-09-27T02:44:58,40,74,0.27,1
2026-09-27T02:44:59,62,85,0.28,1
2026-09-27T02:45:00,61,96,0.93,1
2026-09-27T02:45:01,62,94,0.86,1
2026-09-27T02:45:02,65,94,0.89,1
2026-09-27T02:45:03,63,96,0.93,1
2026-09-27T02:45:04,65,97,0.86,1
2026-09-27T02:45:05,63,94,0.94,1
2026-09-27T02:45:06,63,95,0.86,1
2026-09-27T02:45:07,65,95,0.86,1
2026-09-27T02:45:08,61,94,0.89,1
2026-09-27T02:45:09,64,94,0.88,1
2026-09-27T02:45:10,64,95,0.94,1
2026-09-27T02:45:11,65,94,0.89,1
2026-09-27T02:45:12,65,96,0.94,1
2026-09-27T02:45:13,63,95,0.86,1
2026-09-27T02:45:14,61,94,0.88,1
2026-09-27T02:45:15,65,96,0.87,1
2026-09-27T02:45:16,65,95,0.89,1
2026-09-27T02:45:17,60,97,0.85,1
2026-09-27T02:45:18,63,96,0.95,1
2026-09-27T02:45:19,62,95,0.93,1
2026-09-27T02:45:20,62,95,0.92,1
2026-09-27T02:45:21,60,96,0.87,1
2026-09-27T02:45:22,63,94,0.94,1
2026-09-27T02:45:23,61,96,0.86,1
2026-09-27T02:45:24,66,94,0.91,1
2026-09-27T02:45:25,65,96,0.94,1
2026-09-27T02:45:26,62,94,0.95,1
2026-09-27T02:45:27,61,94,0.89,1
2026-09-27T02:45:28,62,94,0.92,1
2026-09-27T02:45:29,62,94,0.92,1
2026-09-27T02:45:30,64,97,0.89,1
2026-09-27T02:45:31,60,95,0.91,1
2026-09-27T02:45:32,63,95,0.86,1
2026-09-27T02:45:33,61,96,0.90,1
2026-09-27T02:45:34,61,95,0.95,1
2026-09-27T02:45:35,60,96,0.93,1
2026-09-27T02:45:36,64,96,0.87,1
2026-09-27T02:45:37,62,97,0.89,1
2026-09-27T02:45:38,61,97,0.91,1
2026-09-27T02:45:39,62,96,0.93,1
2026-09-27T02:45:40,65,97,0.90,1
2026-09-27T02:45:41,64,97,0.86,1
2026-09-27T02:45:42,61,97,0.92,1
2026-09-27T02:45:43,64,95,0.90,1
2026-09-27T02:45:44,60,96,0.87,1
2026-09-27T02:45:45,62,95,0.87,1
2026-09-27T02:45:46,60,94,0.95,1
2026-09-27T02:45:47,62,96,0.89,1
2026-09-27T02:45:48,60,95,0.92,1
2026-09-27T02:45:49,61,97,0.93,1
2026-09-27T02:45:50,63,97,0.92,1
2026-09-27T02:45:51,64,94,0.93,1
2026-09-27T02:45:52,65,97,0.89,1
2026-09-27T02:45:53,64,96,0.88,1
2026-09-27T02:45:54,63,95,0.95,1
2026-09-27T02:45:55,61,96,0.94,1
2026-09-27T02:45:56,62,94,0.87,1
2026-09-27T02:45:57,60,94,0.94,1
2026-09-27T02:45:58,62,97,0.89,1
2026-09-27T02:45:59,62,94,0.86,1
2026-09-27T02:46:00,66,94,0.88,1
2026-09-27T02:46:01,65,94,0.90,1
2026-09-27T02:46:02,61,94,0.88,1
2026-09-27T02:46:03,63,97,0.94,1
2026-09-27T02:46:04,60,97,0.93,1
2026-09-27T02:46:05,61,95,0.85,1
2026-09-27T02:46:06,60,94,0.90,1
2026-09-27T02:46:07,63,94,0.90,1
2026-09-27T02:46:08,61,94,0.93,1
2026-09-27T02:46:09,66,94,0.93,1
2026-09-27T02:46:10,64,97,0.91,1
2026-09-27T02:46:11,64,95,0.92,1
2026-09-27T02:46:12,62,96,0.87,1
2026-09-27T02:46:13,66,96,0.91,1
2026-09-27T02:46:14,66,95,0.85,1
2026-09-27T02:46:15,60,96,0.92,1
2026-09-27T02:46:16,63,95,0.88,1
2026-09-27T02:46:17,60,95,0.88,1
2026-09-27T02:46:18,60,94,0.88,1
2026-09-27T02:46:19,62,94,0.93,1
2026-09-27T02:46:20,64,97,0.92,1
2026-09-27T02:46:21,64,96,0.88,1
2026-09-27T02:46:22,62,97,0.94,1
2026-09-27T02:46:23,66,94,0.93,1
2026-09-27T02:46:24,65,95,0.93,1
2026-09-27T02:46:25,65,97,0.91,1
2026-09-27T02:46:26,61,95,0.85,1
2026-09-27T02:46:27,62,94,0.93,1
2026-09-27T02:46:28,64,97,0.88,1
2026-09-27T02:46:29,63,95,0.89,1
2026-09-27T02:46:30,66,95,0.91,1
2026-09-27T02:46:31,64,95,0.88,1
2026-09-27T02:46:32,65,95,0.85,1
2026-09-27T02:46:33,64,95,0.94,1
2026-09-27T02:46:34,64,97,0.94,1
2026-09-27T02:46:35,62,95,0.90,1
2026-09-27T02:46:36,66,97,0.89,1
2026-09-27T02:46:37,61,96,0.93,1
2026-09-27T02:46:38,65,94,0.95,1
2026-09-27T02:46:39,66,95,0.89,1
2026-09-27T02:46:40,63,95,0.85,1
2026-09-27T02:46:41,60,96,0.94,1
2026-09-27T02:46:42,62,97,0.95,1
2026-09-27T02:46:43,61,95,0.87,1
2026-09-27T02:46:44,62,97,0.94,1
2026-09-27T02:46:45,62,94,0.91,1
2026-09-27T02:46:46,64,97,0.91,1
2026-09-27T02:46:47,62,94,0.94,1
2026-09-27T02:46:48,60,95,0.89,1
2026-09-27T02:46:49,66,94,0.88,1
2026-09-27T02:46:50,66,94,0.90,1
2026-09-27T02:46:51,66,94,0.95,1
2026-09-27T02:46:52,62,96,0.85,1
2026-09-27T02:46:53,61,96,0.94,1
2026-09-27T02:46:54,64,94,0.88,1
2026-09-27T02:46:55,64,96,0.92,1
2026-09-27T02:46:56,64,94,0.95,1
2026-09-27T02:46:57,60,97,0.86,1
2026-09-27T02:46:58,62,96,0.90,1
2026-09-27T02:46:59,66,96,0.95,1
2026-09-27T02:47:00,60,95,0.87,1
2026-09-27T02:47:01,64,97,0.93,1
2026-09-27T02:47:02,66,97,0.88,1
2026-09-27T02:47:03,60,96,0.92,1
2026-09-27T02:47:04,63,94,0.90,1
2026-09-27T02:47:05,66,97,0.95,1
2026-09-27T02:47:06,64,95,0.91,1
2026-09-27T02:47:07,64,96,0.91,1
2026-09-27T02:47:08,63,94,0.88,1
2026-09-27T02:47:09,62,97,0.94,1
2026-09-27T02:47:10,66,96,0.86,1
2026-09-27T02:47:11,63,94,0.92,1
2026-09-27T02:47:12,66,96,0.88,1
2026-09-27T02:47:13,60,96,0.85,1
2026-09-27T02:47:14,62,94,0.93,1
2026-09-27T02:47:15,60,97,0.93,1
2026-09-27T02:47:16,60,95,0.87,1
2026-09-27T02:47:17,60,95,0.90,1
2026-09-27T02:47:18,62,94,0.92,1
2026-09-27T02:47:19,61,95,0.94,1
2026-09-27T02:47:20,62,94,0.95,1
2026-09-27T02:47:21,63,97,0.89,1
2026-09-27T02:47:22,62,96,0.89,1
2026-09-27T02:47:23,62,95,0.93,1
2026-09-27T02:47:24,65,95,0.93,1
2026-09-27T02:47:25,60,96,0.88,1
2026-09-27T02:47:26,66,95,0.88,1
2026-09-27T02:47:27,61,94,0.93,1
2026-09-27T02:47:28,61,94,0.92,1
2026-09-27T02:47:29,63,96,0.87,1
2026-09-27T02:47:30,62,95,0.90,1
2026-09-27T02:47:31,61,94,0.94,1
2026-09-27T02:47:32,62,96,0.90,1
2026-09-27T02:47:33,66,95,0.92,1
2026-09-27T02:47:34,66,94,0.93,1
2026-09-27T02:47:35,61,97,0.90,1
2026-09-27T02:47:36,65,97,0.93,1
2026-09-27T02:47:37,64,97,0.87,1
2026-09-27T02:47:38,65,94,0.91,1
2026-09-27T02:47:39,66,94,0.92,1
2026-09-27T02:47:40,62,97,0.88,1
2026-09-27T02:47:41,62,97,0.91,1
2026-09-27T02:47:42,63,94,0.88,1
2026-09-27T02:47:43,63,95,0.91,1
2026-09-27T02:47:44,62,96,0.86,1
2026-09-27T02:47:45,63,97,0.94,1
2026-09-27T02:47:46,66,97,0.89,1
2026-09-27T02:47:47,64,95,0.87,1
2026-09-27T02:47:48,63,94,0.89,1
2026-09-27T02:47:49,63,97,0.88,1
2026-09-27T02:47:50,64,97,0.91,1
2026-09-27T02:47:51,63,96,0.86,1
2026-09-27T02:47:52,61,95,0.91,1
2026-09-27T02:47:53,65,97,0.92,1
2026-09-27T02:47:54,62,94,0.94,1
2026-09-27T02:47:55,61,97,0.87,1
2026-09-27T02:47:56,65,97,0.94,1
2026-09-27T02:47:57,66,97,0.91,1
2026-09-27T02:47:58,63,97,0.86,1
2026-09-27T02:47:59,61,96,0.92,1
2026-09-27T02:48:00,65,94,0.90,1
2026-09-27T02:48:01,62,94,0.95,1
2026-09-27T02:48:02,64,97,0.86,1
2026-09-27T02:48:03,64,94,0.94,1
2026-09-27T02:48:04,65,96,0.87,1
2026-09-27T02:48:05,62,95,0.94,1
2026-09-27T02:48:06,66,97,0.91,1
2026-09-27T02:48:07,64,97,0.92,1
2026-09-27T02:48:08,63,96,0.87,1
2026-09-27T02:48:09,63,96,0.89,1
2026-09-27T02:48:10,61,95,0.86,1
2026-09-27T02:48:11,61,94,0.86,1
2026-09-27T02:48:12,61,96,0.91,1
2026-09-27T02:48:13,63,94,0.92,1
2026-09-27T02:48:14,60,96,0.90,1
2026-09-27T02:48:15,65,96,0.89,1
2026-09-27T02:48:16,66,95,0.86,1
2026-09-27T02:48:17,60,97,0.91,1
2026-09-27T02:48:18,61,96,0.87,1
2026-09-27T02:48:19,65,96,0.94,1
2026-09-27T02:48:20,60,97,0.87,1
2026-09-27T02:48:21,63,95,0.87,1
2026-09-27T02:48:22,62,94,0.87,1
2026-09-27T02:48:23,62,95,0.88,1
2026-09-27T02:48:24,61,97,0.90,1
2026-09-27T02:48:25,63,95,0.92,1
2026-09-27T02:48:26,62,96,0.93,1
2026-09-27T02:48:27,60,96,0.86,1
2026-09-27T02:48:28,63,95,0.87,1
2026-09-27T02:48:29,64,94,0.86,1
2026-09-27T02:48:30,64,95,0.86,1
2026-09-27T02:48:31,60,96,0.92,1
2026-09-27T02:48:32,61,97,0.93,1
2026-09-27T02:48:33,65,96,0.86,1
2026-09-27T02:48:34,62,96,0.92,1
2026-09-27T02:48:35,63,95,0.91,1
2026-09-27T02:48:36,60,95,0.88,1
2026-09-27T02:48:37,62,96,0.93,1
2026-09-27T02:48:38,61,94,0.95,1
2026-09-27T02:48:39,62,97,0.90,1
2026-09-27T02:48:40,61,94,0.86,1
2026-09-27T02:48:41,60,96,0.88,1
2026-09-27T02:48:42,61,95,0.90,1
2026-09-27T02:48:43,60,94,0.88,1
2026-09-27T02:48:44,66,94,0.91,1
2026-09-27T02:48:45,66,97,0.85,1
2026-09-27T02:48:46,62,94,0.86,1
2026-09-27T02:48:47,62,94,0.93,1
2026-09-27T02:48:48,60,97,0.85,1
2026-09-27T02:48:49,61,97,0.91,1
2026-09-27T02:48:50,64,96,0.91,1
2026-09-27T02:48:51,63,96,0.90,1
2026-09-27T02:48:52,60,96,0.89,1
2026-09-27T02:48:53,66,96,0.93,1
2026-09-27T02:48:54,65,97,0.90,1
2026-09-27T02:48:55,63,97,0.93,1
2026-09-27T02:48:56,62,96,0.88,1
2026-09-27T02:48:57,62,97,0.93,1
2026-09-27T02:48:58,61,97,0.93,1
2026-09-27T02:48:59,62,95,0.94,1
2026-09-27T02:49:00,62,96,0.90,1
2026-09-27T02:49:01,61,94,0.90,1
2026-09-27T02:49:02,61,95,0.86,1
2026-09-27T02:49:03,63,97,0.85,1
2026-09-27T02:49:04,64,97,0.88,1
2026-09-27T02:49:05,64,94,0.95,1
2026-09-27T02:49:06,62,96,0.92,1
2026-09-27T02:49:07,61,94,0.88,1
2026-09-27T02:49:08,66,96,0.87,1
2026-09-27T02:49:09,62,94,0.88,1
2026-09-27T02:49:10,64,94,0.92,1
2026-09-27T02:49:11,63,94,0.87,1
2026-09-27T02:49:12,66,95,0.92,1
2026-09-27T02:49:13,66,97,0.94,1
2026-09-27T02:49:14,65,94,0.93,1
2026-09-27T02:49:15,61,95,0.92,1
2026-09-27T02:49:16,60,95,0.87,1
2026-09-27T02:49:17,63,95,0.93,1
2026-09-27T02:49:18,66,97,0.93,1
2026-09-27T02:49:19,60,95,0.88,1
2026-09-27T02:49:20,63,94,0.89,1
2026-09-27T02:49:21,64,97,0.93,1
2026-09-27T02:49:22,60,95,0.93,1
2026-09-27T02:49:23,61,96,0.86,1
2026-09-27T02:49:24,62,96,0.87,1
2026-09-27T02:49:25,61,97,0.91,1
2026-09-27T02:49:26,63,97,0.91,1
2026-09-27T02:49:27,60,94,0.88,1
2026-09-27T02:49:28,66,95,0.91,1
2026-09-27T02:49:29,66,94,0.95,1
2026-09-27T02:49:30,62,95,0.88,1
2026-09-27T02:49:31,66,94,0.95,1
2026-09-27T02:49:32,63,96,0.90,1
2026-09-27T02:49:33,60,95,0.94,1
2026-09-27T02:49:34,65,94,0.87,1
2026-09-27T02:49:35,66,94,0.85,1
2026-09-27T02:49:36,64,97,0.87,1
2026-09-27T02:49:37,64,96,0.88,1
2026-09-27T02:49:38,65,95,0.89,1
2026-09-27T02:49:39,66,97,0.87,1
2026-09-27T02:49:40,62,96,0.95,1
2026-09-27T02:49:41,66,97,0.90,1
2026-09-27T02:49:42,63,96,0.87,1
2026-09-27T02:49:43,61,94,0.88,1
2026-09-27T02:49:44,62,94,0.89,1
2026-09-27T02:49:45,61,95,0.94,1
2026-09-27T02:49:46,60,97,0.87,1
2026-09-27T02:49:47,64,94,0.91,1
2026-09-27T02:49:48,60,97,0.89,1
2026-09-27T02:49:49,62,97,0.86,1
2026-09-27T02:49:50,63,94,0.93,1
2026-09-27T02:49:51,61,95,0.95,1
2026-09-27T02:49:52,66,95,0.90,1
2026-09-27T02:49:53,62,97,0.94,1
2026-09-27T02:49:54,61,96,0.90,1
2026-09-27T02:49:55,66,96,0.93,1
2026-09-27T02:49:56,63,94,0.94,1
2026-09-27T02:49:57,63,96,0.87,1
2026-09-27T02:49:58,65,95,0.92,1
2026-09-27T02:49:59,60,96,0.87,1
2026-09-27T02:50:00,61,96,0.90,1
2026-09-27T02:50:01,61,96,0.92,1
2026-09-27T02:50:02,63,95,0.95,1
2026-09-27T02:50:03,63,94,0.92,1
2026-09-27T02:50:04,66,95,0.90,1
2026-09-27T02:50:05,65,94,0.87,1
2026-09-27T02:50:06,61,97,0.87,1
2026-09-27T02:50:07,65,95,0.95,1
2026-09-27T02:50:08,62,97,0.94,1
2026-09-27T02:50:09,60,96,0.93,1
2026-09-27T02:50:10,63,97,0.92,1
2026-09-27T02:50:11,61,94,0.91,1
2026-09-27T02:50:12,64,97,0.87,1
2026-09-27T02:50:13,66,97,0.87,1
2026-09-27T02:50:14,60,95,0.90,1
2026-09-27T02:50:15,62,95,0.94,1
2026-09-27T02:50:16,64,95,0.88,1
2026-09-27T02:50:17,62,96,0.94,1
2026-09-27T02:50:18,60,95,0.90,1
2026-09-27T02:50:19,60,97,0.90,1
2026-09-27T02:50:20,63,96,0.86,1
2026-09-27T02:50:21,60,96,0.93,1
2026-09-27T02:50:22,65,94,0.93,1
2026-09-27T02:50:23,60,94,0.92,1
2026-09-27T02:50:24,64,97,0.91,1
2026-09-27T02:50:25,61,97,0.90,1
2026-09-27T02:50:26,62,96,0.89,1
2026-09-27T02:50:27,65,95,0.91,1
2026-09-27T02:50:28,61,95,0.86,1
2026-09-27T02:50:29,64,95,0.92,1
2026-09-27T02:50:30,61,94,0.89,1
2026-09-27T02:50:31,65,96,0.95,1
2026-09-27T02:50:32,66,97,0.93,1
2026-09-27T02:50:33,60,94,0.94,1
2026-09-27T02:50:34,65,94,0.90,1
2026-09-27T02:50:35,63,95,0.86,1
2026-09-27T02:50:36,66,97,0.89,1
2026-09-27T02:50:37,64,94,0.86,1
2026-09-27T02:50:38,66,97,0.88,1
2026-09-27T02:50:39,65,97,0.86,1
2026-09-27T02:50:40,65,94,0.92,1
2026-09-27T02:50:41,65,95,0.88,1
2026-09-27T02:50:42,63,96,0.93,1
2026-09-27T02:50:43,64,95,0.93,1
2026-09-27T02:50:44,65,96,0.87,1
2026-09-27T02:50:45,63,97,0.86,1
2026-09-27T02:50:46,64,97,0.88,1
2026-09-27T02:50:47,60,96,0.87,1
2026-09-27T02:50:48,66,94,0.89,1
2026-09-27T02:50:49,61,97,0.89,1
2026-09-27T02:50:50,60,97,0.88,1
2026-09-27T02:50:51,61,95,0.89,1
2026-09-27T02:50:52,63,95,0.88,1
2026-09-27T02:50:53,66,95,0.90,1
2026-09-27T02:50:54,64,96,0.91,1
2026-09-27T02:50:55,60,96,0.89,1
2026-09-27T02:50:56,64,95,0.94,1
2026-09-27T02:50:57,60,96,0.87,1
2026-09-27T02:50:58,62,95,0.86,1
2026-09-27T02:50:59,63,96,0.87,1
2026-09-27T02:51:00,66,96,0.94,1
2026-09-27T02:51:01,64,94,0.87,1
2026-09-27T02:51:02,63,94,0.95,1
2026-09-27T02:51:03,64,94,0.89,1
2026-09-27T02:51:04,63,96,0.94,1
2026-09-27T02:51:05,64,97,0.94,1
2026-09-27T02:51:06,63,96,0.93,1
2026-09-27T02:51:07,64,95,0.86,1
2026-09-27T02:51:08,66,94,0.89,1
2026-09-27T02:51:09,62,95,0.88,1
2026-09-27T02:51:10,63,97,0.87,1
2026-09-27T02:51:11,64,96,0.87,1
2026-09-27T02:51:12,60,94,0.89,1
2026-09-27T02:51:13,63,94,0.89,1
2026-09-27T02:51:14,61,95,0.90,1
2026-09-27T02:51:15,62,94,0.92,1
2026-09-27T02:51:16,62,97,0.94,1
2026-09-27T02:51:17,65,97,0.87,1
2026-09-27T02:51:18,60,97,0.85,1
2026-09-27T02:51:19,63,97,0.94,1
2026-09-27T02:51:20,64,95,0.88,1
2026-09-27T02:51:21,66,96,0.87,1
2026-09-27T02:51:22,62,95,0.87,1
2026-09-27T02:51:23,66,96,0.86,1
2026-09-27T02:51:24,64,97,0.91,1
2026-09-27T02:51:25,64,94,0.89,1
2026-09-27T02:51:26,62,96,0.86,1
2026-09-27T02:51:27,62,96,0.86,1
2026-09-27T02:51:28,66,96,0.86,1
2026-09-27T02:51:29,64,96,0.90,1
2026-09-27T02:51:30,62,95,0.85,1
2026-09-27T02:51:31,65,94,0.91,1
2026-09-27T02:51:32,65,96,0.91,1
2026-09-27T02:51:33,61,95,0.87,1
2026-09-27T02:51:34,60,96,0.87,1
2026-09-27T02:51:35,64,94,0.91,1
2026-09-27T02:51:36,62,96,0.89,1
2026-09-27T02:51:37,61,95,0.90,1
2026-09-27T02:51:38,63,94,0.85,1
2026-09-27T02:51:39,60,95,0.91,1
2026-09-27T02:51:40,66,97,0.87,1
2026-09-27T02:51:41,63,96,0.87,1
2026-09-27T02:51:42,66,95,0.91,1
2026-09-27T02:51:43,61,96,0.92,1
2026-09-27T02:51:44,66,97,0.92,1
2026-09-27T02:51:45,60,94,0.93,1
2026-09-27T02:51:46,60,95,0.87,1
2026-09-27T02:51:47,62,96,0.91,1
2026-09-27T02:51:48,62,94,0.85,1
2026-09-27T02:51:49,64,96,0.90,1
2026-09-27T02:51:50,63,97,0.85,1
2026-09-27T02:51:51,62,95,0.91,1
2026-09-27T02:51:52,66,97,0.87,1
2026-09-27T02:51:53,64,96,0.85,1
2026-09-27T02:51:54,66,97,0.90,1
2026-09-27T02:51:55,65,94,0.93,1
2026-09-27T02:51:56,65,97,0.85,1
2026-09-27T02:51:57,65,96,0.93,1
2026-09-27T02:51:58,66,95,0.92,1
2026-09-27T02:51:59,65,94,0.90,1
2026-09-27T02:52:00,63,96,0.90,1
2026-09-27T02:52:01,65,97,0.87,1
2026-09-27T02:52:02,66,97,0.86,1
2026-09-27T02:52:03,60,96,0.88,1
2026-09-27T02:52:04,61,96,0.92,1
2026-09-27T02:52:05,60,94,0.87,1
2026-09-27T02:52:06,60,96,0.85,1
2026-09-27T02:52:07,60,97,0.92,1
2026-09-27T02:52:08,63,97,0.91,1
2026-09-27T02:52:09,65,94,0.95,1
2026-09-27T02:52:10,63,94,0.87,1
2026-09-27T02:52:11,66,97,0.87,1
2026-09-27T02:52:12,63,97,0.94,1
2026-09-27T02:52:13,66,95,0.91,1
2026-09-27T02:52:14,62,94,0.85,1
2026-09-27T02:52:15,62,97,0.86,1
2026-09-27T02:52:16,62,95,0.94,1
2026-09-27T02:52:17,64,95,0.89,1
2026-09-27T02:52:18,63,95,0.87,1
2026-09-27T02:52:19,66,97,0.86,1
2026-09-27T02:52:20,60,95,0.93,1
2026-09-27T02:52:21,63,94,0.85,1
2026-09-27T02:52:22,66,95,0.89,1
2026-09-27T02:52:23,65,94,0.88,1
2026-09-27T02:52:24,65,94,0.88,1
2026-09-27T02:52:25,63,96,0.94,1
2026-09-27T02:52:26,61,97,0.91,1
2026-09-27T02:52:27,64,94,0.92,1
2026-09-27T02:52:28,62,94,0.87,1
2026-09-27T02:52:29,65,95,0.85,1
2026-09-27T02:52:30,61,95,0.91,1
2026-09-27T02:52:31,61,94,0.91,1
2026-09-27T02:52:32,65,97,0.86,1
2026-09-27T02:52:33,64,94,0.89,1
2026-09-27T02:52:34,61,95,0.88,1
2026-09-27T02:52:35,60,97,0.94,1
2026-09-27T02:52:36,64,95,0.86,1
2026-09-27T02:52:37,61,95,0.92,1
2026-09-27T02:52:38,62,97,0.93,1
2026-09-27T02:52:39,60,95,0.90,1
2026-09-27T02:52:40,62,97,0.93,1
2026-09-27T02:52:41,65,96,0.87,1
2026-09-27T02:52:42,62,96,0.94,1
2026-09-27T02:52:43,66,94,0.88,1
2026-09-27T02:52:44,65,94,0.88,1
2026-09-27T02:52:45,60,94,0.91,1
2026-09-27T02:52:46,62,96,0.86,1
2026-09-27T02:52:47,61,96,0.92,1
2026-09-27T02:52:48,66,95,0.94,1
2026-09-27T02:52:49,62,94,0.93,1
2026-09-27T02:52:50,65,96,0.92,1
2026-09-27T02:52:51,61,94,0.93,1
2026-09-27T02:52:52,62,94,0.92,1
2026-09-27T02:52:53,66,96,0.89,1
2026-09-27T02:52:54,65,96,0.87,1
2026-09-27T02:52:55,65,95,0.92,1
2026-09-27T02:52:56,61,97,0.93,1
2026-09-27T02:52:57,62,97,0.91,1
2026-09-27T02:52:58,65,95,0.88,1
2026-09-27T02:52:59,65,95,0.94,1
2026-09-27T02:53:00,63,94,0.88,1
2026-09-27T02:53:01,64,95,0.88,1
2026-09-27T02:53:02,63,96,0.89,1
2026-09-27T02:53:03,61,97,0.85,1
2026-09-27T02:53:04,64,96,0.90,1
2026-09-27T02:53:05,62,94,0.86,1
2026-09-27T02:53:06,63,94,0.90,1
2026-09-27T02:53:07,64,94,0.93,1
2026-09-27T02:53:08,63,96,0.95,1
2026-09-27T02:53:09,63,96,0.93,1
2026-09-27T02:53:10,61,97,0.91,1
2026-09-27T02:53:11,66,97,0.86,1
2026-09-27T02:53:12,65,94,0.86,1
2026-09-27T02:53:13,65,96,0.86,1
2026-09-27T02:53:14,64,96,0.87,1
2026-09-27T02:53:15,66,94,0.92,1
2026-09-27T02:53:16,60,95,0.88,1
2026-09-27T02:53:17,62,96,0.88,1
2026-09-27T02:53:18,64,96,0.90,1
2026-09-27T02:53:19,61,95,0.89,1
2026-09-27T02:53:20,65,95,0.89,1
2026-09-27T02:53:21,65,97,0.92,1
2026-09-27T02:53:22,60,95,0.92,1
2026-09-27T02:53:23,60,96,0.93,1
2026-09-27T02:53:24,63,94,0.87,1
2026-09-27T02:53:25,61,95,0.91,1
2026-09-27T02:53:26,60,94,0.91,1
2026-09-27T02:53:27,64,95,0.92,1
2026-09-27T02:53:28,61,95,0.89,1
2026-09-27T02:53:29,65,95,0.86,1
2026-09-27T02:53:30,66,94,0.85,1
2026-09-27T02:53:31,64,94,0.92,1
2026-09-27T02:53:32,60,97,0.89,1
2026-09-27T02:53:33,65,96,0.86,1
2026-09-27T02:53:34,63,97,0.94,1
2026-09-27T02:53:35,64,95,0.86,1
2026-09-27T02:53:36,60,95,0.88,1
2026-09-27T02:53:37,65,96,0.87,1
2026-09-27T02:53:38,65,97,0.91,1
2026-09-27T02:53:39,66,96,0.85,1
2026-09-27T02:53:40,66,97,0.93,1
2026-09-27T02:53:41,62,96,0.86,1
2026-09-27T02:53:42,66,96,0.88,1
2026-09-27T02:53:43,60,95,0.90,1
2026-09-27T02:53:44,60,94,0.93,1
2026-09-27T02:53:45,66,95,0.93,1
2026-09-27T02:53:46,60,96,0.92,1
2026-09-27T02:53:47,65,97,0.90,1
2026-09-27T02:53:48,66,94,0.89,1
2026-09-27T02:53:49,61,96,0.94,1
2026-09-27T02:53:50,64,96,0.95,1
2026-09-27T02:53:51,64,96,0.95,1
2026-09-27T02:53:52,64,95,0.92,1
2026-09-27T02:53:53,66,94,0.89,1
2026-09-27T02:53:54,63,97,0.85,1
2026-09-27T02:53:55,61,96,0.91,1
2026-09-27T02:53:56,66,94,0.86,1
2026-09-27T02:53:57,65,96,0.87,1
2026-09-27T02:53:58,65,96,0.86,1
2026-09-27T02:53:59,64,97,0.90,1
2026-09-27T02:54:00,60,97,0.91,1
2026-09-27T02:54:01,60,95,0.92,1
2026-09-27T02:54:02,63,94,0.89,1
2026-09-27T02:54:03,60,96,0.93,1
2026-09-27T02:54:04,62,97,0.92,1
2026-09-27T02:54:05,63,94,0.87,1
2026-09-27T02:54:06,66,96,0.95,1
2026-09-27T02:54:07,62,95,0.92,1
2026-09-27T02:54:08,61,97,0.93,1
2026-09-27T02:54:09,65,95,0.86,1
2026-09-27T02:54:10,61,95,0.91,1
2026-09-27T02:54:11,60,96,0.87,1
2026-09-27T02:54:12,63,95,0.87,1
2026-09-27T02:54:13,65,96,0.88,1
2026-09-27T02:54:14,62,95,0.91,1
2026-09-27T02:54:15,61,94,0.91,1
2026-09-27T02:54:16,65,96,0.92,1
2026-09-27T02:54:17,60,96,0.92,1
2026-09-27T02:54:18,62,96,0.93,1
2026-09-27T02:54:19,60,95,0.93,1
2026-09-27T02:54:20,63,95,0.86,1
2026-09-27T02:54:21,60,96,0.89,1
2026-09-27T02:54:22,60,97,0.94,1
2026-09-27T02:54:23,66,94,0.87,1
2026-09-27T02:54:24,66,94,0.93,1
2026-09-27T02:54:25,63,96,0.85,1
2026-09-27T02:54:26,60,94,0.89,1
2026-09-27T02:54:27,61,96,0.87,1
2026-09-27T02:54:28,64,97,0.92,1
2026-09-27T02:54:29,64,96,0.89,1
2026-09-27T02:54:30,63,97,0.88,1
2026-09-27T02:54:31,64,97,0.86,1
2026-09-27T02:54:32,62,96,0.88,1
2026-09-27T02:54:33,63,97,0.87,1
2026-09-27T02:54:34,64,96,0.93,1
2026-09-27T02:54:35,61,94,0.87,1
2026-09-27T02:54:36,62,95,0.91,1
2026-09-27T02:54:37,63,97,0.93,1
2026-09-27T02:54:38,63,97,0.91,1
2026-09-27T02:54:39,61,96,0.93,1
2026-09-27T02:54:40,63,94,0.87,1
2026-09-27T02:54:41,63,95,0.94,1
2026-09-27T02:54:42,62,95,0.93,1
2026-09-27T02:54:43,66,95,0.95,1
2026-09-27T02:54:44,66,97,0.92,1
2026-09-27T02:54:45,66,95,0.87,1
2026-09-27T02:54:46,62,97,0.86,1
2026-09-27T02:54:47,63,96,0.89,1
2026-09-27T02:54:48,61,96,0.87,1
2026-09-27T02:54:49,64,95,0.94,1
2026-09-27T02:54:50,63,96,0.95,1
2026-09-27T02:54:51,65,94,0.92,1
2026-09-27T02:54:52,66,97,0.90,1
2026-09-27T02:54:53,64,94,0.87,1
2026-09-27T02:54:54,63,94,0.86,1
2026-09-27T02:54:55,61,97,0.88,1
2026-09-27T02:54:56,66,95,0.87,1
2026-09-27T02:54:57,61,96,0.92,1
2026-09-27T02:54:58,62,95,0.88,1
2026-09-27T02:54:59,63,96,0.87,1
2026-09-27T02:55:00,64,95,0.90,1
2026-09-27T02:55:01,66,97,0.89,1
2026-09-27T02:55:02,66,97,0.88,1
2026-09-27T02:55:03,62,96,0.90,1
2026-09-27T02:55:04,65,95,0.93,1
2026-09-27T02:55:05,66,97,0.88,1
2026-09-27T02:55:06,61,95,0.88,1
2026-09-27T02:55:07,63,96,0.94,1
2026-09-27T02:55:08,63,97,0.92,1
2026-09-27T02:55:09,60,94,0.86,1
2026-09-27T02:55:10,62,94,0.86,1
2026-09-27T02:55:11,66,95,0.88,1
2026-09-27T02:55:12,63,97,0.93,1
2026-09-27T02:55:13,65,97,0.87,1
2026-09-27T02:55:14,64,96,0.90,1
2026-09-27T02:55:15,63,96,0.93,1
2026-09-27T02:55:16,62,94,0.94,1
2026-09-27T02:55:17,60,96,0.86,1
2026-09-27T02:55:18,64,97,0.87,1
2026-09-27T02:55:19,63,95,0.87,1
2026-09-27T02:55:20,61,96,0.92,1
2026-09-27T02:55:21,61,95,0.86,1
2026-09-27T02:55:22,63,95,0.86,1
2026-09-27T02:55:23,66,95,0.87,1
2026-09-27T02:55:24,65,95,0.90,1
2026-09-27T02:55:25,66,95,0.88,1
2026-09-27T02:55:26,60,97,0.88,1
2026-09-27T02:55:27,60,96,0.87,1
2026-09-27T02:55:28,64,95,0.88,1
2026-09-27T02:55:29,61,95,0.86,1
2026-09-27T02:55:30,61,97,0.88,1
2026-09-27T02:55:31,62,97,0.86,1
2026-09-27T02:55:32,60,96,0.94,1
2026-09-27T02:55:33,63,96,0.86,1
2026-09-27T02:55:34,64,96,0.90,1
2026-09-27T02:55:35,66,94,0.87,1
2026-09-27T02:55:36,63,94,0.85,1
2026-09-27T02:55:37,63,97,0.90,1
2026-09-27T02:55:38,64,96,0.92,1
2026-09-27T02:55:39,65,94,0.87,1
2026-09-27T02:55:40,63,96,0.93,1
2026-09-27T02:55:41,60,95,0.92,1
2026-09-27T02:55:42,64,97,0.87,1
2026-09-27T02:55:43,64,94,0.91,1
2026-09-27T02:55:44,65,95,0.91,1
2026-09-27T02:55:45,60,95,0.89,1
2026-09-27T02:55:46,66,95,0.92,1
2026-09-27T02:55:47,65,96,0.88,1
2026-09-27T02:55:48,64,94,0.85,1
2026-09-27T02:55:49,66,95,0.88,1
2026-09-27T02:55:50,60,95,0.90,1
2026-09-27T02:55:51,63,94,0.94,1
2026-09-27T02:55:52,62,95,0.94,1
2026-09-27T02:55:53,60,97,0.86,1
2026-09-27T02:55:54,63,94,0.93,1
2026-09-27T02:55:55,61,97,0.89,1
2026-09-27T02:55:56,60,95,0.91,1
2026-09-27T02:55:57,66,94,0.91,1
2026-09-27T02:55:58,66,96,0.91,1
2026-09-27T02:55:59,61,97,0.91,1
2026-09-27T02:56:00,64,94,0.88,1
2026-09-27T02:56:01,61,95,0.92,1
2026-09-27T02:56:02,61,97,0.89,1
2026-09-27T02:56:03,61,97,0.90,1
2026-09-27T02:56:04,63,96,0.88,1
2026-09-27T02:56:05,65,95,0.92,1
2026-09-27T02:56:06,66,97,0.88,1
2026-09-27T02:56:07,64,97,0.94,1
2026-09-27T02:56:08,62,95,0.88,1
2026-09-27T02:56:09,66,97,0.88,1
2026-09-27T02:56:10,62,97,0.91,1
2026-09-27T02:56:11,62,97,0.88,1
2026-09-27T02:56:12,62,96,0.94,1
2026-09-27T02:56:13,63,95,0.88,1
2026-09-27T02:56:14,62,95,0.91,1
2026-09-27T02:56:15,62,96,0.89,1
2026-09-27T02:56:16,64,96,0.90,1
2026-09-27T02:56:17,66,94,0.87,1
2026-09-27T02:56:18,65,95,0.90,1
2026-09-27T02:56:19,62,97,0.86,1
2026-09-27T02:56:20,63,96,0.93,1
2026-09-27T02:56:21,66,94,0.91,1
2026-09-27T02:56:22,61,96,0.88,1
2026-09-27T02:56:23,63,96,0.93,1
2026-09-27T02:56:24,66,95,0.91,1
2026-09-27T02:56:25,65,97,0.85,1
2026-09-27T02:56:26,64,96,0.92,1
2026-09-27T02:56:27,60,95,0.87,1
2026-09-27T02:56:28,64,94,0.91,1
2026-09-27T02:56:29,63,97,0.94,1
2026-09-27T02:56:30,60,95,0.93,1
2026-09-27T02:56:31,61,97,0.88,1
2026-09-27T02:56:32,63,94,0.86,1
2026-09-27T02:56:33,63,97,0.86,1
2026-09-27T02:56:34,63,95,0.86,1
2026-09-27T02:56:35,64,94,0.95,1
2026-09-27T02:56:36,65,97,0.87,1
2026-09-27T02:56:37,60,94,0.90,1
2026-09-27T02:56:38,62,94,0.87,1
2026-09-27T02:56:39,60,94,0.92,1
2026-09-27T02:56:40,60,95,0.92,1
2026-09-27T02:56:41,60,97,0.87,1
2026-09-27T02:56:42,63,94,0.89,1
2026-09-27T02:56:43,64,94,0.88,1
2026-09-27T02:56:44,66,97,0.94,1
2026-09-27T02:56:45,63,94,0.86,1
2026-09-27T02:56:46,66,97,0.93,1
2026-09-27T02:56:47,63,95,0.94,1
2026-09-27T02:56:48,65,95,0.85,1
2026-09-27T02:56:49,60,95,0.88,1
2026-09-27T02:56:50,62,94,0.95,1
2026-09-27T02:56:51,61,94,0.88,1
2026-09-27T02:56:52,63,96,0.86,1
2026-09-27T02:56:53,60,96,0.91,1
2026-09-27T02:56:54,63,94,0.90,1
2026-09-27T02:56:55,65,95,0.92,1
2026-09-27T02:56:56,60,97,0.94,1
2026-09-27T02:56:57,63,94,0.90,1
2026-09-27T02:56:58,66,97,0.92,1
2026-09-27T02:56:59,66,94,0.86,1
2026-09-27T02:57:00,60,96,0.91,1
2026-09-27T02:57:01,60,94,0.92,1
2026-09-27T02:57:02,66,94,0.87,1
2026-09-27T02:57:03,60,96,0.87,1
2026-09-27T02:57:04,65,94,0.94,1
2026-09-27T02:57:05,66,97,0.88,1
2026-09-27T02:57:06,66,97,0.89,1
2026-09-27T02:57:07,63,95,0.91,1
2026-09-27T02:57:08,62,96,0.88,1
2026-09-27T02:57:09,63,94,0.90,1
2026-09-27T02:57:10,60,97,0.87,1
2026-09-27T02:57:11,63,94,0.93,1
2026-09-27T02:57:12,60,97,0.88,1
2026-09-27T02:57:13,66,94,0.85,1
2026-09-27T02:57:14,65,97,0.85,1
2026-09-27T02:57:15,61,95,0.91,1
2026-09-27T02:57:16,62,97,0.89,1
2026-09-27T02:57:17,61,95,0.89,1
2026-09-27T02:57:18,63,96,0.90,1
2026-09-27T02:57:19,64,95,0.92,1
2026-09-27T02:57:20,66,97,0.93,1
2026-09-27T02:57:21,65,97,0.91,1
2026-09-27T02:57:22,66,94,0.86,1
2026-09-27T02:57:23,66,96,0.85,1
2026-09-27T02:57:24,66,97,0.95,1
2026-09-27T02:57:25,62,94,0.86,1
2026-09-27T02:57:26,63,96,0.94,1
2026-09-27T02:57:27,62,96,0.87,1
2026-09-27T02:57:28,62,96,0.94,1
2026-09-27T02:57:29,64,97,0.94,1
2026-09-27T02:57:30,60,94,0.86,1
2026-09-27T02:57:31,60,95,0.94,1
2026-09-27T02:57:32,65,96,0.88,1
2026-09-27T02:57:33,64,94,0.89,1
2026-09-27T02:57:34,61,95,0.86,1
2026-09-27T02:57:35,65,95,0.92,1
2026-09-27T02:57:36,60,95,0.90,1
2026-09-27T02:57:37,64,97,0.95,1
2026-09-27T02:57:38,64,96,0.91,1
2026-09-27T02:57:39,60,95,0.90,1
2026-09-27T02:57:40,63,96,0.92,1
2026-09-27T02:57:41,61,97,0.91,1
2026-09-27T02:57:42,63,94,0.85,1
2026-09-27T02:57:43,60,94,0.86,1
2026-09-27T02:57:44,62,97,0.85,1
2026-09-27T02:57:45,63,97,0.92,1
2026-09-27T02:57:46,66,95,0.89,1
2026-09-27T02:57:47,66,97,0.95,1
2026-09-27T02:57:48,65,95,0.87,1
2026-09-27T02:57:49,63,97,0.87,1
2026-09-27T02:57:50,60,95,0.87,1
2026-09-27T02:57:51,60,94,0.95,1
2026-09-27T02:57:52,60,94,0.87,1
2026-09-27T02:57:53,66,96,0.92,1
2026-09-27T02:57:54,66,96,0.93,1
2026-09-27T02:57:55,63,96,0.91,1
2026-09-27T02:57:56,65,96,0.87,1
2026-09-27T02:57:57,64,96,0.88,1
2026-09-27T02:57:58,60,97,0.93,1
2026-09-27T02:57:59,62,97,0.90,1
2026-09-27T02:58:00,63,94,0.92,1
2026-09-27T02:58:01,61,94,0.94,1
2026-09-27T02:58:02,63,96,0.95,1
2026-09-27T02:58:03,62,97,0.86,1
2026-09-27T02:58:04,65,97,0.88,1
2026-09-27T02:58:05,63,96,0.86,1
2026-09-27T02:58:06,60,97,0.93,1
2026-09-27T02:58:07,62,97,0.87,1
2026-09-27T02:58:08,63,96,0.89,1
2026-09-27T02:58:09,62,97,0.92,1
2026-09-27T02:58:10,63,96,0.89,1
2026-09-27T02:58:11,61,95,0.87,1
2026-09-27T02:58:12,65,96,0.90,1
2026-09-27T02:58:13,64,97,0.94,1
2026-09-27T02:58:14,64,95,0.86,1
2026-09-27T02:58:15,62,94,0.90,1
2026-09-27T02:58:16,61,95,0.88,1
2026-09-27T02:58:17,64,95,0.92,1
2026-09-27T02:58:18,60,94,0.93,1
2026-09-27T02:58:19,64,97,0.87,1
2026-09-27T02:58:20,65,97,0.86,1
2026-09-27T02:58:21,61,95,0.88,1
2026-09-27T02:58:22,66,95,0.89,1
2026-09-27T02:58:23,62,97,0.86,1
2026-09-27T02:58:24,64,96,0.89,1
2026-09-27T02:58:25,60,97,0.94,1
2026-09-27T02:58:26,64,97,0.92,1
2026-09-27T02:58:27,65,97,0.93,1
2026-09-27T02:58:28,63,95,0.87,1
2026-09-27T02:58:29,63,94,0.95,1
2026-09-27T02:58:30,61,95,0.88,1
2026-09-27T02:58:31,64,95,0.86,1
2026-09-27T02:58:32,63,97,0.88,1
2026-09-27T02:58:33,63,95,0.92,1
2026-09-27T02:58:34,62,97,0.87,1
2026-09-27T02:58:35,60,95,0.87,1
2026-09-27T02:58:36,63,94,0.86,1
2026-09-27T02:58:37,64,95,0.95,1
2026-09-27T02:58:38,64,96,0.89,1
2026-09-27T02:58:39,61,95,0.88,1
2026-09-27T02:58:40,64,94,0.87,1
2026-09-27T02:58:41,61,94,0.94,1
2026-09-27T02:58:42,64,94,0.89,1
2026-09-27T02:58:43,63,95,0.93,1
2026-09-27T02:58:44,65,96,0.88,1
2026-09-27T02:58:45,63,96,0.90,1
2026-09-27T02:58:46,61,95,0.88,1
2026-09-27T02:58:47,61,95,0.91,1
2026-09-27T02:58:48,61,95,0.92,1
2026-09-27T02:58:49,65,94,0.88,1
2026-09-27T02:58:50,66,96,0.95,1
2026-09-27T02:58:51,66,96,0.87,1
2026-09-27T02:58:52,61,97,0.86,1
2026-09-27T02:58:53,66,95,0.95,1
2026-09-27T02:58:54,63,97,0.86,1
2026-09-27T02:58:55,60,97,0.93,1
2026-09-27T02:58:56,63,97,0.93,1
2026-09-27T02:58:57,65,94,0.89,1
2026-09-27T02:58:58,60,94,0.92,1
2026-09-27T02:58:59,60,94,0.92,1
2026-09-27T02:59:00,64,97,0.89,1
2026-09-27T02:59:01,63,94,0.89,1
2026-09-27T02:59:02,62,95,0.94,1
2026-09-27T02:59:03,60,95,0.90,1
2026-09-27T02:59:04,66,97,0.92,1
2026-09-27T02:59:05,66,97,0.89,1
2026-09-27T02:59:06,60,95,0.93,1
2026-09-27T02:59:07,66,96,0.86,1
2026-09-27T02:59:08,66,94,0.92,1
2026-09-27T02:59:09,61,97,0.92,1
2026-09-27T02:59:10,65,95,0.86,1
2026-09-27T02:59:11,65,96,0.94,1
2026-09-27T02:59:12,60,97,0.91,1
2026-09-27T02:59:13,65,94,0.90,1
2026-09-27T02:59:14,61,96,0.92,1
2026-09-27T02:59:15,63,96,0.86,1
2026-09-27T02:59:16,66,94,0.90,1
2026-09-27T02:59:17,60,95,0.87,1
2026-09-27T02:59:18,65,97,0.94,1
2026-09-27T02:59:19,65,97,0.89,1
2026-09-27T02:59:20,66,95,0.88,1
2026-09-27T02:59:21,65,97,0.91,1
2026-09-27T02:59:22,62,94,0.86,1
2026-09-27T02:59:23,63,97,0.86,1
2026-09-27T02:59:24,65,96,0.91,1
2026-09-27T02:59:25,60,95,0.88,1
2026-09-27T02:59:26,60,95,0.85,1
2026-09-27T02:59:27,62,96,0.92,1
2026-09-27T02:59:28,63,94,0.95,1
2026-09-27T02:59:29,63,94,0.87,1
2026-09-27T02:59:30,66,94,0.94,1
2026-09-27T02:59:31,60,97,0.94,1
2026-09-27T02:59:32,63,95,0.89,1
2026-09-27T02:59:33,64,94,0.94,1
2026-09-27T02:59:34,65,95,0.93,1
2026-09-27T02:59:35,63,97,0.86,1
2026-09-27T02:59:36,66,97,0.93,1
2026-09-27T02:59:37,62,95,0.91,1
2026-09-27T02:59:38,64,94,0.85,1
2026-09-27T02:59:39,60,96,0.86,1
2026-09-27T02:59:40,65,96,0.92,1
2026-09-27T02:59:41,62,95,0.85,1
2026-09-27T02:59:42,60,97,0.91,1
2026-09-27T02:59:43,64,94,0.85,1
2026-09-27T02:59:44,65,97,0.94,1
2026-09-27T02:59:45,60,94,0.94,1
2026-09-27T02:59:46,61,97,0.94,1
2026-09-27T02:59:47,64,96,0.88,1
2026-09-27T02:59:48,65,95,0.91,1
2026-09-27T02:59:49,64,96,0.92,1
2026-09-27T02:59:50,61,97,0.92,1
2026-09-27T02:59:51,65,95,0.88,1
2026-09-27T02:59:52,63,96,0.94,1
2026-09-27T02:59:53,61,95,0.89,1
2026-09-27T02:59:54,63,96,0.88,1
2026-09-27T02:59:55,63,94,0.87,1
2026-09-27T02:59:56,65,94,0.94,1
2026-09-27T02:59:57,65,96,0.94,1
2026-09-27T02:59:58,62,95,0.87,1
2026-09-27T02:59:59,65,95,0.94,1
2026-09-27T03:00:00,62,94,0.91,1
2026-09-27T03:00:01,60,96,0.88,1
2026-09-27T03:00:02,66,95,0.86,1
2026-09-27T03:00:03,63,97,0.93,1
2026-09-27T03:00:04,64,96,0.95,1
2026-09-27T03:00:05,66,96,0.93,1
2026-09-27T03:00:06,64,95,0.91,1
2026-09-27T03:00:07,64,96,0.86,1
2026-09-27T03:00:08,64,97,0.87,1
2026-09-27T03:00:09,61,95,0.89,1
2026-09-27T03:00:10,62,95,0.89,1
2026-09-27T03:00:11,66,97,0.89,1
2026-09-27T03:00:12,61,97,0.91,1
2026-09-27T03:00:13,62,95,0.86,1
2026-09-27T03:00:14,65,96,0.88,1
2026-09-27T03:00:15,61,95,0.91,1
2026-09-27T03:00:16,63,97,0.92,1
2026-09-27T03:00:17,66,95,0.95,1
2026-09-27T03:00:18,65,94,0.90,1
2026-09-27T03:00:19,60,96,0.93,1
2026-09-27T03:00:20,61,97,0.88,1
2026-09-27T03:00:21,64,96,0.94,1
2026-09-27T03:00:22,63,95,0.90,1
2026-09-27T03:00:23,64,97,0.90,1
2026-09-27T03:00:24,65,96,0.91,1
2026-09-27T03:00:25,63,94,0.88,1
2026-09-27T03:00:26,64,94,0.94,1
2026-09-27T03:00:27,62,94,0.95,1
2026-09-27T03:00:28,60,94,0.91,1
2026-09-27T03:00:29,63,96,0.91,1
2026-09-27T03:00:30,63,96,0.94,1
2026-09-27T03:00:31,65,96,0.85,1
2026-09-27T03:00:32,63,94,0.94,1
2026-09-27T03:00:33,65,95,0.88,1
2026-09-27T03:00:34,62,94,0.90,1
2026-09-27T03:00:35,64,97,0.94,1
2026-09-27T03:00:36,64,94,0.86,1
2026-09-27T03:00:37,64,96,0.85,1
2026-09-27T03:00:38,61,96,0.85,1
2026-09-27T03:00:39,61,97,0.94,1
2026-09-27T03:00:40,63,96,0.91,1
2026-09-27T03:00:41,60,94,0.94,1
2026-09-27T03:00:42,62,97,0.92,1
2026-09-27T03:00:43,63,95,0.87,1
2026-09-27T03:00:44,60,94,0.90,1
2026-09-27T03:00:45,62,94,0.93,1
2026-09-27T03:00:46,60,94,0.87,1
2026-09-27T03:00:47,65,96,0.91,1
2026-09-27T03:00:48,66,96,0.93,1
2026-09-27T03:00:49,62,95,0.92,1
2026-09-27T03:00:50,65,94,0.93,1
2026-09-27T03:00:51,65,95,0.88,1
2026-09-27T03:00:52,66,97,0.86,1
2026-09-27T03:00:53,60,96,0.86,1
2026-09-27T03:00:54,60,96,0.90,1
2026-09-27T03:00:55,65,95,0.86,1
2026-09-27T03:00:56,63,97,0.88,1
2026-09-27T03:00:57,63,96,0.87,1
2026-09-27T03:00:58,65,94,0.95,1
2026-09-27T03:00:59,60,97,0.88,1
2026-09-27T03:01:00,62,97,0.88,1
2026-09-27T03:01:01,62,96,0.93,1
2026-09-27T03:01:02,60,97,0.92,1
2026-09-27T03:01:03,60,97,0.88,1
2026-09-27T03:01:04,63,96,0.85,1
2026-09-27T03:01:05,65,96,0.94,1
2026-09-27T03:01:06,64,96,0.90,1
2026-09-27T03:01:07,65,94,0.93,1
2026-09-27T03:01:08,64,97,0.93,1
2026-09-27T03:01:09,63,97,0.88,1
2026-09-27T03:01:10,66,94,0.93,1
2026-09-27T03:01:11,61,96,0.87,1
2026-09-27T03:01:12,62,96,0.93,1
2026-09-27T03:01:13,62,94,0.90,1
2026-09-27T03:01:14,65,96,0.89,1
2026-09-27T03:01:15,64,96,0.92,1
2026-09-27T03:01:16,62,97,0.90,1
2026-09-27T03:01:17,62,94,0.95,1
2026-09-27T03:01:18,66,94,0.91,1
2026-09-27T03:01:19,60,94,0.93,1
2026-09-27T03:01:20,65,94,0.85,1
2026-09-27T03:01:21,61,96,0.88,1
2026-09-27T03:01:22,65,95,0.88,1
2026-09-27T03:01:23,64,97,0.87,1
2026-09-27T03:01:24,65,95,0.93,1
2026-09-27T03:01:25,62,94,0.91,1
2026-09-27T03:01:26,60,97,0.92,1
2026-09-27T03:01:27,62,94,0.85,1
2026-09-27T03:01:28,60,96,0.86,1
2026-09-27T03:01:29,65,97,0.93,1
2026-09-27T03:01:30,65,97,0.94,1
2026-09-27T03:01:31,60,97,0.91,1
2026-09-27T03:01:32,60,96,0.89,1
2026-09-27T03:01:33,61,97,0.86,1
2026-09-27T03:01:34,61,95,0.94,1
2026-09-27T03:01:35,60,97,0.90,1
2026-09-27T03:01:36,65,97,0.95,1
2026-09-27T03:01:37,66,97,0.94,1
2026-09-27T03:01:38,66,94,0.89,1
2026-09-27T03:01:39,66,95,0.92,1
2026-09-27T03:01:40,60,95,0.91,1
2026-09-27T03:01:41,62,96,0.94,1
2026-09-27T03:01:42,63,97,0.92,1
2026-09-27T03:01:43,63,97,0.90,1
2026-09-27T03:01:44,63,94,0.89,1
2026-09-27T03:01:45,66,95,0.87,1
2026-09-27T03:01:46,61,94,0.94,1
2026-09-27T03:01:47,63,95,0.91,1
2026-09-27T03:01:48,66,95,0.86,1
2026-09-27T03:01:49,61,97,0.87,1
2026-09-27T03:01:50,65,96,0.88,1
2026-09-27T03:01:51,63,94,0.89,1
2026-09-27T03:01:52,62,94,0.91,1
2026-09-27T03:01:53,60,94,0.85,1
2026-09-27T03:01:54,66,94,0.90,1
2026-09-27T03:01:55,61,97,0.91,1
2026-09-27T03:01:56,66,97,0.93,1
2026-09-27T03:01:57,60,94,0.94,1
2026-09-27T03:01:58,60,94,0.90,1
2026-09-27T03:01:59,62,94,0.92,1
2026-09-27T03:02:00,64,96,0.93,1
2026-09-27T03:02:01,65,96,0.93,1
2026-09-27T03:02:02,63,94,0.92,1
2026-09-27T03:02:03,66,94,0.92,1
2026-09-27T03:02:04,61,97,0.87,1
2026-09-27T03:02:05,66,97,0.86,1
2026-09-27T03:02:06,62,94,0.95,1
2026-09-27T03:02:07,63,94,0.93,1
2026-09-27T03:02:08,60,97,0.86,1
2026-09-27T03:02:09,61,94,0.92,1
2026-09-27T03:02:10,64,97,0.93,1
2026-09-27T03:02:11,62,97,0.95,1
2026-09-27T03:02:12,65,97,0.88,1
2026-09-27T03:02:13,61,94,0.92,1
2026-09-27T03:02:14,66,95,0.90,1
2026-09-27T03:02:15,65,95,0.86,1
2026-09-27T03:02:16,65,94,0.87,1
2026-09-27T03:02:17,61,96,0.92,1
2026-09-27T03:02:18,63,96,0.89,1
2026-09-27T03:02:19,60,97,0.87,1
2026-09-27T03:02:20,60,95,0.94,1
2026-09-27T03:02:21,66,95,0.94,1
2026-09-27T03:02:22,63,96,0.93,1
2026-09-27T03:02:23,62,95,0.94,1
2026-09-27T03:02:24,66,95,0.93,1
2026-09-27T03:02:25,64,94,0.86,1
2026-09-27T03:02:26,61,96,0.93,1
2026-09-27T03:02:27,62,95,0.86,1
2026-09-27T03:02:28,66,96,0.87,1
2026-09-27T03:02:29,63,95,0.91,1
2026-09-27T03:02:30,65,96,0.93,1
2026-09-27T03:02:31,63,94,0.89,1
2026-09-27T03:02:32,60,97,0.85,1
2026-09-27T03:02:33,60,96,0.91,1
2026-09-27T03:02:34,65,95,0.92,1
2026-09-27T03:02:35,62,94,0.92,1
2026-09-27T03:02:36,65,95,0.91,1
2026-09-27T03:02:37,60,97,0.87,1
2026-09-27T03:02:38,60,96,0.95,1
2026-09-27T03:02:39,62,97,0.88,1
2026-09-27T03:02:40,63,96,0.91,1
2026-09-27T03:02:41,62,96,0.90,1
2026-09-27T03:02:42,64,95,0.94,1
2026-09-27T03:02:43,62,97,0.88,1
2026-09-27T03:02:44,63,94,0.93,1
2026-09-27T03:02:45,60,96,0.90,1
2026-09-27T03:02:46,64,96,0.93,1
2026-09-27T03:02:47,65,96,0.90,1
2026-09-27T03:02:48,63,96,0.93,1
2026-09-27T03:02:49,62,96,0.86,1
2026-09-27T03:02:50,63,94,0.91,1
2026-09-27T03:02:51,64,97,0.93,1
2026-09-27T03:02:52,66,95,0.91,1
2026-09-27T03:02:53,63,95,0.88,1
2026-09-27T03:02:54,63,95,0.89,1
2026-09-27T03:02:55,61,94,0.90,1
2026-09-27T03:02:56,60,95,0.89,1
2026-09-27T03:02:57,62,97,0.86,1
2026-09-27T03:02:58,63,97,0.93,1
2026-09-27T03:02:59,63,95,0.91,1
2026-09-27T03:03:00,66,94,0.87,1
2026-09-27T03:03:01,62,96,0.88,1
2026-09-27T03:03:02,60,94,0.87,1
2026-09-27T03:03:03,64,94,0.87,1
2026-09-27T03:03:04,61,95,0.86,1
2026-09-27T03:03:05,66,94,0.89,1
2026-09-27T03:03:06,64,94,0.87,1
2026-09-27T03:03:07,64,95,0.91,1
2026-09-27T03:03:08,62,94,0.89,1
2026-09-27T03:03:09,65,96,0.90,1
2026-09-27T03:03:10,62,96,0.91,1
2026-09-27T03:03:11,62,97,0.95,1
2026-09-27T03:03:12,60,97,0.93,1
2026-09-27T03:03:13,63,94,0.93,1
2026-09-27T03:03:14,65,94,0.89,1
2026-09-27T03:03:15,66,94,0.91,1
2026-09-27T03:03:16,66,95,0.91,1
2026-09-27T03:03:17,63,95,0.95,1
2026-09-27T03:03:18,60,96,0.87,1
2026-09-27T03:03:19,65,96,0.89,1
2026-09-27T03:03:20,64,94,0.91,1
2026-09-27T03:03:21,63,95,0.93,1
2026-09-27T03:03:22,65,94,0.94,1
2026-09-27T03:03:23,66,96,0.90,1
2026-09-27T03:03:24,66,94,0.93,1
2026-09-27T03:03:25,63,94,0.85,1
2026-09-27T03:03:26,60,96,0.88,1
2026-09-27T03:03:27,66,96,0.87,1
2026-09-27T03:03:28,61,96,0.90,1
2026-09-27T03:03:29,65,97,0.88,1
2026-09-27T03:03:30,60,94,0.92,1
2026-09-27T03:03:31,64,95,0.91,1
2026-09-27T03:03:32,65,97,0.93,1
2026-09-27T03:03:33,63,96,0.91,1
2026-09-27T03:03:34,64,95,0.94,1
2026-09-27T03:03:35,65,97,0.94,1
2026-09-27T03:03:36,65,94,0.91,1
2026-09-27T03:03:37,60,95,0.85,1
2026-09-27T03:03:38,61,96,0.89,1
2026-09-27T03:03:39,63,94,0.90,1
2026-09-27T03:03:40,62,95,0.92,1
2026-09-27T03:03:41,66,96,0.86,1
2026-09-27T03:03:42,66,95,0.86,1
2026-09-27T03:03:43,65,95,0.91,1
2026-09-27T03:03:44,60,97,0.92,1
2026-09-27T03:03:45,64,94,0.87,1
2026-09-27T03:03:46,65,94,0.95,1
2026-09-27T03:03:47,60,96,0.94,1
2026-09-27T03:03:48,66,96,0.85,1
2026-09-27T03:03:49,63,94,0.88,1
2026-09-27T03:03:50,60,94,0.88,1
2026-09-27T03:03:51,62,94,0.87,1
2026-09-27T03:03:52,65,96,0.88,1
2026-09-27T03:03:53,66,97,0.92,1
2026-09-27T03:03:54,61,94,0.90,1
2026-09-27T03:03:55,65,96,0.87,1
2026-09-27T03:03:56,63,95,0.94,1
2026-09-27T03:03:57,66,94,0.87,1
2026-09-27T03:03:58,64,94,0.92,1
2026-09-27T03:03:59,63,96,0.93,1
2026-09-27T03:04:00,64,96,0.93,1
2026-09-27T03:04:01,65,96,0.92,1
2026-09-27T03:04:02,63,97,0.93,1
2026-09-27T03:04:03,60,94,0.93,1
2026-09-27T03:04:04,60,95,0.87,1
2026-09-27T03:04:05,63,97,0.91,1
2026-09-27T03:04:06,66,95,0.89,1
2026-09-27T03:04:07,65,94,0.87,1
2026-09-27T03:04:08,62,95,0.87,1
2026-09-27T03:04:09,66,96,0.92,1
2026-09-27T03:04:10,60,95,0.88,1
2026-09-27T03:04:11,64,95,0.95,1
2026-09-27T03:04:12,62,95,0.93,1
2026-09-27T03:04:13,63,95,0.86,1
2026-09-27T03:04:14,62,94,0.91,1
2026-09-27T03:04:15,61,95,0.92,1
2026-09-27T03:04:16,62,94,0.85,1
2026-09-27T03:04:17,61,97,0.91,1
2026-09-27T03:04:18,65,97,0.93,1
2026-09-27T03:04:19,64,97,0.87,1
2026-09-27T03:04:20,60,97,0.85,1
2026-09-27T03:04:21,65,96,0.94,1
2026-09-27T03:04:22,63,94,0.91,1
2026-09-27T03:04:23,65,96,0.94,1
2026-09-27T03:04:24,60,97,0.90,1
2026-09-27T03:04:25,66,94,0.92,1
2026-09-27T03:04:26,62,96,0.91,1
2026-09-27T03:04:27,64,95,0.89,1
2026-09-27T03:04:28,60,94,0.94,1
2026-09-27T03:04:29,64,95,0.91,1
2026-09-27T03:04:30,65,96,0.85,1
2026-09-27T03:04:31,63,96,0.92,1
2026-09-27T03:04:32,64,97,0.94,1
2026-09-27T03:04:33,61,96,0.94,1
2026-09-27T03:04:34,64,94,0.91,1
2026-09-27T03:04:35,60,96,0.88,1
2026-09-27T03:04:36,63,97,0.86,1
2026-09-27T03:04:37,66,94,0.93,1
2026-09-27T03:04:38,61,97,0.89,1
2026-09-27T03:04:39,66,97,0.90,1
2026-09-27T03:04:40,61,94,0.87,1
2026-09-27T03:04:41,65,94,0.94,1
2026-09-27T03:04:42,66,96,0.94,1
2026-09-27T03:04:43,62,95,0.89,1
2026-09-27T03:04:44,63,94,0.94,1
2026-09-27T03:04:45,60,94,0.91,1
2026-09-27T03:04:46,61,97,0.95,1
2026-09-27T03:04:47,65,95,0.90,1
2026-09-27T03:04:48,66,95,0.88,1
2026-09-27T03:04:49,63,96,0.88,1
2026-09-27T03:04:50,65,94,0.92,1
2026-09-27T03:04:51,66,94,0.90,1
2026-09-27T03:04:52,65,96,0.90,1
2026-09-27T03:04:53,63,94,0.92,1
2026-09-27T03:04:54,61,97,0.93,1
2026-09-27T03:04:55,62,94,0.87,1
2026-09-27T03:04:56,66,95,0.94,1
2026-09-27T03:04:57,64,94,0.88,1
2026-09-27T03:04:58,61,96,0.87,1
2026-09-27T03:04:59,60,95,0.86,1
2026-09-27T03:05:00,60,95,0.89,1
2026-09-27T03:05:01,65,95,0.87,1
2026-09-27T03:05:02,61,97,0.91,1
2026-09-27T03:05:03,66,94,0.87,1
2026-09-27T03:05:04,64,97,0.94,1
2026-09-27T03:05:05,61,97,0.93,1
2026-09-27T03:05:06,64,94,0.89,1
2026-09-27T03:05:07,61,97,0.89,1
2026-09-27T03:05:08,66,97,0.85,1
2026-09-27T03:05:09,65,96,0.88,1
2026-09-27T03:05:10,64,96,0.87,1
2026-09-27T03:05:11,61,96,0.90,1
2026-09-27T03:05:12,61,96,0.87,1
2026-09-27T03:05:13,64,97,0.86,1
2026-09-27T03:05:14,60,96,0.87,1
2026-09-27T03:05:15,64,94,0.86,1
2026-09-27T03:05:16,65,95,0.95,1
2026-09-27T03:05:17,66,94,0.95,1
2026-09-27T03:05:18,63,94,0.88,1
2026-09-27T03:05:19,62,96,0.92,1
2026-09-27T03:05:20,65,95,0.85,1
2026-09-27T03:05:21,62,94,0.88,1
2026-09-27T03:05:22,64,94,0.92,1
2026-09-27T03:05:23,63,94,0.89,1
2026-09-27T03:05:24,65,96,0.86,1
2026-09-27T03:05:25,61,95,0.94,1
2026-09-27T03:05:26,66,97,0.85,1
2026-09-27T03:05:27,65,95,0.86,1
2026-09-27T03:05:28,60,97,0.89,1
2026-09-27T03:05:29,64,95,0.93,1
2026-09-27T03:05:30,64,95,0.89,1
2026-09-27T03:05:31,65,96,0.89,1
2026-09-27T03:05:32,66,94,0.94,1
2026-09-27T03:05:33,65,95,0.93,1
2026-09-27T03:05:34,63,94,0.93,1
2026-09-27T03:05:35,64,94,0.87,1
2026-09-27T03:05:36,66,97,0.87,1
2026-09-27T03:05:37,60,97,0.95,1
2026-09-27T03:05:38,60,95,0.90,1
2026-09-27T03:05:39,61,96,0.93,1
2026-09-27T03:05:40,60,96,0.89,1
2026-09-27T03:05:41,60,97,0.92,1
2026-09-27T03:05:42,63,94,0.91,1
2026-09-27T03:05:43,64,96,0.90,1
2026-09-27T03:05:44,65,97,0.86,1
2026-09-27T03:05:45,61,94,0.86,1
2026-09-27T03:05:46,61,95,0.91,1
2026-09-27T03:05:47,63,94,0.86,1
2026-09-27T03:05:48,63,94,0.93,1
2026-09-27T03:05:49,64,97,0.88,1
2026-09-27T03:05:50,61,94,0.90,1
2026-09-27T03:05:51,63,94,0.92,1
2026-09-27T03:05:52,62,94,0.95,1
2026-09-27T03:05:53,66,94,0.88,1
2026-09-27T03:05:54,66,95,0.94,1
2026-09-27T03:05:55,62,94,0.92,1
2026-09-27T03:05:56,65,97,0.87,1
2026-09-27T03:05:57,66,94,0.89,1
2026-09-27T03:05:58,66,97,0.89,1
2026-09-27T03:05:59,64,97,0.86,1
2026-09-27T03:06:00,63,94,0.86,1
2026-09-27T03:06:01,64,94,0.86,1
2026-09-27T03:06:02,60,95,0.89,1
2026-09-27T03:06:03,60,97,0.86,1
2026-09-27T03:06:04,66,94,0.88,1
2026-09-27T03:06:05,65,95,0.89,1
2026-09-27T03:06:06,62,94,0.89,1
2026-09-27T03:06:07,64,94,0.88,1
2026-09-27T03:06:08,64,94,0.86,1
2026-09-27T03:06:09,65,96,0.90,1
2026-09-27T03:06:10,62,95,0.90,1
2026-09-27T03:06:11,61,95,0.87,1
2026-09-27T03:06:12,62,97,0.92,1
2026-09-27T03:06:13,66,95,0.92,1
2026-09-27T03:06:14,63,95,0.92,1
2026-09-27T03:06:15,61,97,0.93,1
2026-09-27T03:06:16,64,97,0.91,1
2026-09-27T03:06:17,65,97,0.93,1
2026-09-27T03:06:18,65,95,0.87,1
2026-09-27T03:06:19,61,96,0.87,1
2026-09-27T03:06:20,61,97,0.87,1
2026-09-27T03:06:21,62,96,0.85,1
2026-09-27T03:06:22,62,95,0.90,1
2026-09-27T03:06:23,61,94,0.93,1
2026-09-27T03:06:24,66,97,0.94,1
2026-09-27T03:06:25,64,97,0.86,1
2026-09-27T03:06:26,62,94,0.91,1
2026-09-27T03:06:27,63,94,0.92,1
2026-09-27T03:06:28,63,95,0.87,1
2026-09-27T03:06:29,66,94,0.87,1
2026-09-27T03:06:30,65,97,0.93,1
2026-09-27T03:06:31,62,96,0.86,1
2026-09-27T03:06:32,61,95,0.86,1
2026-09-27T03:06:33,66,97,0.90,1
2026-09-27T03:06:34,66,97,0.88,1
2026-09-27T03:06:35,66,94,0.89,1
2026-09-27T03:06:36,62,94,0.89,1
2026-09-27T03:06:37,60,96,0.92,1
2026-09-27T03:06:38,65,97,0.87,1
2026-09-27T03:06:39,65,95,0.94,1
2026-09-27T03:06:40,60,96,0.86,1
2026-09-27T03:06:41,66,95,0.90,1
2026-09-27T03:06:42,66,97,0.94,1
2026-09-27T03:06:43,66,94,0.94,1
2026-09-27T03:06:44,64,94,0.87,1
2026-09-27T03:06:45,60,95,0.86,1
2026-09-27T03:06:46,62,97,0.92,1
2026-09-27T03:06:47,61,94,0.88,1
2026-09-27T03:06:48,64,94,0.87,1
2026-09-27T03:06:49,62,96,0.95,1
2026-09-27T03:06:50,60,97,0.93,1
2026-09-27T03:06:51,64,97,0.88,1
2026-09-27T03:06:52,65,97,0.95,1
2026-09-27T03:06:53,62,97,0.91,1
2026-09-27T03:06:54,65,97,0.95,1
2026-09-27T03:06:55,62,97,0.95,1
2026-09-27T03:06:56,65,97,0.89,1
2026-09-27T03:06:57,63,96,0.89,1
2026-09-27T03:06:58,62,97,0.87,1
2026-09-27T03:06:59,60,95,0.90,1
2026-09-27T03:07:00,62,97,0.88,1
2026-09-27T03:07:01,64,97,0.94,1
2026-09-27T03:07:02,60,96,0.90,1
2026-09-27T03:07:03,66,94,0.85,1
2026-09-27T03:07:04,64,94,0.95,1
2026-09-27T03:07:05,65,95,0.92,1
2026-09-27T03:07:06,62,97,0.85,1
2026-09-27T03:07:07,60,97,0.95,1
2026-09-27T03:07:08,65,97,0.87,1
2026-09-27T03:07:09,66,97,0.92,1
2026-09-27T03:07:10,61,97,0.90,1
2026-09-27T03:07:11,61,97,0.92,1
2026-09-27T03:07:12,60,96,0.93,1
2026-09-27T03:07:13,63,97,0.87,1
2026-09-27T03:07:14,60,95,0.87,1
2026-09-27T03:07:15,63,94,0.92,1
2026-09-27T03:07:16,64,95,0.87,1
2026-09-27T03:07:17,65,95,0.93,1
2026-09-27T03:07:18,66,96,0.88,1
2026-09-27T03:07:19,62,97,0.93,1
2026-09-27T03:07:20,60,95,0.89,1
2026-09-27T03:07:21,66,94,0.89,1
2026-09-27T03:07:22,63,97,0.86,1
2026-09-27T03:07:23,66,96,0.89,1
2026-09-27T03:07:24,60,97,0.93,1
2026-09-27T03:07:25,65,97,0.88,1
2026-09-27T03:07:26,63,97,0.85,1
2026-09-27T03:07:27,65,95,0.86,1
2026-09-27T03:07:28,63,94,0.92,1
2026-09-27T03:07:29,64,94,0.94,1
2026-09-27T03:07:30,65,96,0.88,1
2026-09-27T03:07:31,61,94,0.91,1
2026-09-27T03:07:32,66,96,0.90,1
2026-09-27T03:07:33,62,96,0.89,1
2026-09-27T03:07:34,61,94,0.94,1
2026-09-27T03:07:35,61,97,0.90,1
2026-09-27T03:07:36,61,95,0.95,1
2026-09-27T03:07:37,61,96,0.86,1
2026-09-27T03:07:38,65,95,0.90,1
2026-09-27T03:07:39,64,97,0.94,1
2026-09-27T03:07:40,60,96,0.90,1
2026-09-27T03:07:41,66,94,0.93,1
2026-09-27T03:07:42,61,96,0.91,1
2026-09-27T03:07:43,62,94,0.87,1
2026-09-27T03:07:44,61,97,0.86,1
2026-09-27T03:07:45,64,97,0.90,1
2026-09-27T03:07:46,65,95,0.88,1
2026-09-27T03:07:47,60,96,0.90,1
2026-09-27T03:07:48,60,95,0.89,1
2026-09-27T03:07:49,62,96,0.87,1
2026-09-27T03:07:50,63,95,0.92,1
2026-09-27T03:07:51,62,97,0.93,1
2026-09-27T03:07:52,61,94,0.89,1
2026-09-27T03:07:53,60,97,0.87,1
2026-09-27T03:07:54,60,94,0.91,1
2026-09-27T03:07:55,65,94,0.86,1
2026-09-27T03:07:56,60,96,0.93,1
2026-09-27T03:07:57,66,95,0.91,1
2026-09-27T03:07:58,60,94,0.87,1
2026-09-27T03:07:59,60,95,0.91,1
2026-09-27T03:08:00,66,96,0.92,1
2026-09-27T03:08:01,63,97,0.85,1
2026-09-27T03:08:02,61,97,0.85,1
2026-09-27T03:08:03,65,97,0.87,1
2026-09-27T03:08:04,66,97,0.93,1
2026-09-27T03:08:05,61,95,0.95,1
2026-09-27T03:08:06,64,95,0.89,1
2026-09-27T03:08:07,63,97,0.89,1
2026-09-27T03:08:08,60,97,0.86,1
2026-09-27T03:08:09,63,96,0.87,1
2026-09-27T03:08:10,60,96,0.94,1
2026-09-27T03:08:11,62,95,0.89,1
2026-09-27T03:08:12,63,95,0.88,1
2026-09-27T03:08:13,64,94,0.95,1
2026-09-27T03:08:14,63,95,0.88,1
2026-09-27T03:08:15,63,94,0.92,1
2026-09-27T03:08:16,62,97,0.88,1
2026-09-27T03:08:17,60,96,0.94,1
2026-09-27T03:08:18,63,94,0.93,1
2026-09-27T03:08:19,66,94,0.91,1
2026-09-27T03:08:20,65,97,0.86,1
2026-09-27T03:08:21,62,95,0.88,1
2026-09-27T03:08:22,63,97,0.89,1
2026-09-27T03:08:23,62,97,0.90,1
2026-09-27T03:08:24,65,97,0.89,1
2026-09-27T03:08:25,61,95,0.87,1
2026-09-27T03:08:26,62,95,0.87,1
2026-09-27T03:08:27,65,97,0.89,1
2026-09-27T03:08:28,63,94,0.88,1
2026-09-27T03:08:29,61,95,0.87,1
2026-09-27T03:08:30,60,94,0.91,1
2026-09-27T03:08:31,64,97,0.91,1
2026-09-27T03:08:32,63,95,0.89,1
2026-09-27T03:08:33,64,96,0.93,1
2026-09-27T03:08:34,65,96,0.88,1
2026-09-27T03:08:35,61,97,0.95,1
2026-09-27T03:08:36,61,96,0.85,1
2026-09-27T03:08:37,66,96,0.87,1
2026-09-27T03:08:38,61,95,0.86,1
2026-09-27T03:08:39,62,95,0.91,1
2026-09-27T03:08:40,60,95,0.90,1
2026-09-27T03:08:41,62,94,0.87,1
2026-09-27T03:08:42,62,94,0.87,1
2026-09-27T03:08:43,66,96,0.92,1
2026-09-27T03:08:44,65,96,0.95,1
2026-09-27T03:08:45,61,97,0.90,1
2026-09-27T03:08:46,63,97,0.89,1
2026-09-27T03:08:47,66,96,0.87,1
2026-09-27T03:08:48,62,97,0.86,1
2026-09-27T03:08:49,62,96,0.86,1
2026-09-27T03:08:50,61,94,0.88,1
2026-09-27T03:08:51,61,96,0.91,1
2026-09-27T03:08:52,60,94,0.86,1
2026-09-27T03:08:53,66,95,0.86,1
2026-09-27T03:08:54,66,96,0.87,1
2026-09-27T03:08:55,64,95,0.87,1
2026-09-27T03:08:56,61,94,0.86,1
2026-09-27T03:08:57,64,94,0.93,1
2026-09-27T03:08:58,60,95,0.89,1
2026-09-27T03:08:59,60,94,0.93,1
2026-09-27T03:09:00,61,94,0.91,1
2026-09-27T03:09:01,61,95,0.95,1
2026-09-27T03:09:02,64,94,0.89,1
2026-09-27T03:09:03,62,94,0.91,1
2026-09-27T03:09:04,62,96,0.92,1
2026-09-27T03:09:05,60,94,0.95,1
2026-09-27T03:09:06,62,96,0.94,1
2026-09-27T03:09:07,62,95,0.87,1
2026-09-27T03:09:08,64,94,0.89,1
2026-09-27T03:09:09,63,97,0.89,1
2026-09-27T03:09:10,66,96,0.93,1
2026-09-27T03:09:11,61,97,0.91,1
2026-09-27T03:09:12,60,95,0.93,1
2026-09-27T03:09:13,60,94,0.95,1
2026-09-27T03:09:14,65,94,0.93,1
2026-09-27T03:09:15,60,96,0.87,1
2026-09-27T03:09:16,65,97,0.90,1
2026-09-27T03:09:17,66,96,0.92,1
2026-09-27T03:09:18,61,97,0.94,1
2026-09-27T03:09:19,65,97,0.93,1
2026-09-27T03:09:20,61,96,0.93,1
2026-09-27T03:09:21,63,96,0.94,1
2026-09-27T03:09:22,60,94,0.92,1
2026-09-27T03:09:23,65,97,0.91,1
2026-09-27T03:09:24,66,94,0.90,1
2026-09-27T03:09:25,62,95,0.92,1
2026-09-27T03:09:26,61,96,0.92,1
2026-09-27T03:09:27,66,95,0.89,1
2026-09-27T03:09:28,61,94,0.90,1
2026-09-27T03:09:29,65,94,0.95,1
2026-09-27T03:09:30,65,94,0.90,1
2026-09-27T03:09:31,60,94,0.95,1
2026-09-27T03:09:32,61,95,0.93,1
2026-09-27T03:09:33,66,94,0.89,1
2026-09-27T03:09:34,60,96,0.86,1
2026-09-27T03:09:35,63,97,0.93,1
2026-09-27T03:09:36,64,94,0.93,1
2026-09-27T03:09:37,63,96,0.94,1
2026-09-27T03:09:38,62,96,0.88,1
2026-09-27T03:09:39,64,96,0.87,1
2026-09-27T03:09:40,63,96,0.88,1
2026-09-27T03:09:41,63,96,0.94,1
2026-09-27T03:09:42,64,96,0.92,1
2026-09-27T03:09:43,61,95,0.85,1
2026-09-27T03:09:44,62,95,0.89,1
2026-09-27T03:09:45,63,95,0.88,1
2026-09-27T03:09:46,65,94,0.95,1
2026-09-27T03:09:47,65,96,0.91,1
2026-09-27T03:09:48,63,96,0.90,1
2026-09-27T03:09:49,66,95,0.86,1
2026-09-27T03:09:50,63,95,0.92,1
2026-09-27T03:09:51,66,96,0.87,1
2026-09-27T03:09:52,61,96,0.86,1
2026-09-27T03:09:53,65,94,0.90,1
2026-09-27T03:09:54,63,96,0.92,1
2026-09-27T03:09:55,65,94,0.94,1
2026-09-27T03:09:56,62,97,0.89,1
2026-09-27T03:09:57,60,94,0.94,1
2026-09-27T03:09:58,66,95,0.88,1
2026-09-27T03:09:59,65,97,0.91,1
2026-09-27T03:10:00,61,94,0.86,1
2026-09-27T03:10:01,62,96,0.94,1
2026-09-27T03:10:02,62,94,0.89,1
2026-09-27T03:10:03,62,97,0.91,1
2026-09-27T03:10:04,63,95,0.87,1
2026-09-27T03:10:05,65,95,0.89,1
2026-09-27T03:10:06,66,95,0.89,1
2026-09-27T03:10:07,61,95,0.92,1
2026-09-27T03:10:08,64,96,0.91,1
2026-09-27T03:10:09,60,94,0.86,1
2026-09-27T03:10:10,61,97,0.88,1
2026-09-27T03:10:11,62,97,0.91,1
2026-09-27T03:10:12,61,94,0.95,1
2026-09-27T03:10:13,61,94,0.92,1
2026-09-27T03:10:14,63,94,0.88,1
2026-09-27T03:10:15,62,97,0.89,1
2026-09-27T03:10:16,65,96,0.89,1
2026-09-27T03:10:17,62,96,0.92,1
2026-09-27T03:10:18,61,95,0.91,1
2026-09-27T03:10:19,61,95,0.92,1
2026-09-27T03:10:20,65,95,0.86,1
2026-09-27T03:10:21,65,94,0.90,1
2026-09-27T03:10:22,61,94,0.90,1
2026-09-27T03:10:23,65,96,0.86,1
2026-09-27T03:10:24,60,96,0.89,1
2026-09-27T03:10:25,65,97,0.87,1
2026-09-27T03:10:26,65,94,0.95,1
2026-09-27T03:10:27,60,94,0.90,1
2026-09-27T03:10:28,63,95,0.92,1
2026-09-27T03:10:29,65,96,0.90,1
2026-09-27T03:10:30,63,95,0.87,1
2026-09-27T03:10:31,60,95,0.89,1
2026-09-27T03:10:32,65,95,0.86,1
2026-09-27T03:10:33,62,96,0.94,1
2026-09-27T03:10:34,63,97,0.89,1
2026-09-27T03:10:35,63,97,0.86,1
2026-09-27T03:10:36,64,96,0.93,1
2026-09-27T03:10:37,65,95,0.90,1
2026-09-27T03:10:38,65,95,0.88,1
2026-09-27T03:10:39,61,96,0.92,1
2026-09-27T03:10:40,63,97,0.86,1
2026-09-27T03:10:41,62,97,0.92,1
2026-09-27T03:10:42,61,94,0.95,1
2026-09-27T03:10:43,65,95,0.92,1
2026-09-27T03:10:44,65,95,0.91,1
2026-09-27T03:10:45,62,94,0.95,1
2026-09-27T03:10:46,63,95,0.87,1
2026-09-27T03:10:47,62,95,0.92,1
2026-09-27T03:10:48,64,96,0.92,1
2026-09-27T03:10:49,64,95,0.87,1
2026-09-27T03:10:50,65,95,0.92,1
2026-09-27T03:10:51,60,95,0.86,1
2026-09-27T03:10:52,63,95,0.90,1
2026-09-27T03:10:53,60,95,0.91,1
2026-09-27T03:10:54,60,94,0.86,1
2026-09-27T03:10:55,64,95,0.86,1
2026-09-27T03:10:56,65,95,0.95,1
2026-09-27T03:10:57,60,97,0.89,1
2026-09-27T03:10:58,62,95,0.90,1
2026-09-27T03:10:59,64,97,0.91,1
2026-09-27T03:11:00,62,96,0.85,1
2026-09-27T03:11:01,63,96,0.91,1
2026-09-27T03:11:02,63,96,0.92,1
2026-09-27T03:11:03,60,95,0.88,1
2026-09-27T03:11:04,61,94,0.90,1
2026-09-27T03:11:05,61,94,0.90,1
2026-09-27T03:11:06,64,96,0.87,1
2026-09-27T03:11:07,60,97,0.91,1
2026-09-27T03:11:08,61,95,0.90,1
2026-09-27T03:11:09,66,95,0.91,1
2026-09-27T03:11:10,66,96,0.95,1
2026-09-27T03:11:11,63,95,0.89,1
2026-09-27T03:11:12,62,96,0.95,1
2026-09-27T03:11:13,66,97,0.90,1
2026-09-27T03:11:14,62,94,0.94,1
2026-09-27T03:11:15,61,94,0.89,1
2026-09-27T03:11:16,62,94,0.89,1
2026-09-27T03:11:17,61,95,0.85,1
2026-09-27T03:11:18,65,96,0.90,1
2026-09-27T03:11:19,63,96,0.86,1
2026-09-27T03:11:20,62,97,0.90,1
2026-09-27T03:11:21,63,97,0.87,1
2026-09-27T03:11:22,65,94,0.93,1
2026-09-27T03:11:23,66,96,0.87,1
2026-09-27T03:11:24,64,97,0.88,1
2026-09-27T03:11:25,63,96,0.88,1
2026-09-27T03:11:26,61,94,0.92,1
2026-09-27T03:11:27,64,97,0.88,1
2026-09-27T03:11:28,60,97,0.85,1
2026-09-27T03:11:29,60,96,0.93,1
2026-09-27T03:11:30,64,97,0.94,1
2026-09-27T03:11:31,64,96,0.91,1
2026-09-27T03:11:32,64,95,0.88,1
2026-09-27T03:11:33,66,97,0.91,1
2026-09-27T03:11:34,62,96,0.87,1
2026-09-27T03:11:35,62,97,0.95,1
2026-09-27T03:11:36,61,96,0.95,1
2026-09-27T03:11:37,65,95,0.92,1
2026-09-27T03:11:38,64,96,0.87,1
2026-09-27T03:11:39,62,94,0.94,1
2026-09-27T03:11:40,61,97,0.90,1
2026-09-27T03:11:41,64,95,0.95,1
2026-09-27T03:11:42,64,95,0.87,1
2026-09-27T03:11:43,65,95,0.87,1
2026-09-27T03:11:44,66,97,0.85,1
2026-09-27T03:11:45,64,95,0.95,1
2026-09-27T03:11:46,60,95,0.94,1
2026-09-27T03:11:47,60,97,0.87,1
2026-09-27T03:11:48,60,94,0.92,1
2026-09-27T03:11:49,61,96,0.93,1
2026-09-27T03:11:50,66,97,0.87,1
2026-09-27T03:11:51,66,97,0.92,1
2026-09-27T03:11:52,60,96,0.86,1
2026-09-27T03:11:53,62,97,0.87,1
2026-09-27T03:11:54,60,96,0.88,1
2026-09-27T03:11:55,64,95,0.88,1
2026-09-27T03:11:56,60,97,0.92,1
2026-09-27T03:11:57,64,94,0.87,1
2026-09-27T03:11:58,64,94,0.89,1
2026-09-27T03:11:59,66,95,0.89,1
2026-09-27T03:12:00,63,96,0.90,1
2026-09-27T03:12:01,63,97,0.85,1
2026-09-27T03:12:02,61,96,0.86,1
2026-09-27T03:12:03,63,96,0.91,1
2026-09-27T03:12:04,63,94,0.85,1
2026-09-27T03:12:05,61,97,0.86,1
2026-09-27T03:12:06,60,96,0.92,1
2026-09-27T03:12:07,62,94,0.93,1
2026-09-27T03:12:08,66,95,0.86,1
2026-09-27T03:12:09,64,95,0.89,1
2026-09-27T03:12:10,62,96,0.88,1
2026-09-27T03:12:11,64,94,0.91,1
2026-09-27T03:12:12,62,97,0.88,1
2026-09-27T03:12:13,66,97,0.86,1
2026-09-27T03:12:14,65,96,0.93,1
2026-09-27T03:12:15,64,96,0.88,1
2026-09-27T03:12:16,61,97,0.88,1
2026-09-27T03:12:17,65,95,0.93,1
2026-09-27T03:12:18,66,94,0.88,1
2026-09-27T03:12:19,62,96,0.89,1
2026-09-27T03:12:20,64,96,0.89,1
2026-09-27T03:12:21,64,97,0.94,1
2026-09-27T03:12:22,62,97,0.86,1
2026-09-27T03:12:23,62,94,0.86,1
2026-09-27T03:12:24,63,95,0.95,1
2026-09-27T03:12:25,65,96,0.90,1
2026-09-27T03:12:26,66,96,0.91,1
2026-09-27T03:12:27,62,96,0.92,1
2026-09-27T03:12:28,64,94,0.95,1
2026-09-27T03:12:29,60,94,0.94,1
2026-09-27T03:12:30,64,97,0.86,1
2026-09-27T03:12:31,63,96,0.87,1
2026-09-27T03:12:32,63,97,0.88,1
2026-09-27T03:12:33,61,97,0.94,1
2026-09-27T03:12:34,63,94,0.95,1
2026-09-27T03:12:35,65,96,0.90,1
2026-09-27T03:12:36,61,96,0.89,1
2026-09-27T03:12:37,63,97,0.90,1
2026-09-27T03:12:38,62,95,0.90,1
2026-09-27T03:12:39,66,96,0.91,1
2026-09-27T03:12:40,65,94,0.87,1
2026-09-27T03:12:41,60,96,0.89,1
2026-09-27T03:12:42,65,94,0.94,1
2026-09-27T03:12:43,61,94,0.91,1
2026-09-27T03:12:44,61,95,0.89,1
2026-09-27T03:12:45,61,95,0.88,1
2026-09-27T03:12:46,61,94,0.87,1
2026-09-27T03:12:47,66,96,0.87,1
2026-09-27T03:12:48,66,95,0.88,1
2026-09-27T03:12:49,65,97,0.94,1
2026-09-27T03:12:50,62,95,0.90,1
2026-09-27T03:12:51,61,97,0.85,1
2026-09-27T03:12:52,62,94,0.86,1
2026-09-27T03:12:53,62,97,0.89,1
2026-09-27T03:12:54,66,95,0.89,1
2026-09-27T03:12:55,60,96,0.93,1
2026-09-27T03:12:56,60,95,0.91,1
2026-09-27T03:12:57,64,95,0.95,1
2026-09-27T03:12:58,62,96,0.85,1
2026-09-27T03:12:59,64,97,0.90,1
2026-09-27T03:13:00,65,96,0.91,1
2026-09-27T03:13:01,66,96,0.91,1
2026-09-27T03:13:02,66,97,0.91,1
2026-09-27T03:13:03,60,94,0.95,1
2026-09-27T03:13:04,65,94,0.92,1
2026-09-27T03:13:05,66,94,0.86,1
2026-09-27T03:13:06,61,96,0.93,1
2026-09-27T03:13:07,66,96,0.85,1
2026-09-27T03:13:08,66,96,0.85,1
2026-09-27T03:13:09,60,94,0.93,1
2026-09-27T03:13:10,64,94,0.87,1
2026-09-27T03:13:11,66,96,0.95,1
2026-09-27T03:13:12,62,95,0.85,1
2026-09-27T03:13:13,64,94,0.93,1
2026-09-27T03:13:14,65,96,0.95,1
2026-09-27T03:13:15,63,97,0.87,1
2026-09-27T03:13:16,65,95,0.90,1
2026-09-27T03:13:17,63,96,0.88,1
2026-09-27T03:13:18,63,96,0.86,1
2026-09-27T03:13:19,63,96,0.88,1
2026-09-27T03:13:20,65,95,0.90,1
2026-09-27T03:13:21,65,94,0.86,1
2026-09-27T03:13:22,64,94,0.91,1
2026-09-27T03:13:23,62,97,0.89,1
2026-09-27T03:13:24,61,94,0.92,1
2026-09-27T03:13:25,62,95,0.86,1
2026-09-27T03:13:26,60,96,0.93,1
2026-09-27T03:13:27,62,97,0.85,1
2026-09-27T03:13:28,60,96,0.89,1
2026-09-27T03:13:29,66,95,0.85,1
2026-09-27T03:13:30,62,97,0.87,1
2026-09-27T03:13:31,62,94,0.88,1
2026-09-27T03:13:32,63,94,0.93,1
2026-09-27T03:13:33,64,94,0.87,1
2026-09-27T03:13:34,61,97,0.89,1
2026-09-27T03:13:35,63,95,0.92,1
2026-09-27T03:13:36,61,96,0.88,1
2026-09-27T03:13:37,64,95,0.88,1
2026-09-27T03:13:38,66,97,0.88,1
2026-09-27T03:13:39,61,96,0.89,1
2026-09-27T03:13:40,63,94,0.86,1
2026-09-27T03:13:41,62,97,0.91,1
2026-09-27T03:13:42,66,97,0.87,1
2026-09-27T03:13:43,64,95,0.91,1
2026-09-27T03:13:44,60,97,0.86,1
2026-09-27T03:13:45,66,97,0.95,1
2026-09-27T03:13:46,63,94,0.85,1
2026-09-27T03:13:47,63,96,0.86,1
2026-09-27T03:13:48,63,96,0.90,1
2026-09-27T03:13:49,61,95,0.87,1
2026-09-27T03:13:50,65,95,0.86,1
2026-09-27T03:13:51,66,96,0.89,1
2026-09-27T03:13:52,64,94,0.89,1
2026-09-27T03:13:53,63,97,0.93,1
2026-09-27T03:13:54,63,97,0.93,1
2026-09-27T03:13:55,62,97,0.89,1
2026-09-27T03:13:56,65,95,0.94,1
2026-09-27T03:13:57,65,94,0.92,1
2026-09-27T03:13:58,64,94,0.94,1
2026-09-27T03:13:59,64,96,0.93,1
2026-09-27T03:14:00,60,97,0.94,1
2026-09-27T03:14:01,62,94,0.87,1
2026-09-27T03:14:02,60,95,0.89,1
2026-09-27T03:14:03,65,95,0.91,1
2026-09-27T03:14:04,65,96,0.86,1
2026-09-27T03:14:05,64,95,0.90,1
2026-09-27T03:14:06,60,94,0.89,1
2026-09-27T03:14:07,61,97,0.89,1
2026-09-27T03:14:08,65,95,0.94,1
2026-09-27T03:14:09,66,96,0.91,1
2026-09-27T03:14:10,65,94,0.93,1
2026-09-27T03:14:11,65,96,0.86,1
2026-09-27T03:14:12,62,95,0.87,1
2026-09-27T03:14:13,60,96,0.94,1
2026-09-27T03:14:14,61,95,0.89,1
2026-09-27T03:14:15,65,94,0.86,1
2026-09-27T03:14:16,61,95,0.91,1
2026-09-27T03:14:17,61,96,0.92,1
2026-09-27T03:14:18,64,94,0.89,1
2026-09-27T03:14:19,63,95,0.88,1
2026-09-27T03:14:20,66,97,0.91,1
2026-09-27T03:14:21,65,97,0.94,1
2026-09-27T03:14:22,63,95,0.95,1
2026-09-27T03:14:23,64,95,0.91,1
2026-09-27T03:14:24,61,94,0.90,1
2026-09-27T03:14:25,66,94,0.89,1
2026-09-27T03:14:26,64,94,0.89,1
2026-09-27T03:14:27,65,95,0.90,1
2026-09-27T03:14:28,65,97,0.87,1
2026-09-27T03:14:29,64,95,0.89,1
2026-09-27T03:14:30,64,94,0.92,1
2026-09-27T03:14:31,66,95,0.88,1
2026-09-27T03:14:32,65,96,0.89,1
2026-09-27T03:14:33,63,97,0.91,1
2026-09-27T03:14:34,62,95,0.91,1
2026-09-27T03:14:35,62,94,0.85,1
2026-09-27T03:14:36,64,95,0.92,1
2026-09-27T03:14:37,62,96,0.93,1
2026-09-27T03:14:38,61,97,0.89,1
2026-09-27T03:14:39,64,97,0.87,1
2026-09-27T03:14:40,62,95,0.88,1
2026-09-27T03:14:41,62,94,0.94,1
2026-09-27T03:14:42,62,95,0.87,1
2026-09-27T03:14:43,62,95,0.87,1
2026-09-27T03:14:44,60,97,0.92,1
2026-09-27T03:14:45,61,97,0.93,1
2026-09-27T03:14:46,64,94,0.88,1
2026-09-27T03:14:47,64,94,0.86,1
2026-09-27T03:14:48,62,95,0.86,1
2026-09-27T03:14:49,64,94,0.90,1
2026-09-27T03:14:50,65,94,0.91,1
2026-09-27T03:14:51,61,94,0.87,1
2026-09-27T03:14:52,61,95,0.88,1
2026-09-27T03:14:53,65,97,0.87,1
2026-09-27T03:14:54,63,96,0.87,1
2026-09-27T03:14:55,62,95,0.89,1
2026-09-27T03:14:56,60,94,0.87,1
2026-09-27T03:14:57,63,96,0.90,1
2026-09-27T03:14:58,63,97,0.86,1
2026-09-27T03:14:59,64,96,0.90,1
2026-09-27T03:15:00,66,96,0.90,1
2026-09-27T03:15:01,64,97,0.89,1
2026-09-27T03:15:02,61,94,0.94,1
2026-09-27T03:15:03,61,95,0.89,1
2026-09-27T03:15:04,62,95,0.90,1
2026-09-27T03:15:05,66,97,0.95,1
2026-09-27T03:15:06,60,97,0.91,1
2026-09-27T03:15:07,61,94,0.92,1
2026-09-27T03:15:08,66,95,0.92,1
2026-09-27T03:15:09,61,95,0.94,1
2026-09-27T03:15:10,65,96,0.89,1
2026-09-27T03:15:11,65,96,0.90,1
2026-09-27T03:15:12,66,96,0.90,1
2026-09-27T03:15:13,63,97,0.93,1
2026-09-27T03:15:14,60,94,0.94,1
2026-09-27T03:15:15,65,94,0.88,1
2026-09-27T03:15:16,63,95,0.86,1
2026-09-27T03:15:17,66,95,0.90,1
2026-09-27T03:15:18,60,96,0.88,1
2026-09-27T03:15:19,61,94,0.92,1
2026-09-27T03:15:20,63,96,0.95,1
2026-09-27T03:15:21,65,95,0.94,1
2026-09-27T03:15:22,65,94,0.94,1
2026-09-27T03:15:23,66,95,0.86,1
2026-09-27T03:15:24,62,96,0.94,1
2026-09-27T03:15:25,66,96,0.86,1
2026-09-27T03:15:26,66,97,0.88,1
2026-09-27T03:15:27,60,94,0.92,1
2026-09-27T03:15:28,63,95,0.93,1
2026-09-27T03:15:29,62,97,0.89,1
2026-09-27T03:15:30,63,97,0.92,1
2026-09-27T03:15:31,64,94,0.89,1
2026-09-27T03:15:32,64,97,0.89,1
2026-09-27T03:15:33,62,97,0.91,1
2026-09-27T03:15:34,62,96,0.95,1
2026-09-27T03:15:35,63,96,0.88,1
2026-09-27T03:15:36,64,96,0.87,1
2026-09-27T03:15:37,65,94,0.89,1
2026-09-27T03:15:38,66,94,0.94,1
2026-09-27T03:15:39,65,95,0.90,1
2026-09-27T03:15:40,60,97,0.89,1
2026-09-27T03:15:41,60,94,0.88,1
2026-09-27T03:15:42,60,95,0.89,1
2026-09-27T03:15:43,65,96,0.85,1
2026-09-27T03:15:44,60,96,0.94,1
2026-09-27T03:15:45,66,96,0.92,1
2026-09-27T03:15:46,62,96,0.90,1
2026-09-27T03:15:47,62,97,0.93,1
2026-09-27T03:15:48,62,95,0.86,1
2026-09-27T03:15:49,60,97,0.89,1
2026-09-27T03:15:50,65,96,0.93,1
2026-09-27T03:15:51,60,96,0.91,1
2026-09-27T03:15:52,65,97,0.87,1
2026-09-27T03:15:53,60,94,0.91,1
2026-09-27T03:15:54,61,96,0.86,1
2026-09-27T03:15:55,61,94,0.89,1
2026-09-27T03:15:56,66,95,0.89,1
2026-09-27T03:15:57,64,97,0.88,1
2026-09-27T03:15:58,65,97,0.92,1
2026-09-27T03:15:59,64,97,0.88,1
2026-09-27T03:16:00,61,95,0.92,1
2026-09-27T03:16:01,65,94,0.95,1
2026-09-27T03:16:02,62,94,0.90,1
2026-09-27T03:16:03,60,97,0.90,1
2026-09-27T03:16:04,65,94,0.95,1
2026-09-27T03:16:05,65,96,0.91,1
2026-09-27T03:16:06,63,95,0.95,1
2026-09-27T03:16:07,66,95,0.94,1
2026-09-27T03:16:08,66,94,0.93,1
2026-09-27T03:16:09,65,95,0.95,1
2026-09-27T03:16:10,65,96,0.90,1
2026-09-27T03:16:11,62,97,0.93,1
2026-09-27T03:16:12,66,97,0.88,1
2026-09-27T03:16:13,62,94,0.93,1
2026-09-27T03:16:14,62,95,0.90,1
2026-09-27T03:16:15,63,95,0.87,1
2026-09-27T03:16:16,64,95,0.91,1
2026-09-27T03:16:17,66,94,0.87,1
2026-09-27T03:16:18,62,96,0.90,1
2026-09-27T03:16:19,66,94,0.85,1
2026-09-27T03:16:20,66,95,0.90,1
2026-09-27T03:16:21,60,94,0.88,1
2026-09-27T03:16:22,66,94,0.88,1
2026-09-27T03:16:23,64,97,0.89,1
2026-09-27T03:16:24,61,94,0.93,1
2026-09-27T03:16:25,61,94,0.86,1
2026-09-27T03:16:26,66,96,0.85,1
2026-09-27T03:16:27,61,95,0.89,1
2026-09-27T03:16:28,63,94,0.86,1
2026-09-27T03:16:29,60,95,0.85,1
2026-09-27T03:16:30,63,96,0.86,1
2026-09-27T03:16:31,66,96,0.94,1
2026-09-27T03:16:32,60,94,0.86,1
2026-09-27T03:16:33,62,95,0.89,1
2026-09-27T03:16:34,63,96,0.92,1
2026-09-27T03:16:35,62,97,0.92,1
2026-09-27T03:16:36,66,97,0.90,1
2026-09-27T03:16:37,61,95,0.87,1
2026-09-27T03:16:38,61,94,0.94,1
2026-09-27T03:16:39,62,95,0.95,1
2026-09-27T03:16:40,61,97,0.87,1
2026-09-27T03:16:41,62,95,0.86,1
2026-09-27T03:16:42,62,97,0.93,1
2026-09-27T03:16:43,64,94,0.86,1
2026-09-27T03:16:44,62,95,0.95,1
2026-09-27T03:16:45,64,97,0.91,1
2026-09-27T03:16:46,60,94,0.86,1
2026-09-27T03:16:47,63,97,0.93,1
2026-09-27T03:16:48,65,96,0.92,1
2026-09-27T03:16:49,63,97,0.87,1
2026-09-27T03:16:50,64,95,0.90,1
2026-09-27T03:16:51,64,96,0.87,1
2026-09-27T03:16:52,61,94,0.90,1
2026-09-27T03:16:53,62,96,0.92,1
2026-09-27T03:16:54,60,96,0.93,1
2026-09-27T03:16:55,65,97,0.86,1
2026-09-27T03:16:56,64,94,0.91,1
2026-09-27T03:16:57,60,97,0.93,1
2026-09-27T03:16:58,62,96,0.87,1
2026-09-27T03:16:59,63,95,0.91,1
2026-09-27T03:17:00,62,94,0.94,1
2026-09-27T03:17:01,60,97,0.89,1
2026-09-27T03:17:02,66,94,0.89,1
2026-09-27T03:17:03,60,97,0.87,1
2026-09-27T03:17:04,66,95,0.91,1
2026-09-27T03:17:05,62,96,0.86,1
2026-09-27T03:17:06,60,94,0.91,1
2026-09-27T03:17:07,64,95,0.94,1
2026-09-27T03:17:08,65,97,0.86,1
2026-09-27T03:17:09,63,95,0.91,1
2026-09-27T03:17:10,66,94,0.88,1
2026-09-27T03:17:11,63,97,0.88,1
2026-09-27T03:17:12,61,94,0.88,1
2026-09-27T03:17:13,64,96,0.93,1
2026-09-27T03:17:14,61,94,0.89,1
2026-09-27T03:17:15,61,97,0.85,1
2026-09-27T03:17:16,64,96,0.92,1
2026-09-27T03:17:17,63,96,0.90,1
2026-09-27T03:17:18,63,97,0.93,1
2026-09-27T03:17:19,61,96,0.86,1
2026-09-27T03:17:20,64,95,0.88,1
2026-09-27T03:17:21,62,94,0.88,1
2026-09-27T03:17:22,64,94,0.87,1
2026-09-27T03:17:23,65,97,0.94,1
2026-09-27T03:17:24,60,96,0.88,1
2026-09-27T03:17:25,64,94,0.91,1
2026-09-27T03:17:26,64,96,0.90,1
2026-09-27T03:17:27,62,96,0.89,1
2026-09-27T03:17:28,61,96,0.91,1
2026-09-27T03:17:29,61,95,0.85,1
2026-09-27T03:17:30,62,96,0.86,1
2026-09-27T03:17:31,60,96,0.88,1
2026-09-27T03:17:32,60,94,0.93,1
2026-09-27T03:17:33,63,95,0.92,1
2026-09-27T03:17:34,63,96,0.86,1
2026-09-27T03:17:35,65,96,0.94,1
2026-09-27T03:17:36,65,94,0.87,1
2026-09-27T03:17:37,62,97,0.93,1
2026-09-27T03:17:38,64,94,0.95,1
2026-09-27T03:17:39,66,95,0.92,1
2026-09-27T03:17:40,66,97,0.87,1
2026-09-27T03:17:41,62,94,0.91,1
2026-09-27T03:17:42,61,97,0.86,1
2026-09-27T03:17:43,62,97,0.94,1
2026-09-27T03:17:44,61,95,0.86,1
2026-09-27T03:17:45,63,94,0.86,1
2026-09-27T03:17:46,63,97,0.86,1
2026-09-27T03:17:47,62,95,0.86,1
2026-09-27T03:17:48,61,96,0.94,1
2026-09-27T03:17:49,60,94,0.94,1
2026-09-27T03:17:50,66,97,0.90,1
2026-09-27T03:17:51,61,95,0.94,1
2026-09-27T03:17:52,60,96,0.89,1
2026-09-27T03:17:53,66,96,0.93,1
2026-09-27T03:17:54,61,94,0.93,1
2026-09-27T03:17:55,60,94,0.95,1
2026-09-27T03:17:56,61,97,0.91,1
2026-09-27T03:17:57,64,95,0.91,1
2026-09-27T03:17:58,65,94,0.89,1
2026-09-27T03:17:59,66,97,0.91,1
2026-09-27T03:18:00,65,94,0.91,1
2026-09-27T03:18:01,63,95,0.86,1
2026-09-27T03:18:02,66,94,0.89,1
2026-09-27T03:18:03,64,95,0.86,1
2026-09-27T03:18:04,63,95,0.92,1
2026-09-27T03:18:05,60,95,0.90,1
2026-09-27T03:18:06,63,97,0.85,1
2026-09-27T03:18:07,64,94,0.88,1
2026-09-27T03:18:08,65,94,0.90,1
2026-09-27T03:18:09,64,96,0.92,1
2026-09-27T03:18:10,65,94,0.88,1
2026-09-27T03:18:11,64,97,0.94,1
2026-09-27T03:18:12,64,94,0.95,1
2026-09-27T03:18:13,60,97,0.86,1
2026-09-27T03:18:14,60,96,0.95,1
2026-09-27T03:18:15,63,97,0.92,1
2026-09-27T03:18:16,61,95,0.93,1
2026-09-27T03:18:17,60,95,0.86,1
2026-09-27T03:18:18,63,95,0.94,1
2026-09-27T03:18:19,62,94,0.86,1
2026-09-27T03:18:20,66,94,0.95,1
2026-09-27T03:18:21,64,96,0.92,1
2026-09-27T03:18:22,60,96,0.90,1
2026-09-27T03:18:23,63,94,0.94,1
2026-09-27T03:18:24,66,94,0.85,1
2026-09-27T03:18:25,61,97,0.89,1
2026-09-27T03:18:26,60,95,0.91,1
2026-09-27T03:18:27,66,97,0.86,1
2026-09-27T03:18:28,65,97,0.86,1
2026-09-27T03:18:29,60,96,0.94,1
2026-09-27T03:18:30,61,96,0.93,1
2026-09-27T03:18:31,64,94,0.86,1
2026-09-27T03:18:32,62,97,0.93,1
2026-09-27T03:18:33,63,95,0.87,1
2026-09-27T03:18:34,63,97,0.89,1
2026-09-27T03:18:35,62,97,0.92,1
2026-09-27T03:18:36,61,95,0.95,1
2026-09-27T03:18:37,60,95,0.90,1
2026-09-27T03:18:38,66,94,0.92,1
2026-09-27T03:18:39,65,95,0.91,1
2026-09-27T03:18:40,60,94,0.87,1
2026-09-27T03:18:41,62,95,0.88,1
2026-09-27T03:18:42,65,94,0.88,1
2026-09-27T03:18:43,61,95,0.89,1
2026-09-27T03:18:44,63,96,0.90,1
2026-09-27T03:18:45,61,94,0.93,1
2026-09-27T03:18:46,62,94,0.95,1
2026-09-27T03:18:47,61,95,0.93,1
2026-09-27T03:18:48,62,96,0.85,1
2026-09-27T03:18:49,61,94,0.93,1
2026-09-27T03:18:50,64,94,0.90,1
2026-09-27T03:18:51,65,95,0.90,1
2026-09-27T03:18:52,66,95,0.87,1
2026-09-27T03:18:53,65,95,0.87,1
2026-09-27T03:18:54,60,94,0.92,1
2026-09-27T03:18:55,66,94,0.92,1
2026-09-27T03:18:56,61,94,0.90,1
2026-09-27T03:18:57,61,97,0.86,1
2026-09-27T03:18:58,66,94,0.91,1
2026-09-27T03:18:59,62,95,0.87,1
2026-09-27T03:19:00,63,95,0.89,1
2026-09-27T03:19:01,61,95,0.90,1
2026-09-27T03:19:02,63,96,0.88,1
2026-09-27T03:19:03,66,94,0.94,1
2026-09-27T03:19:04,64,94,0.86,1
2026-09-27T03:19:05,66,96,0.94,1
2026-09-27T03:19:06,60,95,0.93,1
2026-09-27T03:19:07,61,95,0.94,1
2026-09-27T03:19:08,65,95,0.90,1
2026-09-27T03:19:09,62,94,0.93,1
2026-09-27T03:19:10,63,94,0.86,1
2026-09-27T03:19:11,65,97,0.86,1
2026-09-27T03:19:12,61,96,0.90,1
2026-09-27T03:19:13,62,97,0.95,1
2026-09-27T03:19:14,63,95,0.91,1
2026-09-27T03:19:15,62,94,0.94,1
2026-09-27T03:19:16,63,97,0.90,1
2026-09-27T03:19:17,66,95,0.93,1
2026-09-27T03:19:18,66,96,0.86,1
2026-09-27T03:19:19,64,97,0.91,1
2026-09-27T03:19:20,61,95,0.86,1
2026-09-27T03:19:21,63,94,0.93,1
2026-09-27T03:19:22,64,95,0.92,1
2026-09-27T03:19:23,63,96,0.86,1
2026-09-27T03:19:24,62,94,0.92,1
2026-09-27T03:19:25,63,96,0.93,1
2026-09-27T03:19:26,65,94,0.90,1
2026-09-27T03:19:27,60,95,0.93,1
2026-09-27T03:19:28,60,97,0.93,1
2026-09-27T03:19:29,64,97,0.91,1
2026-09-27T03:19:30,64,96,0.86,1
2026-09-27T03:19:31,63,97,0.88,1
2026-09-27T03:19:32,63,97,0.91,1
2026-09-27T03:19:33,61,95,0.86,1
2026-09-27T03:19:34,66,97,0.92,1
2026-09-27T03:19:35,62,97,0.87,1
2026-09-27T03:19:36,61,95,0.90,1
2026-09-27T03:19:37,62,94,0.92,1
2026-09-27T03:19:38,66,95,0.87,1
2026-09-27T03:19:39,63,96,0.86,1
2026-09-27T03:19:40,65,96,0.88,1
2026-09-27T03:19:41,64,97,0.93,1
2026-09-27T03:19:42,65,94,0.95,1
2026-09-27T03:19:43,61,96,0.89,1
2026-09-27T03:19:44,64,95,0.87,1
2026-09-27T03:19:45,61,95,0.91,1
2026-09-27T03:19:46,62,94,0.86,1
2026-09-27T03:19:47,61,96,0.94,1
2026-09-27T03:19:48,66,94,0.95,1
2026-09-27T03:19:49,64,95,0.93,1
2026-09-27T03:19:50,60,94,0.88,1
2026-09-27T03:19:51,66,97,0.87,1
2026-09-27T03:19:52,64,96,0.89,1
2026-09-27T03:19:53,62,95,0.86,1
2026-09-27T03:19:54,63,97,0.91,1
2026-09-27T03:19:55,60,95,0.94,1
2026-09-27T03:19:56,60,96,0.90,1
2026-09-27T03:19:57,60,94,0.88,1
2026-09-27T03:19:58,60,96,0.88,1
2026-09-27T03:19:59,64,95,0.87,1
2026-09-27T03:20:00,55,97,0.94,1
2026-09-27T03:20:01,56,97,0.92,1
2026-09-27T03:20:02,57,95,0.90,1
2026-09-27T03:20:03,55,96,0.86,1
2026-09-27T03:20:04,56,95,0.94,1
2026-09-27T03:20:05,57,97,0.86,1
2026-09-27T03:20:06,55,97,0.87,1
2026-09-27T03:20:07,56,97,0.91,1
2026-09-27T03:20:08,57,95,0.90,1
2026-09-27T03:20:09,55,94,0.86,1
2026-09-27T03:20:10,56,96,0.92,1
2026-09-27T03:20:11,57,95,0.94,1
2026-09-27T03:20:12,55,96,0.91,1
2026-09-27T03:20:13,56,94,0.91,1
2026-09-27T03:20:14,57,96,0.90,1
2026-09-27T03:20:15,55,94,0.94,1
2026-09-27T03:20:16,56,94,0.88,1
2026-09-27T03:20:17,57,97,0.94,1
2026-09-27T03:20:18,55,97,0.92,1
2026-09-27T03:20:19,56,94,0.89,1
2026-09-27T03:20:20,57,96,0.92,1
2026-09-27T03:20:21,55,97,0.93,1
2026-09-27T03:20:22,56,94,0.87,1
2026-09-27T03:20:23,57,94,0.92,1
2026-09-27T03:20:24,55,97,0.95,1
2026-09-27T03:20:25,56,94,0.87,1
2026-09-27T03:20:26,57,96,0.86,1
2026-09-27T03:20:27,55,96,0.87,1
2026-09-27T03:20:28,56,96,0.88,1
2026-09-27T03:20:29,57,94,0.91,1
2026-09-27T03:20:30,55,96,0.86,1
2026-09-27T03:20:31,56,95,0.93,1
2026-09-27T03:20:32,57,95,0.86,1
2026-09-27T03:20:33,55,95,0.91,1
2026-09-27T03:20:34,56,94,0.90,1
2026-09-27T03:20:35,57,95,0.94,1
2026-09-27T03:20:36,55,96,0.90,1
2026-09-27T03:20:37,56,97,0.87,1
2026-09-27T03:20:38,57,95,0.86,1
2026-09-27T03:20:39,55,97,0.94,1
2026-09-27T03:20:40,56,94,0.93,1
2026-09-27T03:20:41,57,94,0.94,1
2026-09-27T03:20:42,55,94,0.91,1
2026-09-27T03:20:43,56,97,0.95,1
2026-09-27T03:20:44,57,94,0.85,1
2026-09-27T03:20:45,55,94,0.86,1
2026-09-27T03:20:46,56,94,0.87,1
2026-09-27T03:20:47,57,96,0.86,1
2026-09-27T03:20:48,55,97,0.87,1
2026-09-27T03:20:49,56,94,0.87,1
2026-09-27T03:20:50,57,97,0.86,1
2026-09-27T03:20:51,55,97,0.88,1
2026-09-27T03:20:52,56,95,0.87,1
2026-09-27T03:20:53,57,96,0.88,1
2026-09-27T03:20:54,55,97,0.94,1
2026-09-27T03:20:55,56,97,0.90,1
2026-09-27T03:20:56,57,94,0.88,1
2026-09-27T03:20:57,55,96,0.87,1
2026-09-27T03:20:58,56,95,0.85,1
2026-09-27T03:20:59,57,94,0.92,1
2026-09-27T03:21:00,55,97,0.91,1
2026-09-27T03:21:01,56,96,0.94,1
2026-09-27T03:21:02,57,97,0.94,1
2026-09-27T03:21:03,55,97,0.86,1
2026-09-27T03:21:04,56,96,0.95,1
2026-09-27T03:21:05,57,95,0.89,1
2026-09-27T03:21:06,55,94,0.93,1
2026-09-27T03:21:07,56,96,0.87,1
2026-09-27T03:21:08,57,95,0.87,1
2026-09-27T03:21:09,55,97,0.95,1
2026-09-27T03:21:10,56,95,0.87,1
2026-09-27T03:21:11,57,96,0.90,1
2026-09-27T03:21:12,55,97,0.89,1
2026-09-27T03:21:13,56,96,0.88,1
2026-09-27T03:21:14,57,97,0.92,1
2026-09-27T03:21:15,55,94,0.88,1
2026-09-27T03:21:16,56,94,0.94,1
2026-09-27T03:21:17,57,96,0.94,1
2026-09-27T03:21:18,55,94,0.93,1
2026-09-27T03:21:19,56,94,0.87,1
2026-09-27T03:21:20,57,97,0.92,1
2026-09-27T03:21:21,55,94,0.94,1
2026-09-27T03:21:22,56,95,0.87,1
2026-09-27T03:21:23,57,96,0.88,1
2026-09-27T03:21:24,55,94,0.94,1
2026-09-27T03:21:25,56,94,0.91,1
2026-09-27T03:21:26,57,96,0.92,1
2026-09-27T03:21:27,55,94,0.92,1
2026-09-27T03:21:28,56,97,0.94,1
2026-09-27T03:21:29,57,94,0.94,1
2026-09-27T03:21:30,55,94,0.88,1
2026-09-27T03:21:31,56,94,0.94,1
2026-09-27T03:21:32,57,94,0.89,1
2026-09-27T03:21:33,55,94,0.94,1
2026-09-27T03:21:34,56,95,0.88,1
2026-09-27T03:21:35,57,94,0.92,1
2026-09-27T03:21:36,55,97,0.91,1
2026-09-27T03:21:37,56,95,0.95,1
2026-09-27T03:21:38,57,97,0.93,1
2026-09-27T03:21:39,55,94,0.86,1
2026-09-27T03:21:40,56,95,0.89,1
2026-09-27T03:21:41,57,94,0.95,1
2026-09-27T03:21:42,55,97,0.94,1
2026-09-27T03:21:43,56,94,0.94,1
2026-09-27T03:21:44,57,96,0.89,1
2026-09-27T03:21:45,55,95,0.92,1
2026-09-27T03:21:46,56,97,0.89,1
2026-09-27T03:21:47,57,96,0.92,1
2026-09-27T03:21:48,55,96,0.94,1
2026-09-27T03:21:49,56,97,0.85,1
2026-09-27T03:21:50,57,94,0.93,1
2026-09-27T03:21:51,55,95,0.86,1
2026-09-27T03:21:52,56,97,0.92,1
2026-09-27T03:21:53,57,96,0.88,1
2026-09-27T03:21:54,55,97,0.86,1
2026-09-27T03:21:55,56,96,0.90,1
2026-09-27T03:21:56,57,97,0.93,1
2026-09-27T03:21:57,55,97,0.88,1
2026-09-27T03:21:58,56,94,0.89,1
2026-09-27T03:21:59,57,97,0.92,1
2026-09-27T03:22:00,55,97,0.91,1
2026-09-27T03:22:01,56,94,0.92,1
2026-09-27T03:22:02,57,96,0.89,1
2026-09-27T03:22:03,55,96,0.89,1
2026-09-27T03:22:04,56,97,0.89,1
2026-09-27T03:22:05,57,96,0.94,1
2026-09-27T03:22:06,55,97,0.93,1
2026-09-27T03:22:07,56,94,0.89,1
2026-09-27T03:22:08,57,96,0.94,1
2026-09-27T03:22:09,55,94,0.90,1
2026-09-27T03:22:10,56,95,0.86,1
2026-09-27T03:22:11,57,94,0.95,1
2026-09-27T03:22:12,55,95,0.87,1
2026-09-27T03:22:13,56,94,0.89,1
2026-09-27T03:22:14,57,95,0.92,1
2026-09-27T03:22:15,55,94,0.94,1
2026-09-27T03:22:16,56,94,0.91,1
2026-09-27T03:22:17,57,97,0.87,1
2026-09-27T03:22:18,55,94,0.87,1
2026-09-27T03:22:19,56,96,0.88,1
2026-09-27T03:22:20,57,97,0.86,1
2026-09-27T03:22:21,55,94,0.90,1
2026-09-27T03:22:22,56,94,0.90,1
2026-09-27T03:22:23,57,96,0.93,1
2026-09-27T03:22:24,55,97,0.93,1
2026-09-27T03:22:25,56,97,0.86,1
2026-09-27T03:22:26,57,95,0.87,1
2026-09-27T03:22:27,55,97,0.86,1
2026-09-27T03:22:28,56,94,0.86,1
2026-09-27T03:22:29,57,94,0.88,1
2026-09-27T03:22:30,55,94,0.92,1
2026-09-27T03:22:31,56,97,0.87,1
2026-09-27T03:22:32,57,95,0.91,1
2026-09-27T03:22:33,55,94,0.91,1
2026-09-27T03:22:34,56,97,0.89,1
2026-09-27T03:22:35,57,95,0.89,1
2026-09-27T03:22:36,55,95,0.92,1
2026-09-27T03:22:37,56,95,0.94,1
2026-09-27T03:22:38,57,97,0.93,1
2026-09-27T03:22:39,55,94,0.91,1
2026-09-27T03:22:40,56,95,0.88,1
2026-09-27T03:22:41,57,96,0.90,1
2026-09-27T03:22:42,55,95,0.94,1
2026-09-27T03:22:43,56,95,0.91,1
2026-09-27T03:22:44,57,97,0.93,1
2026-09-27T03:22:45,55,95,0.87,1
2026-09-27T03:22:46,56,97,0.88,1
2026-09-27T03:22:47,57,95,0.89,1
2026-09-27T03:22:48,55,97,0.95,1
2026-09-27T03:22:49,56,97,0.85,1
2026-09-27T03:22:50,57,94,0.85,1
2026-09-27T03:22:51,55,96,0.88,1
2026-09-27T03:22:52,56,94,0.94,1
2026-09-27T03:22:53,57,96,0.86,1
2026-09-27T03:22:54,55,97,0.88,1
2026-09-27T03:22:55,56,96,0.93,1
2026-09-27T03:22:56,57,95,0.88,1
2026-09-27T03:22:57,55,97,0.88,1
2026-09-27T03:22:58,56,94,0.90,1
2026-09-27T03:22:59,57,94,0.86,1
2026-09-27T03:23:00,55,97,0.86,1
2026-09-27T03:23:01,56,96,0.94,1
2026-09-27T03:23:02,57,96,0.94,1
2026-09-27T03:23:03,55,96,0.92,1
2026-09-27T03:23:04,56,96,0.89,1
2026-09-27T03:23:05,57,96,0.92,1
2026-09-27T03:23:06,55,95,0.87,1
2026-09-27T03:23:07,56,95,0.90,1
2026-09-27T03:23:08,57,97,0.88,1
2026-09-27T03:23:09,55,97,0.94,1
2026-09-27T03:23:10,56,95,0.87,1
2026-09-27T03:23:11,57,94,0.87,1
2026-09-27T03:23:12,55,97,0.93,1
2026-09-27T03:23:13,56,96,0.94,1
2026-09-27T03:23:14,57,94,0.88,1
2026-09-27T03:23:15,55,97,0.91,1
2026-09-27T03:23:16,56,97,0.86,1
2026-09-27T03:23:17,57,96,0.92,1
2026-09-27T03:23:18,55,95,0.92,1
2026-09-27T03:23:19,56,94,0.93,1
2026-09-27T03:23:20,57,96,0.89,1
2026-09-27T03:23:21,55,94,0.92,1
2026-09-27T03:23:22,56,96,0.91,1
2026-09-27T03:23:23,57,94,0.91,1
2026-09-27T03:23:24,55,94,0.95,1
2026-09-27T03:23:25,56,97,0.89,1
2026-09-27T03:23:26,57,96,0.86,1
2026-09-27T03:23:27,55,94,0.86,1
2026-09-27T03:23:28,56,95,0.87,1
2026-09-27T03:23:29,57,94,0.89,1
2026-09-27T03:23:30,55,96,0.89,1
2026-09-27T03:23:31,56,97,0.88,1
2026-09-27T03:23:32,57,94,0.93,1
2026-09-27T03:23:33,55,96,0.91,1
2026-09-27T03:23:34,56,97,0.91,1
2026-09-27T03:23:35,57,95,0.89,1
2026-09-27T03:23:36,55,97,0.95,1
2026-09-27T03:23:37,56,94,0.90,1
2026-09-27T03:23:38,57,94,0.92,1
2026-09-27T03:23:39,55,97,0.88,1
2026-09-27T03:23:40,56,94,0.94,1
2026-09-27T03:23:41,57,94,0.95,1
2026-09-27T03:23:42,55,95,0.93,1
2026-09-27T03:23:43,56,97,0.87,1
2026-09-27T03:23:44,57,95,0.88,1
2026-09-27T03:23:45,55,95,0.86,1
2026-09-27T03:23:46,56,96,0.88,1
2026-09-27T03:23:47,57,95,0.91,1
2026-09-27T03:23:48,55,97,0.92,1
2026-09-27T03:23:49,56,95,0.94,1
2026-09-27T03:23:50,57,97,0.89,1
2026-09-27T03:23:51,55,97,0.90,1
2026-09-27T03:23:52,56,96,0.87,1
2026-09-27T03:23:53,57,95,0.85,1
2026-09-27T03:23:54,55,95,0.88,1
2026-09-27T03:23:55,56,96,0.92,1
2026-09-27T03:23:56,57,96,0.86,1
2026-09-27T03:23:57,55,95,0.94,1
2026-09-27T03:23:58,56,95,0.91,1
2026-09-27T03:23:59,57,94,0.86,1
2026-09-27T03:24:00,55,95,0.86,1
2026-09-27T03:24:01,56,96,0.86,1
2026-09-27T03:24:02,57,95,0.86,1
2026-09-27T03:24:03,55,95,0.85,1
2026-09-27T03:24:04,56,94,0.90,1
2026-09-27T03:24:05,57,95,0.89,1
2026-09-27T03:24:06,55,94,0.89,1
2026-09-27T03:24:07,56,96,0.91,1
2026-09-27T03:24:08,57,95,0.91,1
2026-09-27T03:24:09,55,97,0.87,1
2026-09-27T03:24:10,56,97,0.88,1
2026-09-27T03:24:11,57,95,0.85,1
2026-09-27T03:24:12,55,97,0.86,1
2026-09-27T03:24:13,56,95,0.87,1
2026-09-27T03:24:14,57,94,0.87,1
2026-09-27T03:24:15,55,94,0.88,1
2026-09-27T03:24:16,56,96,0.94,1
2026-09-27T03:24:17,57,97,0.93,1
2026-09-27T03:24:18,55,96,0.90,1
2026-09-27T03:24:19,56,95,0.88,1
2026-09-27T03:24:20,57,94,0.92,1
2026-09-27T03:24:21,55,95,0.90,1
2026-09-27T03:24:22,56,95,0.85,1
2026-09-27T03:24:23,57,95,0.86,1
2026-09-27T03:24:24,55,94,0.94,1
2026-09-27T03:24:25,56,97,0.92,1
2026-09-27T03:24:26,57,95,0.89,1
2026-09-27T03:24:27,55,94,0.89,1
2026-09-27T03:24:28,56,96,0.94,1
2026-09-27T03:24:29,57,96,0.91,1
2026-09-27T03:24:30,55,94,0.88,1
2026-09-27T03:24:31,56,94,0.87,1
2026-09-27T03:24:32,57,96,0.92,1
2026-09-27T03:24:33,55,95,0.87,1
2026-09-27T03:24:34,56,94,0.87,1
2026-09-27T03:24:35,57,97,0.89,1
2026-09-27T03:24:36,55,94,0.94,1
2026-09-27T03:24:37,56,97,0.89,1
2026-09-27T03:24:38,57,95,0.89,1
2026-09-27T03:24:39,55,97,0.90,1
2026-09-27T03:24:40,56,96,0.90,1
2026-09-27T03:24:41,57,94,0.86,1
2026-09-27T03:24:42,55,96,0.94,1
2026-09-27T03:24:43,56,96,0.91,1
2026-09-27T03:24:44,57,95,0.91,1
2026-09-27T03:24:45,55,95,0.87,1
2026-09-27T03:24:46,56,97,0.95,1
2026-09-27T03:24:47,57,97,0.86,1
2026-09-27T03:24:48,55,94,0.86,1
2026-09-27T03:24:49,56,96,0.88,1
2026-09-27T03:24:50,57,96,0.91,1
2026-09-27T03:24:51,55,97,0.94,1
2026-09-27T03:24:52,56,97,0.93,1
2026-09-27T03:24:53,57,96,0.87,1
2026-09-27T03:24:54,55,96,0.86,1
2026-09-27T03:24:55,56,96,0.85,1
2026-09-27T03:24:56,57,96,0.88,1
2026-09-27T03:24:57,55,97,0.86,1
2026-09-27T03:24:58,56,96,0.85,1
2026-09-27T03:24:59,57,95,0.87,1
2026-09-27T03:25:00,55,97,0.92,1
2026-09-27T03:25:01,56,96,0.90,1
2026-09-27T03:25:02,57,96,0.87,1
2026-09-27T03:25:03,55,96,0.87,1
2026-09-27T03:25:04,56,95,0.93,1
2026-09-27T03:25:05,57,95,0.88,1
2026-09-27T03:25:06,55,96,0.87,1
2026-09-27T03:25:07,56,95,0.87,1
2026-09-27T03:25:08,57,95,0.92,1
2026-09-27T03:25:09,55,94,0.88,1
2026-09-27T03:25:10,56,94,0.87,1
2026-09-27T03:25:11,57,97,0.89,1
2026-09-27T03:25:12,55,96,0.93,1
2026-09-27T03:25:13,56,95,0.91,1
2026-09-27T03:25:14,57,94,0.95,1
2026-09-27T03:25:15,55,97,0.87,1
2026-09-27T03:25:16,56,95,0.87,1
2026-09-27T03:25:17,57,96,0.90,1
2026-09-27T03:25:18,55,94,0.87,1
2026-09-27T03:25:19,56,95,0.92,1
2026-09-27T03:25:20,57,94,0.92,1
2026-09-27T03:25:21,55,94,0.87,1
2026-09-27T03:25:22,56,94,0.89,1
2026-09-27T03:25:23,57,94,0.92,1
2026-09-27T03:25:24,55,95,0.89,1
2026-09-27T03:25:25,56,96,0.86,1
2026-09-27T03:25:26,57,97,0.91,1
2026-09-27T03:25:27,55,96,0.87,1
2026-09-27T03:25:28,56,95,0.90,1
2026-09-27T03:25:29,57,95,0.93,1
2026-09-27T03:25:30,55,94,0.85,1
2026-09-27T03:25:31,56,96,0.89,1
2026-09-27T03:25:32,57,94,0.89,1
2026-09-27T03:25:33,55,97,0.85,1
2026-09-27T03:25:34,56,97,0.91,1
2026-09-27T03:25:35,57,97,0.90,1
2026-09-27T03:25:36,55,94,0.95,1
2026-09-27T03:25:37,56,95,0.91,1
2026-09-27T03:25:38,57,95,0.91,1
2026-09-27T03:25:39,55,96,0.89,1
2026-09-27T03:25:40,56,97,0.89,1
2026-09-27T03:25:41,57,96,0.85,1
2026-09-27T03:25:42,55,95,0.90,1
2026-09-27T03:25:43,56,95,0.88,1
2026-09-27T03:25:44,57,97,0.92,1
2026-09-27T03:25:45,55,94,0.92,1
2026-09-27T03:25:46,56,95,0.92,1
2026-09-27T03:25:47,57,95,0.93,1
2026-09-27T03:25:48,55,94,0.88,1
2026-09-27T03:25:49,56,96,0.89,1
2026-09-27T03:25:50,57,94,0.89,1
2026-09-27T03:25:51,55,94,0.87,1
2026-09-27T03:25:52,56,96,0.93,1
2026-09-27T03:25:53,57,95,0.85,1
2026-09-27T03:25:54,55,96,0.89,1
2026-09-27T03:25:55,56,94,0.89,1
2026-09-27T03:25:56,57,95,0.92,1
2026-09-27T03:25:57,55,97,0.86,1
2026-09-27T03:25:58,56,95,0.89,1
2026-09-27T03:25:59,57,94,0.90,1
2026-09-27T03:26:00,55,94,0.90,1
2026-09-27T03:26:01,56,97,0.95,1
2026-09-27T03:26:02,57,96,0.94,1
2026-09-27T03:26:03,55,96,0.88,1
2026-09-27T03:26:04,56,96,0.93,1
2026-09-27T03:26:05,57,97,0.92,1
2026-09-27T03:26:06,55,94,0.90,1
2026-09-27T03:26:07,56,97,0.89,1
2026-09-27T03:26:08,57,94,0.93,1
2026-09-27T03:26:09,55,97,0.87,1
2026-09-27T03:26:10,56,97,0.89,1
2026-09-27T03:26:11,57,96,0.90,1
2026-09-27T03:26:12,55,95,0.90,1
2026-09-27T03:26:13,56,94,0.94,1
2026-09-27T03:26:14,57,94,0.91,1
2026-09-27T03:26:15,55,97,0.91,1
2026-09-27T03:26:16,56,95,0.91,1
2026-09-27T03:26:17,57,97,0.90,1
2026-09-27T03:26:18,55,97,0.95,1
2026-09-27T03:26:19,56,97,0.94,1
2026-09-27T03:26:20,57,96,0.92,1
2026-09-27T03:26:21,55,95,0.89,1
2026-09-27T03:26:22,56,95,0.89,1
2026-09-27T03:26:23,57,95,0.88,1
2026-09-27T03:26:24,55,96,0.86,1
2026-09-27T03:26:25,56,95,0.86,1
2026-09-27T03:26:26,57,97,0.86,1
2026-09-27T03:26:27,55,94,0.87,1
2026-09-27T03:26:28,56,95,0.85,1
2026-09-27T03:26:29,57,95,0.88,1
2026-09-27T03:26:30,55,97,0.89,1
2026-09-27T03:26:31,56,96,0.89,1
2026-09-27T03:26:32,57,97,0.94,1
2026-09-27T03:26:33,55,95,0.89,1
2026-09-27T03:26:34,56,96,0.90,1
2026-09-27T03:26:35,57,95,0.90,1
2026-09-27T03:26:36,55,97,0.85,1
2026-09-27T03:26:37,56,96,0.89,1
2026-09-27T03:26:38,57,95,0.92,1
2026-09-27T03:26:39,55,97,0.93,1
2026-09-27T03:26:40,56,96,0.86,1
2026-09-27T03:26:41,57,96,0.92,1
2026-09-27T03:26:42,55,96,0.87,1
2026-09-27T03:26:43,56,94,0.85,1
2026-09-27T03:26:44,57,96,0.93,1
2026-09-27T03:26:45,55,95,0.95,1
2026-09-27T03:26:46,56,94,0.95,1
2026-09-27T03:26:47,57,95,0.86,1
2026-09-27T03:26:48,55,96,0.88,1
2026-09-27T03:26:49,56,97,0.95,1
2026-09-27T03:26:50,57,95,0.89,1
2026-09-27T03:26:51,55,97,0.87,1
2026-09-27T03:26:52,56,95,0.88,1
2026-09-27T03:26:53,57,97,0.89,1
2026-09-27T03:26:54,55,97,0.94,1
2026-09-27T03:26:55,56,94,0.88,1
2026-09-27T03:26:56,57,95,0.94,1
2026-09-27T03:26:57,55,97,0.91,1
2026-09-27T03:26:58,56,95,0.91,1
2026-09-27T03:26:59,57,94,0.86,1
2026-09-27T03:27:00,55,97,0.90,1
2026-09-27T03:27:01,56,95,0.90,1
2026-09-27T03:27:02,57,94,0.86,1
2026-09-27T03:27:03,55,95,0.87,1
2026-09-27T03:27:04,56,96,0.86,1
2026-09-27T03:27:05,57,94,0.95,1
2026-09-27T03:27:06,55,95,0.90,1
2026-09-27T03:27:07,56,97,0.93,1
2026-09-27T03:27:08,57,96,0.86,1
2026-09-27T03:27:09,55,96,0.88,1
2026-09-27T03:27:10,56,96,0.89,1
2026-09-27T03:27:11,57,95,0.93,1
2026-09-27T03:27:12,55,94,0.88,1
2026-09-27T03:27:13,56,96,0.87,1
2026-09-27T03:27:14,57,95,0.86,1
2026-09-27T03:27:15,55,94,0.92,1
2026-09-27T03:27:16,56,94,0.86,1
2026-09-27T03:27:17,57,97,0.89,1
2026-09-27T03:27:18,55,95,0.94,1
2026-09-27T03:27:19,56,95,0.87,1
2026-09-27T03:27:20,57,96,0.95,1
2026-09-27T03:27:21,55,95,0.92,1
2026-09-27T03:27:22,56,94,0.92,1
2026-09-27T03:27:23,57,94,0.95,1
2026-09-27T03:27:24,55,96,0.88,1
2026-09-27T03:27:25,56,96,0.86,1
2026-09-27T03:27:26,57,94,0.89,1
2026-09-27T03:27:27,55,96,0.87,1
2026-09-27T03:27:28,56,97,0.93,1
2026-09-27T03:27:29,57,96,0.87,1
2026-09-27T03:27:30,55,94,0.87,1
2026-09-27T03:27:31,56,94,0.89,1
2026-09-27T03:27:32,57,94,0.91,1
2026-09-27T03:27:33,55,94,0.89,1
2026-09-27T03:27:34,56,94,0.86,1
2026-09-27T03:27:35,57,94,0.88,1
2026-09-27T03:27:36,55,97,0.93,1
2026-09-27T03:27:37,56,96,0.89,1
2026-09-27T03:27:38,57,97,0.92,1
2026-09-27T03:27:39,55,96,0.87,1
2026-09-27T03:27:40,56,95,0.85,1
2026-09-27T03:27:41,57,96,0.94,1
2026-09-27T03:27:42,55,96,0.87,1
2026-09-27T03:27:43,56,97,0.93,1
2026-09-27T03:27:44,57,96,0.87,1
2026-09-27T03:27:45,55,97,0.88,1
2026-09-27T03:27:46,56,95,0.91,1
2026-09-27T03:27:47,57,96,0.86,1
2026-09-27T03:27:48,55,94,0.89,1
2026-09-27T03:27:49,56,97,0.86,1
2026-09-27T03:27:50,57,97,0.87,1
2026-09-27T03:27:51,55,96,0.91,1
2026-09-27T03:27:52,56,97,0.94,1
2026-09-27T03:27:53,57,96,0.93,1
2026-09-27T03:27:54,55,95,0.91,1
2026-09-27T03:27:55,56,95,0.93,1
2026-09-27T03:27:56,57,95,0.88,1
2026-09-27T03:27:57,55,97,0.91,1
2026-09-27T03:27:58,56,97,0.95,1
2026-09-27T03:27:59,57,95,0.93,1
2026-09-27T03:28:00,55,97,0.86,1
2026-09-27T03:28:01,56,95,0.89,1
2026-09-27T03:28:02,57,95,0.86,1
2026-09-27T03:28:03,55,94,0.91,1
2026-09-27T03:28:04,56,96,0.87,1
2026-09-27T03:28:05,57,94,0.93,1
2026-09-27T03:28:06,55,94,0.93,1
2026-09-27T03:28:07,56,97,0.87,1
2026-09-27T03:28:08,57,95,0.87,1
2026-09-27T03:28:09,55,97,0.87,1
2026-09-27T03:28:10,56,94,0.92,1
2026-09-27T03:28:11,57,95,0.93,1
2026-09-27T03:28:12,55,95,0.89,1
2026-09-27T03:28:13,56,95,0.89,1
2026-09-27T03:28:14,57,95,0.89,1
2026-09-27T03:28:15,55,97,0.92,1
2026-09-27T03:28:16,56,96,0.87,1
2026-09-27T03:28:17,57,94,0.91,1
2026-09-27T03:28:18,55,97,0.90,1
2026-09-27T03:28:19,56,97,0.86,1
2026-09-27T03:28:20,57,97,0.89,1
2026-09-27T03:28:21,55,97,0.93,1
2026-09-27T03:28:22,56,94,0.89,1
2026-09-27T03:28:23,57,96,0.91,1
2026-09-27T03:28:24,55,95,0.89,1
2026-09-27T03:28:25,56,94,0.85,1
2026-09-27T03:28:26,57,96,0.90,1
2026-09-27T03:28:27,55,95,0.93,1
2026-09-27T03:28:28,56,96,0.89,1
2026-09-27T03:28:29,57,96,0.86,1
2026-09-27T03:28:30,55,95,0.86,1
2026-09-27T03:28:31,56,96,0.91,1
2026-09-27T03:28:32,57,97,0.92,1
2026-09-27T03:28:33,55,96,0.90,1
2026-09-27T03:28:34,56,95,0.90,1
2026-09-27T03:28:35,57,94,0.91,1
2026-09-27T03:28:36,55,96,0.89,1
2026-09-27T03:28:37,56,96,0.87,1
2026-09-27T03:28:38,57,95,0.93,1
2026-09-27T03:28:39,55,95,0.92,1
2026-09-27T03:28:40,56,95,0.87,1
2026-09-27T03:28:41,57,95,0.90,1
2026-09-27T03:28:42,55,95,0.90,1
2026-09-27T03:28:43,56,97,0.92,1
2026-09-27T03:28:44,57,94,0.87,1
2026-09-27T03:28:45,55,96,0.91,1
2026-09-27T03:28:46,56,96,0.87,1
2026-09-27T03:28:47,57,96,0.87,1
2026-09-27T03:28:48,55,97,0.92,1
2026-09-27T03:28:49,56,95,0.88,1
2026-09-27T03:28:50,57,95,0.89,1
2026-09-27T03:28:51,55,95,0.89,1
2026-09-27T03:28:52,56,95,0.92,1
2026-09-27T03:28:53,57,97,0.95,1
2026-09-27T03:28:54,55,96,0.89,1
2026-09-27T03:28:55,56,96,0.92,1
2026-09-27T03:28:56,57,97,0.90,1
2026-09-27T03:28:57,55,95,0.91,1
2026-09-27T03:28:58,56,96,0.86,1
2026-09-27T03:28:59,57,96,0.92,1
2026-09-27T03:29:00,55,97,0.95,1
2026-09-27T03:29:01,56,95,0.89,1
2026-09-27T03:29:02,57,97,0.93,1
2026-09-27T03:29:03,55,97,0.91,1
2026-09-27T03:29:04,56,96,0.87,1
2026-09-27T03:29:05,57,96,0.92,1
2026-09-27T03:29:06,55,94,0.91,1
2026-09-27T03:29:07,56,94,0.86,1
2026-09-27T03:29:08,57,97,0.95,1
2026-09-27T03:29:09,55,94,0.94,1
2026-09-27T03:29:10,56,97,0.92,1
2026-09-27T03:29:11,57,94,0.85,1
2026-09-27T03:29:12,55,97,0.87,1
2026-09-27T03:29:13,56,95,0.93,1
2026-09-27T03:29:14,57,94,0.90,1
2026-09-27T03:29:15,55,97,0.89,1
2026-09-27T03:29:16,56,94,0.92,1
2026-09-27T03:29:17,57,97,0.91,1
2026-09-27T03:29:18,55,95,0.89,1
2026-09-27T03:29:19,56,96,0.92,1
2026-09-27T03:29:20,57,95,0.91,1
2026-09-27T03:29:21,55,97,0.87,1
2026-09-27T03:29:22,56,96,0.86,1
2026-09-27T03:29:23,57,94,0.90,1
2026-09-27T03:29:24,55,96,0.87,1
2026-09-27T03:29:25,56,96,0.92,1
2026-09-27T03:29:26,57,95,0.88,1
2026-09-27T03:29:27,55,94,0.90,1
2026-09-27T03:29:28,56,97,0.87,1
2026-09-27T03:29:29,57,96,0.88,1
2026-09-27T03:29:30,55,95,0.94,1
2026-09-27T03:29:31,56,96,0.91,1
2026-09-27T03:29:32,57,97,0.85,1
2026-09-27T03:29:33,55,96,0.90,1
2026-09-27T03:29:34,56,95,0.86,1
2026-09-27T03:29:35,57,97,0.88,1
2026-09-27T03:29:36,55,96,0.89,1
2026-09-27T03:29:37,56,97,0.93,1
2026-09-27T03:29:38,57,96,0.89,1
2026-09-27T03:29:39,55,96,0.86,1
2026-09-27T03:29:40,56,96,0.90,1
2026-09-27T03:29:41,57,96,0.90,1
2026-09-27T03:29:42,55,97,0.93,1
2026-09-27T03:29:43,56,95,0.95,1
2026-09-27T03:29:44,57,95,0.87,1
2026-09-27T03:29:45,55,96,0.89,1
2026-09-27T03:29:46,56,97,0.87,1
2026-09-27T03:29:47,57,96,0.90,1
2026-09-27T03:29:48,55,95,0.89,1
2026-09-27T03:29:49,56,94,0.94,1
2026-09-27T03:29:50,57,96,0.91,1
2026-09-27T03:29:51,55,97,0.86,1
2026-09-27T03:29:52,56,97,0.88,1
2026-09-27T03:29:53,57,95,0.93,1
2026-09-27T03:29:54,55,97,0.88,1
2026-09-27T03:29:55,56,97,0.88,1
2026-09-27T03:29:56,57,94,0.94,1
2026-09-27T03:29:57,55,97,0.87,1
2026-09-27T03:29:58,56,94,0.89,1
2026-09-27T03:29:59,57,94,0.86,1
2026-09-27T03:30:00,64,95,0.94,1
2026-09-27T03:30:01,65,95,0.95,1
2026-09-27T03:30:02,60,95,0.92,1
2026-09-27T03:30:03,66,95,0.94,1
2026-09-27T03:30:04,60,95,0.94,1
2026-09-27T03:30:05,65,95,0.95,1
2026-09-27T03:30:06,66,97,0.88,1
2026-09-27T03:30:07,63,96,0.93,1
2026-09-27T03:30:08,63,94,0.87,1
2026-09-27T03:30:09,64,97,0.94,1
2026-09-27T03:30:10,62,95,0.91,1
2026-09-27T03:30:11,60,96,0.88,1
2026-09-27T03:30:12,64,97,0.87,1
2026-09-27T03:30:13,65,94,0.86,1
2026-09-27T03:30:14,62,95,0.87,1
2026-09-27T03:30:15,62,95,0.93,1
2026-09-27T03:30:16,63,96,0.95,1
2026-09-27T03:30:17,61,97,0.91,1
2026-09-27T03:30:18,64,94,0.91,1
2026-09-27T03:30:19,62,95,0.88,1
2026-09-27T03:30:20,65,94,0.93,1
2026-09-27T03:30:21,64,97,0.95,1
2026-09-27T03:30:22,61,94,0.94,1
2026-09-27T03:30:23,66,96,0.93,1
2026-09-27T03:30:24,63,96,0.87,1
2026-09-27T03:30:25,63,97,0.90,1
2026-09-27T03:30:26,66,94,0.94,1
2026-09-27T03:30:27,65,96,0.89,1
2026-09-27T03:30:28,62,94,0.94,1
2026-09-27T03:30:29,65,97,0.89,1
2026-09-27T03:30:30,66,97,0.89,1
2026-09-27T03:30:31,60,95,0.87,1
2026-09-27T03:30:32,63,95,0.86,1
2026-09-27T03:30:33,64,97,0.92,1
2026-09-27T03:30:34,65,96,0.90,1
2026-09-27T03:30:35,66,97,0.87,1
2026-09-27T03:30:36,66,95,0.91,1
2026-09-27T03:30:37,61,96,0.88,1
2026-09-27T03:30:38,64,97,0.93,1
2026-09-27T03:30:39,64,94,0.94,1
2026-09-27T03:30:40,61,94,0.87,1
2026-09-27T03:30:41,63,97,0.91,1
2026-09-27T03:30:42,62,95,0.90,1
2026-09-27T03:30:43,61,94,0.88,1
2026-09-27T03:30:44,60,94,0.95,1
2026-09-27T03:30:45,65,97,0.88,1
2026-09-27T03:30:46,62,96,0.92,1
2026-09-27T03:30:47,62,95,0.89,1
2026-09-27T03:30:48,62,95,0.86,1
2026-09-27T03:30:49,63,97,0.87,1
2026-09-27T03:30:50,63,97,0.92,1
2026-09-27T03:30:51,66,97,0.86,1
2026-09-27T03:30:52,61,97,0.93,1
2026-09-27T03:30:53,66,96,0.85,1
2026-09-27T03:30:54,62,96,0.87,1
2026-09-27T03:30:55,60,94,0.86,1
2026-09-27T03:30:56,63,94,0.94,1
2026-09-27T03:30:57,65,96,0.90,1
2026-09-27T03:30:58,60,96,0.92,1
2026-09-27T03:30:59,60,95,0.91,1
2026-09-27T03:31:00,61,95,0.87,1
2026-09-27T03:31:01,63,97,0.90,1
2026-09-27T03:31:02,62,95,0.87,1
2026-09-27T03:31:03,62,97,0.91,1
2026-09-27T03:31:04,60,94,0.95,1
2026-09-27T03:31:05,65,96,0.89,1
2026-09-27T03:31:06,62,94,0.90,1
2026-09-27T03:31:07,62,94,0.93,1
2026-09-27T03:31:08,60,96,0.89,1
2026-09-27T03:31:09,61,94,0.85,1
2026-09-27T03:31:10,65,94,0.88,1
2026-09-27T03:31:11,65,96,0.89,1
2026-09-27T03:31:12,60,97,0.93,1
2026-09-27T03:31:13,66,94,0.88,1
2026-09-27T03:31:14,62,97,0.88,1
2026-09-27T03:31:15,60,96,0.87,1
2026-09-27T03:31:16,65,94,0.85,1
2026-09-27T03:31:17,65,96,0.91,1
2026-09-27T03:31:18,66,95,0.94,1
2026-09-27T03:31:19,60,95,0.90,1
2026-09-27T03:31:20,65,94,0.89,1
2026-09-27T03:31:21,66,94,0.86,1
2026-09-27T03:31:22,66,97,0.86,1
2026-09-27T03:31:23,61,97,0.91,1
2026-09-27T03:31:24,63,94,0.90,1
2026-09-27T03:31:25,64,94,0.90,1
2026-09-27T03:31:26,62,95,0.94,1
2026-09-27T03:31:27,66,97,0.94,1
2026-09-27T03:31:28,66,96,0.86,1
2026-09-27T03:31:29,60,96,0.90,1
2026-09-27T03:31:30,61,95,0.87,1
2026-09-27T03:31:31,61,94,0.91,1
2026-09-27T03:31:32,60,97,0.95,1
2026-09-27T03:31:33,64,94,0.92,1
2026-09-27T03:31:34,60,95,0.91,1
2026-09-27T03:31:35,60,96,0.92,1
2026-09-27T03:31:36,65,97,0.91,1
2026-09-27T03:31:37,66,96,0.93,1
2026-09-27T03:31:38,60,96,0.92,1
2026-09-27T03:31:39,65,95,0.94,1
2026-09-27T03:31:40,62,94,0.89,1
2026-09-27T03:31:41,65,95,0.94,1
2026-09-27T03:31:42,60,95,0.90,1
2026-09-27T03:31:43,61,94,0.95,1
2026-09-27T03:31:44,60,97,0.90,1
2026-09-27T03:31:45,63,97,0.89,1
2026-09-27T03:31:46,61,94,0.85,1
2026-09-27T03:31:47,63,95,0.95,1
2026-09-27T03:31:48,61,96,0.90,1
2026-09-27T03:31:49,64,95,0.88,1
2026-09-27T03:31:50,61,94,0.87,1
2026-09-27T03:31:51,62,97,0.88,1
2026-09-27T03:31:52,62,97,0.91,1
2026-09-27T03:31:53,65,97,0.92,1
2026-09-27T03:31:54,60,97,0.91,1
2026-09-27T03:31:55,63,94,0.88,1
2026-09-27T03:31:56,63,96,0.91,1
2026-09-27T03:31:57,66,95,0.94,1
2026-09-27T03:31:58,64,95,0.93,1
2026-09-27T03:31:59,65,94,0.94,1
2026-09-27T03:32:00,65,97,0.87,1
2026-09-27T03:32:01,64,96,0.87,1
2026-09-27T03:32:02,66,96,0.90,1
2026-09-27T03:32:03,64,96,0.90,1
2026-09-27T03:32:04,62,94,0.93,1
2026-09-27T03:32:05,63,95,0.91,1
2026-09-27T03:32:06,66,95,0.94,1
2026-09-27T03:32:07,63,97,0.94,1
2026-09-27T03:32:08,60,95,0.86,1
2026-09-27T03:32:09,65,95,0.88,1
2026-09-27T03:32:10,65,95,0.86,1
2026-09-27T03:32:11,62,95,0.95,1
2026-09-27T03:32:12,61,96,0.95,1
2026-09-27T03:32:13,63,96,0.91,1
2026-09-27T03:32:14,63,94,0.88,1
2026-09-27T03:32:15,66,97,0.89,1
2026-09-27T03:32:16,63,95,0.91,1
2026-09-27T03:32:17,65,96,0.94,1
2026-09-27T03:32:18,62,96,0.90,1
2026-09-27T03:32:19,62,94,0.88,1
2026-09-27T03:32:20,61,97,0.85,1
2026-09-27T03:32:21,66,95,0.92,1
2026-09-27T03:32:22,63,95,0.90,1
2026-09-27T03:32:23,62,96,0.94,1
2026-09-27T03:32:24,64,94,0.89,1
2026-09-27T03:32:25,66,97,0.93,1
2026-09-27T03:32:26,61,96,0.85,1
2026-09-27T03:32:27,65,95,0.85,1
2026-09-27T03:32:28,62,97,0.90,1
2026-09-27T03:32:29,62,96,0.90,1
2026-09-27T03:32:30,66,94,0.94,1
2026-09-27T03:32:31,63,96,0.87,1
2026-09-27T03:32:32,63,95,0.92,1
2026-09-27T03:32:33,60,94,0.91,1
2026-09-27T03:32:34,60,96,0.87,1
2026-09-27T03:32:35,60,97,0.94,1
2026-09-27T03:32:36,64,97,0.88,1
2026-09-27T03:32:37,64,97,0.92,1
2026-09-27T03:32:38,62,96,0.93,1
2026-09-27T03:32:39,62,95,0.87,1
2026-09-27T03:32:40,66,94,0.87,1
2026-09-27T03:32:41,65,94,0.86,1
2026-09-27T03:32:42,65,95,0.90,1
2026-09-27T03:32:43,66,95,0.91,1
2026-09-27T03:32:44,62,95,0.90,1
2026-09-27T03:32:45,60,96,0.95,1
2026-09-27T03:32:46,64,94,0.91,1
2026-09-27T03:32:47,65,94,0.92,1
2026-09-27T03:32:48,64,96,0.91,1
2026-09-27T03:32:49,61,97,0.90,1
2026-09-27T03:32:50,64,95,0.93,1
2026-09-27T03:32:51,65,94,0.93,1
2026-09-27T03:32:52,65,97,0.87,1
2026-09-27T03:32:53,60,95,0.90,1
2026-09-27T03:32:54,62,95,0.86,1
2026-09-27T03:32:55,62,97,0.90,1
2026-09-27T03:32:56,64,97,0.87,1
2026-09-27T03:32:57,66,97,0.95,1
2026-09-27T03:32:58,62,94,0.86,1
2026-09-27T03:32:59,62,94,0.89,1
2026-09-27T03:33:00,66,96,0.86,1
2026-09-27T03:33:01,61,96,0.94,1
2026-09-27T03:33:02,64,96,0.89,1
2026-09-27T03:33:03,64,96,0.86,1
2026-09-27T03:33:04,62,96,0.93,1
2026-09-27T03:33:05,61,94,0.86,1
2026-09-27T03:33:06,66,97,0.85,1
2026-09-27T03:33:07,63,94,0.93,1
2026-09-27T03:33:08,60,97,0.91,1
2026-09-27T03:33:09,62,96,0.90,1
2026-09-27T03:33:10,64,94,0.94,1
2026-09-27T03:33:11,60,94,0.92,1
2026-09-27T03:33:12,65,97,0.86,1
2026-09-27T03:33:13,60,97,0.94,1
2026-09-27T03:33:14,62,95,0.93,1
2026-09-27T03:33:15,65,96,0.86,1
2026-09-27T03:33:16,63,97,0.86,1
2026-09-27T03:33:17,65,95,0.95,1
2026-09-27T03:33:18,65,95,0.89,1
2026-09-27T03:33:19,62,94,0.92,1
2026-09-27T03:33:20,66,96,0.95,1
2026-09-27T03:33:21,66,96,0.92,1
2026-09-27T03:33:22,61,94,0.90,1
2026-09-27T03:33:23,63,95,0.94,1
2026-09-27T03:33:24,66,96,0.89,1
2026-09-27T03:33:25,64,94,0.86,1
2026-09-27T03:33:26,62,96,0.87,1
2026-09-27T03:33:27,65,97,0.86,1
2026-09-27T03:33:28,66,97,0.90,1
2026-09-27T03:33:29,64,97,0.88,1
2026-09-27T03:33:30,64,96,0.94,1
2026-09-27T03:33:31,60,94,0.90,1
2026-09-27T03:33:32,65,97,0.93,1
2026-09-27T03:33:33,63,96,0.85,1
2026-09-27T03:33:34,66,94,0.86,1
2026-09-27T03:33:35,64,96,0.85,1
2026-09-27T03:33:36,64,97,0.89,1
2026-09-27T03:33:37,60,94,0.85,1
2026-09-27T03:33:38,60,95,0.92,1
2026-09-27T03:33:39,61,97,0.85,1
2026-09-27T03:33:40,60,96,0.95,1
2026-09-27T03:33:41,61,95,0.93,1
2026-09-27T03:33:42,65,96,0.85,1
2026-09-27T03:33:43,66,95,0.88,1
2026-09-27T03:33:44,61,94,0.93,1
2026-09-27T03:33:45,61,97,0.90,1
2026-09-27T03:33:46,62,94,0.92,1
2026-09-27T03:33:47,64,95,0.89,1
2026-09-27T03:33:48,61,96,0.86,1
2026-09-27T03:33:49,61,94,0.94,1
2026-09-27T03:33:50,65,94,0.86,1
2026-09-27T03:33:51,65,94,0.89,1
2026-09-27T03:33:52,63,95,0.89,1
2026-09-27T03:33:53,62,95,0.89,1
2026-09-27T03:33:54,63,95,0.88,1
2026-09-27T03:33:55,65,95,0.93,1
2026-09-27T03:33:56,66,95,0.87,1
2026-09-27T03:33:57,60,96,0.94,1
2026-09-27T03:33:58,61,97,0.93,1
2026-09-27T03:33:59,62,94,0.85,1
2026-09-27T03:34:00,60,97,0.94,1
2026-09-27T03:34:01,63,96,0.89,1
2026-09-27T03:34:02,63,95,0.88,1
2026-09-27T03:34:03,62,96,0.89,1
2026-09-27T03:34:04,66,97,0.91,1
2026-09-27T03:34:05,63,96,0.91,1
2026-09-27T03:34:06,66,97,0.95,1
2026-09-27T03:34:07,60,95,0.86,1
2026-09-27T03:34:08,61,95,0.93,1
2026-09-27T03:34:09,62,94,0.94,1
2026-09-27T03:34:10,66,96,0.90,1
2026-09-27T03:34:11,61,94,0.90,1
2026-09-27T03:34:12,60,95,0.94,1
2026-09-27T03:34:13,62,94,0.85,1
2026-09-27T03:34:14,66,94,0.89,1
2026-09-27T03:34:15,61,97,0.94,1
2026-09-27T03:34:16,62,95,0.92,1
2026-09-27T03:34:17,61,96,0.85,1
2026-09-27T03:34:18,63,94,0.88,1
2026-09-27T03:34:19,66,97,0.90,1
2026-09-27T03:34:20,66,97,0.94,1
2026-09-27T03:34:21,63,94,0.85,1
2026-09-27T03:34:22,60,96,0.88,1
2026-09-27T03:34:23,62,94,0.86,1
2026-09-27T03:34:24,61,94,0.89,1
2026-09-27T03:34:25,61,97,0.90,1
2026-09-27T03:34:26,62,97,0.88,1
2026-09-27T03:34:27,66,96,0.91,1
2026-09-27T03:34:28,64,94,0.86,1
2026-09-27T03:34:29,62,94,0.91,1
2026-09-27T03:34:30,60,97,0.89,1
2026-09-27T03:34:31,61,96,0.92,1
2026-09-27T03:34:32,65,97,0.87,1
2026-09-27T03:34:33,66,94,0.94,1
2026-09-27T03:34:34,60,96,0.87,1
2026-09-27T03:34:35,61,94,0.94,1
2026-09-27T03:34:36,61,94,0.94,1
2026-09-27T03:34:37,65,95,0.85,1
2026-09-27T03:34:38,60,95,0.90,1
2026-09-27T03:34:39,65,94,0.88,1
2026-09-27T03:34:40,61,97,0.91,1
2026-09-27T03:34:41,62,97,0.93,1
2026-09-27T03:34:42,62,95,0.88,1
2026-09-27T03:34:43,65,96,0.91,1
2026-09-27T03:34:44,61,97,0.90,1
2026-09-27T03:34:45,61,94,0.89,1
2026-09-27T03:34:46,60,97,0.85,1
2026-09-27T03:34:47,65,94,0.89,1
2026-09-27T03:34:48,65,94,0.93,1
2026-09-27T03:34:49,63,95,0.89,1
2026-09-27T03:34:50,60,96,0.93,1
2026-09-27T03:34:51,63,94,0.85,1
2026-09-27T03:34:52,62,96,0.86,1
2026-09-27T03:34:53,65,94,0.91,1
2026-09-27T03:34:54,66,94,0.95,1
2026-09-27T03:34:55,65,95,0.92,1
2026-09-27T03:34:56,62,97,0.92,1
2026-09-27T03:34:57,65,94,0.91,1
2026-09-27T03:34:58,60,95,0.89,1
2026-09-27T03:34:59,61,94,0.91,1
2026-09-27T03:35:00,60,96,0.89,1
2026-09-27T03:35:01,64,96,0.86,1
2026-09-27T03:35:02,64,94,0.88,1
2026-09-27T03:35:03,63,96,0.85,1
2026-09-27T03:35:04,61,95,0.87,1
2026-09-27T03:35:05,60,95,0.92,1
2026-09-27T03:35:06,66,95,0.89,1
2026-09-27T03:35:07,66,96,0.94,1
2026-09-27T03:35:08,64,96,0.89,1
2026-09-27T03:35:09,66,97,0.86,1
2026-09-27T03:35:10,60,97,0.95,1
2026-09-27T03:35:11,62,95,0.86,1
2026-09-27T03:35:12,61,96,0.89,1
2026-09-27T03:35:13,63,95,0.95,1
2026-09-27T03:35:14,65,97,0.88,1
2026-09-27T03:35:15,61,95,0.85,1
2026-09-27T03:35:16,62,94,0.94,1
2026-09-27T03:35:17,64,94,0.86,1
2026-09-27T03:35:18,63,96,0.94,1
2026-09-27T03:35:19,66,95,0.91,1
2026-09-27T03:35:20,64,96,0.86,1
2026-09-27T03:35:21,62,95,0.89,1
2026-09-27T03:35:22,66,96,0.95,1
2026-09-27T03:35:23,65,97,0.88,1
2026-09-27T03:35:24,64,97,0.90,1
2026-09-27T03:35:25,65,95,0.86,1
2026-09-27T03:35:26,60,94,0.90,1
2026-09-27T03:35:27,65,95,0.89,1
2026-09-27T03:35:28,66,94,0.92,1
2026-09-27T03:35:29,62,94,0.93,1
2026-09-27T03:35:30,65,94,0.94,1
2026-09-27T03:35:31,60,95,0.92,1
2026-09-27T03:35:32,66,97,0.89,1
2026-09-27T03:35:33,61,94,0.89,1
2026-09-27T03:35:34,62,97,0.88,1
2026-09-27T03:35:35,64,95,0.86,1
2026-09-27T03:35:36,61,94,0.89,1
2026-09-27T03:35:37,61,95,0.94,1
2026-09-27T03:35:38,64,94,0.88,1
2026-09-27T03:35:39,66,96,0.88,1
2026-09-27T03:35:40,64,97,0.88,1
2026-09-27T03:35:41,64,97,0.87,1
2026-09-27T03:35:42,66,97,0.86,1
2026-09-27T03:35:43,63,97,0.87,1
2026-09-27T03:35:44,66,96,0.87,1
2026-09-27T03:35:45,62,96,0.87,1
2026-09-27T03:35:46,64,97,0.90,1
2026-09-27T03:35:47,64,97,0.94,1
2026-09-27T03:35:48,61,94,0.91,1
2026-09-27T03:35:49,65,94,0.88,1
2026-09-27T03:35:50,62,96,0.93,1
2026-09-27T03:35:51,66,95,0.89,1
2026-09-27T03:35:52,62,94,0.89,1
2026-09-27T03:35:53,62,95,0.88,1
2026-09-27T03:35:54,63,94,0.89,1
2026-09-27T03:35:55,60,96,0.87,1
2026-09-27T03:35:56,63,95,0.95,1
2026-09-27T03:35:57,63,94,0.89,1
2026-09-27T03:35:58,62,96,0.90,1
2026-09-27T03:35:59,63,95,0.88,1
2026-09-27T03:36:00,64,94,0.91,1
2026-09-27T03:36:01,65,95,0.86,1
2026-09-27T03:36:02,64,97,0.93,1
2026-09-27T03:36:03,63,97,0.87,1
2026-09-27T03:36:04,60,97,0.85,1
2026-09-27T03:36:05,63,96,0.93,1
2026-09-27T03:36:06,65,95,0.87,1
2026-09-27T03:36:07,66,96,0.93,1
2026-09-27T03:36:08,62,96,0.85,1
2026-09-27T03:36:09,63,94,0.87,1
2026-09-27T03:36:10,63,97,0.85,1
2026-09-27T03:36:11,60,96,0.94,1
2026-09-27T03:36:12,63,97,0.90,1
2026-09-27T03:36:13,62,96,0.85,1
2026-09-27T03:36:14,65,97,0.91,1
2026-09-27T03:36:15,62,97,0.95,1
2026-09-27T03:36:16,66,94,0.89,1
2026-09-27T03:36:17,61,97,0.88,1
2026-09-27T03:36:18,65,97,0.85,1
2026-09-27T03:36:19,61,96,0.95,1
2026-09-27T03:36:20,60,97,0.87,1
2026-09-27T03:36:21,63,95,0.92,1
2026-09-27T03:36:22,60,96,0.86,1
2026-09-27T03:36:23,66,94,0.94,1
2026-09-27T03:36:24,64,95,0.87,1
2026-09-27T03:36:25,60,94,0.95,1
2026-09-27T03:36:26,63,95,0.90,1
2026-09-27T03:36:27,62,95,0.93,1
2026-09-27T03:36:28,65,97,0.85,1
2026-09-27T03:36:29,64,94,0.85,1
2026-09-27T03:36:30,65,97,0.86,1
2026-09-27T03:36:31,60,94,0.92,1
2026-09-27T03:36:32,63,96,0.94,1
2026-09-27T03:36:33,63,97,0.94,1
2026-09-27T03:36:34,61,96,0.88,1
2026-09-27T03:36:35,61,96,0.94,1
2026-09-27T03:36:36,62,94,0.90,1
2026-09-27T03:36:37,66,95,0.86,1
2026-09-27T03:36:38,64,96,0.92,1
2026-09-27T03:36:39,61,95,0.95,1
2026-09-27T03:36:40,61,97,0.86,1
2026-09-27T03:36:41,61,96,0.88,1
2026-09-27T03:36:42,66,97,0.89,1
2026-09-27T03:36:43,66,95,0.88,1
2026-09-27T03:36:44,65,97,0.95,1
2026-09-27T03:36:45,61,95,0.94,1
2026-09-27T03:36:46,61,94,0.93,1
2026-09-27T03:36:47,61,96,0.85,1
2026-09-27T03:36:48,65,97,0.87,1
2026-09-27T03:36:49,62,94,0.91,1
2026-09-27T03:36:50,63,95,0.87,1
2026-09-27T03:36:51,60,95,0.92,1
2026-09-27T03:36:52,65,96,0.87,1
2026-09-27T03:36:53,61,97,0.86,1
2026-09-27T03:36:54,61,96,0.89,1
2026-09-27T03:36:55,62,94,0.88,1
2026-09-27T03:36:56,64,96,0.88,1
2026-09-27T03:36:57,66,97,0.93,1
2026-09-27T03:36:58,66,96,0.86,1
2026-09-27T03:36:59,62,96,0.93,1
2026-09-27T03:37:00,65,94,0.92,1
2026-09-27T03:37:01,63,97,0.85,1
2026-09-27T03:37:02,61,94,0.91,1
2026-09-27T03:37:03,64,97,0.86,1
2026-09-27T03:37:04,65,96,0.93,1
2026-09-27T03:37:05,63,97,0.88,1
2026-09-27T03:37:06,62,97,0.88,1
2026-09-27T03:37:07,65,94,0.92,1
2026-09-27T03:37:08,66,94,0.94,1
2026-09-27T03:37:09,64,95,0.87,1
2026-09-27T03:37:10,63,95,0.89,1
2026-09-27T03:37:11,63,96,0.93,1
2026-09-27T03:37:12,64,97,0.87,1
2026-09-27T03:37:13,65,95,0.92,1
2026-09-27T03:37:14,63,94,0.93,1
2026-09-27T03:37:15,66,95,0.90,1
2026-09-27T03:37:16,64,97,0.86,1
2026-09-27T03:37:17,65,97,0.92,1
2026-09-27T03:37:18,60,95,0.91,1
2026-09-27T03:37:19,61,96,0.93,1
2026-09-27T03:37:20,63,94,0.93,1
2026-09-27T03:37:21,60,96,0.95,1
2026-09-27T03:37:22,60,96,0.89,1
2026-09-27T03:37:23,60,96,0.86,1
2026-09-27T03:37:24,62,97,0.85,1
2026-09-27T03:37:25,62,94,0.91,1
2026-09-27T03:37:26,65,97,0.89,1
2026-09-27T03:37:27,63,97,0.90,1
2026-09-27T03:37:28,66,96,0.86,1
2026-09-27T03:37:29,62,97,0.94,1
2026-09-27T03:37:30,60,94,0.93,1
2026-09-27T03:37:31,63,94,0.94,1
2026-09-27T03:37:32,64,94,0.88,1
2026-09-27T03:37:33,65,95,0.88,1
2026-09-27T03:37:34,62,95,0.86,1
2026-09-27T03:37:35,63,97,0.92,1
2026-09-27T03:37:36,64,97,0.88,1
2026-09-27T03:37:37,64,94,0.85,1
2026-09-27T03:37:38,66,96,0.92,1
2026-09-27T03:37:39,63,94,0.89,1
2026-09-27T03:37:40,61,95,0.88,1
2026-09-27T03:37:41,60,95,0.87,1
2026-09-27T03:37:42,65,96,0.91,1
2026-09-27T03:37:43,62,96,0.90,1
2026-09-27T03:37:44,60,94,0.94,1
2026-09-27T03:37:45,64,97,0.92,1
2026-09-27T03:37:46,61,94,0.90,1
2026-09-27T03:37:47,62,96,0.94,1
2026-09-27T03:37:48,63,97,0.93,1
2026-09-27T03:37:49,63,97,0.90,1
2026-09-27T03:37:50,65,96,0.89,1
2026-09-27T03:37:51,61,95,0.95,1
2026-09-27T03:37:52,64,97,0.90,1
2026-09-27T03:37:53,64,97,0.85,1
2026-09-27T03:37:54,65,95,0.86,1
2026-09-27T03:37:55,65,95,0.86,1
2026-09-27T03:37:56,64,96,0.91,1
2026-09-27T03:37:57,66,94,0.87,1
2026-09-27T03:37:58,62,97,0.93,1
2026-09-27T03:37:59,60,95,0.87,1
2026-09-27T03:38:00,64,96,0.95,1
2026-09-27T03:38:01,61,97,0.91,1
2026-09-27T03:38:02,63,95,0.94,1
2026-09-27T03:38:03,65,96,0.92,1
2026-09-27T03:38:04,62,97,0.86,1
2026-09-27T03:38:05,61,95,0.91,1
2026-09-27T03:38:06,66,97,0.87,1
2026-09-27T03:38:07,65,94,0.86,1
2026-09-27T03:38:08,60,97,0.85,1
2026-09-27T03:38:09,61,94,0.87,1
2026-09-27T03:38:10,63,97,0.85,1
2026-09-27T03:38:11,62,95,0.88,1
2026-09-27T03:38:12,62,97,0.93,1
2026-09-27T03:38:13,62,96,0.86,1
2026-09-27T03:38:14,63,96,0.92,1
2026-09-27T03:38:15,61,94,0.85,1
2026-09-27T03:38:16,65,97,0.93,1
2026-09-27T03:38:17,65,94,0.92,1
2026-09-27T03:38:18,64,96,0.92,1
2026-09-27T03:38:19,66,95,0.90,1
2026-09-27T03:38:20,62,95,0.88,1
2026-09-27T03:38:21,62,96,0.94,1
2026-09-27T03:38:22,60,96,0.91,1
2026-09-27T03:38:23,60,94,0.92,1
2026-09-27T03:38:24,60,94,0.90,1
2026-09-27T03:38:25,65,97,0.93,1
2026-09-27T03:38:26,64,94,0.87,1
2026-09-27T03:38:27,66,94,0.93,1
2026-09-27T03:38:28,65,96,0.94,1
2026-09-27T03:38:29,60,94,0.87,1
2026-09-27T03:38:30,63,95,0.94,1
2026-09-27T03:38:31,60,96,0.90,1
2026-09-27T03:38:32,60,94,0.85,1
2026-09-27T03:38:33,64,94,0.88,1
2026-09-27T03:38:34,63,96,0.91,1
2026-09-27T03:38:35,60,95,0.93,1
2026-09-27T03:38:36,61,97,0.90,1
2026-09-27T03:38:37,64,96,0.92,1
2026-09-27T03:38:38,64,94,0.86,1
2026-09-27T03:38:39,60,94,0.89,1
2026-09-27T03:38:40,60,95,0.92,1
2026-09-27T03:38:41,66,96,0.88,1
2026-09-27T03:38:42,63,96,0.89,1
2026-09-27T03:38:43,62,94,0.95,1
2026-09-27T03:38:44,64,94,0.86,1
2026-09-27T03:38:45,61,97,0.87,1
2026-09-27T03:38:46,62,94,0.91,1
2026-09-27T03:38:47,61,95,0.86,1
2026-09-27T03:38:48,62,94,0.89,1
2026-09-27T03:38:49,66,97,0.90,1
2026-09-27T03:38:50,61,97,0.95,1
2026-09-27T03:38:51,64,95,0.88,1
2026-09-27T03:38:52,63,97,0.85,1
2026-09-27T03:38:53,66,97,0.90,1
2026-09-27T03:38:54,61,97,0.93,1
2026-09-27T03:38:55,66,94,0.87,1
2026-09-27T03:38:56,65,96,0.90,1
2026-09-27T03:38:57,60,97,0.91,1
2026-09-27T03:38:58,61,97,0.92,1
2026-09-27T03:38:59,61,97,0.93,1
2026-09-27T03:39:00,62,97,0.88,1
2026-09-27T03:39:01,60,96,0.93,1
2026-09-27T03:39:02,64,96,0.91,1
2026-09-27T03:39:03,65,96,0.89,1
2026-09-27T03:39:04,65,96,0.91,1
2026-09-27T03:39:05,61,95,0.90,1
2026-09-27T03:39:06,66,97,0.91,1
2026-09-27T03:39:07,62,96,0.87,1
2026-09-27T03:39:08,62,95,0.94,1
2026-09-27T03:39:09,65,96,0.89,1
2026-09-27T03:39:10,63,94,0.94,1
2026-09-27T03:39:11,66,96,0.91,1
2026-09-27T03:39:12,60,97,0.89,1
2026-09-27T03:39:13,62,94,0.90,1
2026-09-27T03:39:14,66,94,0.91,1
2026-09-27T03:39:15,60,96,0.89,1
2026-09-27T03:39:16,64,96,0.88,1
2026-09-27T03:39:17,64,95,0.88,1
2026-09-27T03:39:18,62,95,0.87,1
2026-09-27T03:39:19,63,97,0.86,1
2026-09-27T03:39:20,64,94,0.91,1
2026-09-27T03:39:21,66,96,0.94,1
2026-09-27T03:39:22,64,96,0.86,1
2026-09-27T03:39:23,65,96,0.86,1
2026-09-27T03:39:24,63,94,0.85,1
2026-09-27T03:39:25,66,94,0.90,1
2026-09-27T03:39:26,60,97,0.91,1
2026-09-27T03:39:27,64,97,0.92,1
2026-09-27T03:39:28,62,96,0.94,1
2026-09-27T03:39:29,62,95,0.94,1
2026-09-27T03:39:30,64,97,0.95,1
2026-09-27T03:39:31,64,96,0.89,1
2026-09-27T03:39:32,62,94,0.94,1
2026-09-27T03:39:33,62,97,0.89,1
2026-09-27T03:39:34,63,96,0.87,1
2026-09-27T03:39:35,63,97,0.88,1
2026-09-27T03:39:36,61,94,0.88,1
2026-09-27T03:39:37,62,96,0.87,1
2026-09-27T03:39:38,63,96,0.89,1
2026-09-27T03:39:39,60,97,0.91,1
2026-09-27T03:39:40,65,94,0.91,1
2026-09-27T03:39:41,61,95,0.94,1
2026-09-27T03:39:42,62,97,0.94,1
2026-09-27T03:39:43,64,96,0.94,1
2026-09-27T03:39:44,66,95,0.85,1
2026-09-27T03:39:45,62,94,0.86,1
2026-09-27T03:39:46,66,95,0.86,1
2026-09-27T03:39:47,62,97,0.90,1
2026-09-27T03:39:48,61,97,0.94,1
2026-09-27T03:39:49,60,94,0.94,1
2026-09-27T03:39:50,66,94,0.85,1
2026-09-27T03:39:51,66,94,0.89,1
2026-09-27T03:39:52,65,97,0.91,1
2026-09-27T03:39:53,65,96,0.92,1
2026-09-27T03:39:54,63,95,0.85,1
2026-09-27T03:39:55,62,94,0.86,1
2026-09-27T03:39:56,62,96,0.93,1
2026-09-27T03:39:57,61,95,0.87,1
2026-09-27T03:39:58,60,96,0.86,1
2026-09-27T03:39:59,66,96,0.91,1
2026-09-27T03:40:00,64,96,0.90,1
2026-09-27T03:40:01,64,96,0.85,1
2026-09-27T03:40:02,66,96,0.87,1
2026-09-27T03:40:03,62,94,0.86,1
2026-09-27T03:40:04,60,95,0.89,1
2026-09-27T03:40:05,60,97,0.94,1
2026-09-27T03:40:06,63,95,0.95,1
2026-09-27T03:40:07,66,95,0.85,1
2026-09-27T03:40:08,61,96,0.90,1
2026-09-27T03:40:09,64,95,0.87,1
2026-09-27T03:40:10,62,94,0.85,1
2026-09-27T03:40:11,62,97,0.85,1
2026-09-27T03:40:12,66,97,0.91,1
2026-09-27T03:40:13,62,95,0.93,1
2026-09-27T03:40:14,61,95,0.88,1
2026-09-27T03:40:15,63,97,0.91,1
2026-09-27T03:40:16,60,97,0.94,1
2026-09-27T03:40:17,63,95,0.86,1
2026-09-27T03:40:18,62,94,0.93,1
2026-09-27T03:40:19,66,95,0.93,1
2026-09-27T03:40:20,66,96,0.90,1
2026-09-27T03:40:21,65,96,0.94,1
2026-09-27T03:40:22,61,95,0.87,1
2026-09-27T03:40:23,64,95,0.90,1
2026-09-27T03:40:24,62,95,0.95,1
2026-09-27T03:40:25,64,97,0.94,1
2026-09-27T03:40:26,66,97,0.94,1
2026-09-27T03:40:27,61,95,0.91,1
2026-09-27T03:40:28,61,94,0.87,1
2026-09-27T03:40:29,64,97,0.88,1
2026-09-27T03:40:30,64,97,0.89,1
2026-09-27T03:40:31,60,97,0.89,1
2026-09-27T03:40:32,66,95,0.87,1
2026-09-27T03:40:33,62,95,0.90,1
2026-09-27T03:40:34,64,95,0.94,1
2026-09-27T03:40:35,64,97,0.90,1
2026-09-27T03:40:36,63,95,0.95,1
2026-09-27T03:40:37,65,97,0.86,1
2026-09-27T03:40:38,61,95,0.94,1
2026-09-27T03:40:39,60,96,0.92,1
2026-09-27T03:40:40,63,95,0.93,1
2026-09-27T03:40:41,62,94,0.86,1
2026-09-27T03:40:42,64,96,0.86,1
2026-09-27T03:40:43,65,96,0.90,1
2026-09-27T03:40:44,64,95,0.86,1
2026-09-27T03:40:45,66,94,0.94,1
2026-09-27T03:40:46,62,94,0.87,1
2026-09-27T03:40:47,61,97,0.90,1
2026-09-27T03:40:48,66,96,0.86,1
2026-09-27T03:40:49,60,97,0.91,1
2026-09-27T03:40:50,62,94,0.91,1
2026-09-27T03:40:51,64,95,0.86,1
2026-09-27T03:40:52,64,94,0.88,1
2026-09-27T03:40:53,63,94,0.94,1
2026-09-27T03:40:54,62,97,0.89,1
2026-09-27T03:40:55,64,94,0.87,1
2026-09-27T03:40:56,60,97,0.87,1
2026-09-27T03:40:57,63,96,0.86,1
2026-09-27T03:40:58,65,94,0.90,1
2026-09-27T03:40:59,65,94,0.86,1
2026-09-27T03:41:00,66,97,0.89,1
2026-09-27T03:41:01,62,94,0.93,1
2026-09-27T03:41:02,60,96,0.92,1
2026-09-27T03:41:03,65,94,0.94,1
2026-09-27T03:41:04,60,95,0.94,1
2026-09-27T03:41:05,61,94,0.89,1
2026-09-27T03:41:06,63,96,0.94,1
2026-09-27T03:41:07,60,94,0.89,1
2026-09-27T03:41:08,65,95,0.86,1
2026-09-27T03:41:09,61,97,0.89,1
2026-09-27T03:41:10,61,96,0.94,1
2026-09-27T03:41:11,63,97,0.92,1
2026-09-27T03:41:12,64,95,0.86,1
2026-09-27T03:41:13,64,95,0.93,1
2026-09-27T03:41:14,65,97,0.90,1
2026-09-27T03:41:15,63,97,0.91,1
2026-09-27T03:41:16,61,96,0.93,1
2026-09-27T03:41:17,65,96,0.94,1
2026-09-27T03:41:18,60,94,0.93,1
2026-09-27T03:41:19,66,95,0.88,1
2026-09-27T03:41:20,60,96,0.87,1
2026-09-27T03:41:21,65,97,0.90,1
2026-09-27T03:41:22,62,96,0.87,1
2026-09-27T03:41:23,63,94,0.92,1
2026-09-27T03:41:24,63,96,0.86,1
2026-09-27T03:41:25,65,94,0.93,1
2026-09-27T03:41:26,60,97,0.87,1
2026-09-27T03:41:27,65,94,0.90,1
2026-09-27T03:41:28,63,97,0.89,1
2026-09-27T03:41:29,63,96,0.94,1
2026-09-27T03:41:30,63,95,0.90,1
2026-09-27T03:41:31,65,95,0.91,1
2026-09-27T03:41:32,64,96,0.92,1
2026-09-27T03:41:33,65,96,0.92,1
2026-09-27T03:41:34,65,95,0.89,1
2026-09-27T03:41:35,60,97,0.87,1
2026-09-27T03:41:36,61,96,0.87,1
2026-09-27T03:41:37,60,94,0.92,1
2026-09-27T03:41:38,65,95,0.87,1
2026-09-27T03:41:39,61,94,0.87,1
2026-09-27T03:41:40,60,97,0.94,1
2026-09-27T03:41:41,64,96,0.89,1
2026-09-27T03:41:42,64,94,0.91,1
2026-09-27T03:41:43,63,97,0.92,1
2026-09-27T03:41:44,62,97,0.90,1
2026-09-27T03:41:45,65,95,0.93,1
2026-09-27T03:41:46,66,95,0.91,1
2026-09-27T03:41:47,64,97,0.88,1
2026-09-27T03:41:48,63,94,0.86,1
2026-09-27T03:41:49,66,96,0.86,1
2026-09-27T03:41:50,66,97,0.87,1
2026-09-27T03:41:51,64,94,0.87,1
2026-09-27T03:41:52,63,95,0.94,1
2026-09-27T03:41:53,65,95,0.90,1
2026-09-27T03:41:54,60,96,0.90,1
2026-09-27T03:41:55,63,97,0.86,1
2026-09-27T03:41:56,63,97,0.85,1
2026-09-27T03:41:57,63,94,0.87,1
2026-09-27T03:41:58,66,96,0.90,1
2026-09-27T03:41:59,63,95,0.88,1
2026-09-27T03:42:00,66,96,0.90,1
2026-09-27T03:42:01,63,97,0.91,1
2026-09-27T03:42:02,62,95,0.90,1
2026-09-27T03:42:03,63,94,0.92,1
2026-09-27T03:42:04,61,97,0.89,1
2026-09-27T03:42:05,64,96,0.91,1
2026-09-27T03:42:06,65,97,0.88,1
2026-09-27T03:42:07,60,97,0.89,1
2026-09-27T03:42:08,65,94,0.88,1
2026-09-27T03:42:09,66,97,0.93,1
2026-09-27T03:42:10,64,95,0.95,1
2026-09-27T03:42:11,62,96,0.91,1
2026-09-27T03:42:12,61,95,0.89,1
2026-09-27T03:42:13,61,94,0.92,1
2026-09-27T03:42:14,65,97,0.87,1
2026-09-27T03:42:15,66,95,0.87,1
2026-09-27T03:42:16,66,96,0.88,1
2026-09-27T03:42:17,66,97,0.86,1
2026-09-27T03:42:18,61,95,0.85,1
2026-09-27T03:42:19,65,95,0.90,1
2026-09-27T03:42:20,64,96,0.94,1
2026-09-27T03:42:21,64,94,0.88,1
2026-09-27T03:42:22,66,97,0.90,1
2026-09-27T03:42:23,63,94,0.95,1
2026-09-27T03:42:24,63,96,0.89,1
2026-09-27T03:42:25,63,96,0.91,1
2026-09-27T03:42:26,63,94,0.91,1
2026-09-27T03:42:27,65,95,0.87,1
2026-09-27T03:42:28,64,94,0.89,1
2026-09-27T03:42:29,61,94,0.94,1
2026-09-27T03:42:30,61,95,0.94,1
2026-09-27T03:42:31,65,94,0.95,1
2026-09-27T03:42:32,62,94,0.86,1
2026-09-27T03:42:33,64,95,0.92,1
2026-09-27T03:42:34,61,94,0.87,1
2026-09-27T03:42:35,63,94,0.92,1
2026-09-27T03:42:36,61,96,0.88,1
2026-09-27T03:42:37,62,95,0.89,1
2026-09-27T03:42:38,60,95,0.89,1
2026-09-27T03:42:39,63,97,0.89,1
2026-09-27T03:42:40,63,96,0.88,1
2026-09-27T03:42:41,63,94,0.92,1
2026-09-27T03:42:42,62,96,0.91,1
2026-09-27T03:42:43,62,97,0.88,1
2026-09-27T03:42:44,66,95,0.86,1
2026-09-27T03:42:45,66,94,0.92,1
2026-09-27T03:42:46,65,95,0.94,1
2026-09-27T03:42:47,60,95,0.86,1
2026-09-27T03:42:48,63,95,0.85,1
2026-09-27T03:42:49,65,95,0.92,1
2026-09-27T03:42:50,62,95,0.90,1
2026-09-27T03:42:51,65,97,0.92,1
2026-09-27T03:42:52,65,95,0.91,1
2026-09-27T03:42:53,63,95,0.90,1
2026-09-27T03:42:54,61,96,0.87,1
2026-09-27T03:42:55,61,94,0.89,1
2026-09-27T03:42:56,60,95,0.87,1
2026-09-27T03:42:57,64,94,0.87,1
2026-09-27T03:42:58,66,95,0.94,1
2026-09-27T03:42:59,64,95,0.95,1
2026-09-27T03:43:00,65,94,0.89,1
2026-09-27T03:43:01,65,94,0.87,1
2026-09-27T03:43:02,61,96,0.90,1
2026-09-27T03:43:03,66,95,0.92,1
2026-09-27T03:43:04,60,94,0.86,1
2026-09-27T03:43:05,64,97,0.85,1
2026-09-27T03:43:06,61,95,0.94,1
2026-09-27T03:43:07,60,95,0.87,1
2026-09-27T03:43:08,63,95,0.87,1
2026-09-27T03:43:09,64,97,0.89,1
2026-09-27T03:43:10,61,94,0.93,1
2026-09-27T03:43:11,61,95,0.90,1
2026-09-27T03:43:12,63,97,0.92,1
2026-09-27T03:43:13,65,94,0.89,1
2026-09-27T03:43:14,61,97,0.90,1
2026-09-27T03:43:15,63,94,0.92,1
2026-09-27T03:43:16,63,94,0.87,1
2026-09-27T03:43:17,60,95,0.92,1
2026-09-27T03:43:18,60,95,0.91,1
2026-09-27T03:43:19,63,97,0.93,1
2026-09-27T03:43:20,60,95,0.93,1
2026-09-27T03:43:21,64,97,0.90,1
2026-09-27T03:43:22,62,94,0.87,1
2026-09-27T03:43:23,61,95,0.93,1
2026-09-27T03:43:24,64,94,0.92,1
2026-09-27T03:43:25,62,95,0.85,1
2026-09-27T03:43:26,66,94,0.91,1
2026-09-27T03:43:27,64,97,0.88,1
2026-09-27T03:43:28,62,97,0.89,1
2026-09-27T03:43:29,62,96,0.85,1
2026-09-27T03:43:30,64,94,0.90,1
2026-09-27T03:43:31,61,97,0.88,1
2026-09-27T03:43:32,65,94,0.94,1
2026-09-27T03:43:33,60,96,0.92,1
2026-09-27T03:43:34,65,97,0.88,1
2026-09-27T03:43:35,61,97,0.87,1
2026-09-27T03:43:36,61,95,0.89,1
2026-09-27T03:43:37,60,96,0.88,1
2026-09-27T03:43:38,61,96,0.92,1
2026-09-27T03:43:39,66,95,0.85,1
2026-09-27T03:43:40,62,96,0.90,1
2026-09-27T03:43:41,62,94,0.86,1
2026-09-27T03:43:42,64,96,0.86,1
2026-09-27T03:43:43,62,97,0.86,1
2026-09-27T03:43:44,64,97,0.92,1
2026-09-27T03:43:45,63,94,0.88,1
2026-09-27T03:43:46,65,95,0.87,1
2026-09-27T03:43:47,66,96,0.88,1
2026-09-27T03:43:48,64,97,0.93,1
2026-09-27T03:43:49,66,96,0.92,1
2026-09-27T03:43:50,65,94,0.87,1
2026-09-27T03:43:51,66,96,0.91,1
2026-09-27T03:43:52,63,95,0.86,1
2026-09-27T03:43:53,64,94,0.89,1
2026-09-27T03:43:54,62,94,0.86,1
2026-09-27T03:43:55,60,97,0.88,1
2026-09-27T03:43:56,64,95,0.86,1
2026-09-27T03:43:57,63,96,0.87,1
2026-09-27T03:43:58,66,97,0.90,1
2026-09-27T03:43:59,65,96,0.91,1
2026-09-27T03:44:00,61,97,0.92,1
2026-09-27T03:44:01,66,95,0.91,1
2026-09-27T03:44:02,64,95,0.90,1
2026-09-27T03:44:03,63,97,0.88,1
2026-09-27T03:44:04,64,97,0.88,1
2026-09-27T03:44:05,60,94,0.85,1
2026-09-27T03:44:06,61,97,0.89,1
2026-09-27T03:44:07,66,95,0.89,1
2026-09-27T03:44:08,60,94,0.94,1
2026-09-27T03:44:09,60,95,0.93,1
2026-09-27T03:44:10,60,96,0.87,1
2026-09-27T03:44:11,60,95,0.89,1
2026-09-27T03:44:12,65,97,0.85,1
2026-09-27T03:44:13,65,97,0.87,1
2026-09-27T03:44:14,62,94,0.85,1
2026-09-27T03:44:15,60,95,0.90,1
2026-09-27T03:44:16,60,95,0.87,1
2026-09-27T03:44:17,61,97,0.94,1
2026-09-27T03:44:18,60,97,0.91,1
2026-09-27T03:44:19,66,96,0.91,1
2026-09-27T03:44:20,63,96,0.88,1
2026-09-27T03:44:21,64,94,0.94,1
2026-09-27T03:44:22,64,96,0.94,1
2026-09-27T03:44:23,62,94,0.85,1
2026-09-27T03:44:24,63,96,0.90,1
2026-09-27T03:44:25,63,95,0.86,1
2026-09-27T03:44:26,63,95,0.86,1
2026-09-27T03:44:27,60,95,0.89,1
2026-09-27T03:44:28,60,97,0.91,1
2026-09-27T03:44:29,66,96,0.91,1
2026-09-27T03:44:30,63,95,0.89,1
2026-09-27T03:44:31,66,97,0.94,1
2026-09-27T03:44:32,60,97,0.92,1
2026-09-27T03:44:33,63,97,0.93,1
2026-09-27T03:44:34,65,96,0.87,1
2026-09-27T03:44:35,62,94,0.89,1
2026-09-27T03:44:36,60,97,0.91,1
2026-09-27T03:44:37,66,95,0.90,1
2026-09-27T03:44:38,62,95,0.95,1
2026-09-27T03:44:39,61,96,0.91,1
2026-09-27T03:44:40,63,95,0.92,1
2026-09-27T03:44:41,62,94,0.91,1
2026-09-27T03:44:42,62,97,0.92,1
2026-09-27T03:44:43,65,97,0.89,1
2026-09-27T03:44:44,62,96,0.95,1
2026-09-27T03:44:45,65,95,0.87,1
2026-09-27T03:44:46,64,97,0.93,1
2026-09-27T03:44:47,61,97,0.94,1
2026-09-27T03:44:48,62,95,0.90,1
2026-09-27T03:44:49,63,94,0.86,1
2026-09-27T03:44:50,63,97,0.88,1
2026-09-27T03:44:51,66,97,0.87,1
2026-09-27T03:44:52,62,94,0.89,1
2026-09-27T03:44:53,66,97,0.89,1
2026-09-27T03:44:54,61,96,0.91,1
2026-09-27T03:44:55,66,96,0.88,1
2026-09-27T03:44:56,61,97,0.85,1
2026-09-27T03:44:57,62,95,0.94,1
2026-09-27T03:44:58,61,95,0.95,1
2026-09-27T03:44:59,61,96,0.94,1
2026-09-27T03:45:00,60,97,0.88,1
2026-09-27T03:45:01,65,94,0.87,1
2026-09-27T03:45:02,64,97,0.92,1
2026-09-27T03:45:03,60,95,0.91,1
2026-09-27T03:45:04,63,96,0.91,1
2026-09-27T03:45:05,60,97,0.85,1
2026-09-27T03:45:06,65,94,0.88,1
2026-09-27T03:45:07,64,95,0.94,1
2026-09-27T03:45:08,64,97,0.86,1
2026-09-27T03:45:09,62,94,0.91,1
2026-09-27T03:45:10,66,97,0.94,1
2026-09-27T03:45:11,66,95,0.85,1
2026-09-27T03:45:12,65,96,0.90,1
2026-09-27T03:45:13,60,95,0.94,1
2026-09-27T03:45:14,65,97,0.91,1
2026-09-27T03:45:15,63,96,0.92,1
2026-09-27T03:45:16,63,96,0.90,1
2026-09-27T03:45:17,61,95,0.89,1
2026-09-27T03:45:18,66,97,0.94,1
2026-09-27T03:45:19,64,94,0.90,1
2026-09-27T03:45:20,60,96,0.95,1
2026-09-27T03:45:21,63,95,0.86,1
2026-09-27T03:45:22,64,94,0.88,1
2026-09-27T03:45:23,60,97,0.86,1
2026-09-27T03:45:24,66,97,0.85,1
2026-09-27T03:45:25,62,94,0.85,1
2026-09-27T03:45:26,62,95,0.88,1
2026-09-27T03:45:27,60,96,0.87,1
2026-09-27T03:45:28,62,97,0.89,1
2026-09-27T03:45:29,61,97,0.90,1
2026-09-27T03:45:30,66,95,0.88,1
2026-09-27T03:45:31,63,95,0.89,1
2026-09-27T03:45:32,63,97,0.93,1
2026-09-27T03:45:33,62,97,0.86,1
2026-09-27T03:45:34,63,95,0.94,1
2026-09-27T03:45:35,62,95,0.87,1
2026-09-27T03:45:36,60,97,0.87,1
2026-09-27T03:45:37,61,96,0.90,1
2026-09-27T03:45:38,63,94,0.89,1
2026-09-27T03:45:39,62,96,0.87,1
2026-09-27T03:45:40,61,97,0.88,1
2026-09-27T03:45:41,65,96,0.94,1
2026-09-27T03:45:42,62,96,0.94,1
2026-09-27T03:45:43,60,97,0.87,1
2026-09-27T03:45:44,66,96,0.93,1
2026-09-27T03:45:45,66,97,0.92,1
2026-09-27T03:45:46,65,94,0.93,1
2026-09-27T03:45:47,61,96,0.95,1
2026-09-27T03:45:48,61,96,0.88,1
2026-09-27T03:45:49,66,95,0.88,1
2026-09-27T03:45:50,66,96,0.90,1
2026-09-27T03:45:51,60,95,0.90,1
2026-09-27T03:45:52,63,96,0.88,1
2026-09-27T03:45:53,64,94,0.90,1
2026-09-27T03:45:54,65,97,0.94,1
2026-09-27T03:45:55,65,95,0.92,1
2026-09-27T03:45:56,62,94,0.90,1
2026-09-27T03:45:57,61,95,0.91,1
2026-09-27T03:45:58,65,95,0.91,1
2026-09-27T03:45:59,65,96,0.91,1
2026-09-27T03:46:00,63,94,0.87,1
2026-09-27T03:46:01,62,96,0.93,1
2026-09-27T03:46:02,65,96,0.88,1
2026-09-27T03:46:03,60,97,0.86,1
2026-09-27T03:46:04,65,94,0.92,1
2026-09-27T03:46:05,65,97,0.95,1
2026-09-27T03:46:06,65,96,0.90,1
2026-09-27T03:46:07,66,94,0.87,1
2026-09-27T03:46:08,64,96,0.93,1
2026-09-27T03:46:09,61,95,0.88,1
2026-09-27T03:46:10,61,97,0.91,1
2026-09-27T03:46:11,65,94,0.92,1
2026-09-27T03:46:12,60,97,0.93,1
2026-09-27T03:46:13,64,94,0.89,1
2026-09-27T03:46:14,62,97,0.94,1
2026-09-27T03:46:15,65,96,0.91,1
2026-09-27T03:46:16,66,96,0.90,1
2026-09-27T03:46:17,64,94,0.90,1
2026-09-27T03:46:18,64,95,0.87,1
2026-09-27T03:46:19,63,94,0.88,1
2026-09-27T03:46:20,60,94,0.87,1
2026-09-27T03:46:21,65,96,0.90,1
2026-09-27T03:46:22,60,96,0.86,1
2026-09-27T03:46:23,65,95,0.93,1
2026-09-27T03:46:24,64,95,0.94,1
2026-09-27T03:46:25,63,94,0.86,1
2026-09-27T03:46:26,66,96,0.87,1
2026-09-27T03:46:27,63,94,0.93,1
2026-09-27T03:46:28,64,97,0.86,1
2026-09-27T03:46:29,66,94,0.89,1
2026-09-27T03:46:30,62,94,0.88,1
2026-09-27T03:46:31,60,94,0.88,1
2026-09-27T03:46:32,61,95,0.87,1
2026-09-27T03:46:33,66,96,0.90,1
2026-09-27T03:46:34,62,96,0.88,1
2026-09-27T03:46:35,64,97,0.85,1
2026-09-27T03:46:36,64,94,0.90,1
2026-09-27T03:46:37,62,94,0.92,1
2026-09-27T03:46:38,61,94,0.91,1
2026-09-27T03:46:39,62,94,0.85,1
2026-09-27T03:46:40,64,96,0.88,1
2026-09-27T03:46:41,65,97,0.93,1
2026-09-27T03:46:42,64,94,0.89,1
2026-09-27T03:46:43,64,96,0.90,1
2026-09-27T03:46:44,62,96,0.85,1
2026-09-27T03:46:45,62,95,0.89,1
2026-09-27T03:46:46,64,97,0.87,1
2026-09-27T03:46:47,61,97,0.88,1
2026-09-27T03:46:48,66,95,0.87,1
2026-09-27T03:46:49,61,94,0.86,1
2026-09-27T03:46:50,64,95,0.87,1
2026-09-27T03:46:51,61,95,0.86,1
2026-09-27T03:46:52,61,95,0.94,1
2026-09-27T03:46:53,60,96,0.94,1
2026-09-27T03:46:54,66,94,0.88,1
2026-09-27T03:46:55,61,94,0.88,1
2026-09-27T03:46:56,61,97,0.86,1
2026-09-27T03:46:57,65,94,0.87,1
2026-09-27T03:46:58,66,96,0.92,1
2026-09-27T03:46:59,64,96,0.90,1
2026-09-27T03:47:00,63,96,0.85,1
2026-09-27T03:47:01,64,95,0.94,1
2026-09-27T03:47:02,63,97,0.93,1
2026-09-27T03:47:03,65,95,0.91,1
2026-09-27T03:47:04,65,97,0.88,1
2026-09-27T03:47:05,64,95,0.88,1
2026-09-27T03:47:06,66,97,0.87,1
2026-09-27T03:47:07,66,97,0.88,1
2026-09-27T03:47:08,63,97,0.89,1
2026-09-27T03:47:09,64,96,0.87,1
2026-09-27T03:47:10,60,96,0.88,1
2026-09-27T03:47:11,62,94,0.90,1
2026-09-27T03:47:12,66,94,0.91,1
2026-09-27T03:47:13,65,95,0.91,1
2026-09-27T03:47:14,60,97,0.88,1
2026-09-27T03:47:15,65,96,0.87,1
2026-09-27T03:47:16,60,95,0.94,1
2026-09-27T03:47:17,65,94,0.89,1
2026-09-27T03:47:18,60,95,0.91,1
2026-09-27T03:47:19,60,96,0.90,1
2026-09-27T03:47:20,60,94,0.95,1
2026-09-27T03:47:21,62,96,0.95,1
2026-09-27T03:47:22,66,97,0.94,1
2026-09-27T03:47:23,61,97,0.88,1
2026-09-27T03:47:24,62,96,0.86,1
2026-09-27T03:47:25,62,94,0.90,1
2026-09-27T03:47:26,62,97,0.95,1
2026-09-27T03:47:27,66,97,0.85,1
2026-09-27T03:47:28,62,95,0.90,1
2026-09-27T03:47:29,60,95,0.92,1
2026-09-27T03:47:30,66,97,0.86,1
2026-09-27T03:47:31,62,97,0.87,1
2026-09-27T03:47:32,65,94,0.88,1
2026-09-27T03:47:33,64,94,0.87,1
2026-09-27T03:47:34,65,96,0.90,1
2026-09-27T03:47:35,65,96,0.86,1
2026-09-27T03:47:36,61,95,0.95,1
2026-09-27T03:47:37,63,96,0.94,1
2026-09-27T03:47:38,61,97,0.88,1
2026-09-27T03:47:39,62,95,0.94,1
2026-09-27T03:47:40,61,97,0.91,1
2026-09-27T03:47:41,65,95,0.86,1
2026-09-27T03:47:42,63,97,0.93,1
2026-09-27T03:47:43,60,94,0.95,1
2026-09-27T03:47:44,61,94,0.92,1
2026-09-27T03:47:45,65,94,0.92,1
2026-09-27T03:47:46,64,95,0.93,1
2026-09-27T03:47:47,63,95,0.95,1
2026-09-27T03:47:48,65,94,0.88,1
2026-09-27T03:47:49,63,97,0.95,1
2026-09-27T03:47:50,66,95,0.90,1
2026-09-27T03:47:51,63,94,0.87,1
2026-09-27T03:47:52,61,95,0.88,1
2026-09-27T03:47:53,60,95,0.86,1
2026-09-27T03:47:54,62,97,0.85,1
2026-09-27T03:47:55,66,94,0.91,1
2026-09-27T03:47:56,60,96,0.86,1
2026-09-27T03:47:57,66,95,0.89,1
2026-09-27T03:47:58,66,94,0.90,1
2026-09-27T03:47:59,60,97,0.87,1
2026-09-27T03:48:00,61,97,0.94,1
2026-09-27T03:48:01,61,95,0.88,1
2026-09-27T03:48:02,66,97,0.87,1
2026-09-27T03:48:03,64,96,0.94,1
2026-09-27T03:48:04,64,97,0.90,1
2026-09-27T03:48:05,61,97,0.89,1
2026-09-27T03:48:06,64,94,0.93,1
2026-09-27T03:48:07,63,96,0.85,1
2026-09-27T03:48:08,64,94,0.88,1
2026-09-27T03:48:09,64,96,0.87,1
2026-09-27T03:48:10,63,96,0.90,1
2026-09-27T03:48:11,63,97,0.89,1
2026-09-27T03:48:12,60,96,0.95,1
2026-09-27T03:48:13,61,96,0.92,1
2026-09-27T03:48:14,60,94,0.88,1
2026-09-27T03:48:15,66,94,0.93,1
2026-09-27T03:48:16,62,97,0.88,1
2026-09-27T03:48:17,66,97,0.85,1
2026-09-27T03:48:18,64,97,0.90,1
2026-09-27T03:48:19,65,96,0.87,1
2026-09-27T03:48:20,61,96,0.92,1
2026-09-27T03:48:21,66,94,0.94,1
2026-09-27T03:48:22,66,94,0.85,1
2026-09-27T03:48:23,62,95,0.89,1
2026-09-27T03:48:24,62,97,0.92,1
2026-09-27T03:48:25,63,95,0.89,1
2026-09-27T03:48:26,63,97,0.86,1
2026-09-27T03:48:27,62,96,0.86,1
2026-09-27T03:48:28,65,95,0.90,1
2026-09-27T03:48:29,63,94,0.85,1
2026-09-27T03:48:30,65,97,0.93,1
2026-09-27T03:48:31,60,97,0.85,1
2026-09-27T03:48:32,60,96,0.92,1
2026-09-27T03:48:33,65,96,0.87,1
2026-09-27T03:48:34,65,96,0.88,1
2026-09-27T03:48:35,65,95,0.93,1
2026-09-27T03:48:36,62,96,0.87,1
2026-09-27T03:48:37,62,94,0.91,1
2026-09-27T03:48:38,62,96,0.87,1
2026-09-27T03:48:39,60,95,0.93,1
2026-09-27T03:48:40,63,97,0.94,1
2026-09-27T03:48:41,65,97,0.85,1
2026-09-27T03:48:42,60,97,0.93,1
2026-09-27T03:48:43,61,95,0.90,1
2026-09-27T03:48:44,63,94,0.95,1
2026-09-27T03:48:45,65,95,0.91,1
2026-09-27T03:48:46,60,94,0.95,1
2026-09-27T03:48:47,66,95,0.92,1
2026-09-27T03:48:48,66,94,0.93,1
2026-09-27T03:48:49,60,96,0.93,1
2026-09-27T03:48:50,62,95,0.91,1
2026-09-27T03:48:51,63,97,0.91,1
2026-09-27T03:48:52,61,97,0.93,1
2026-09-27T03:48:53,64,94,0.90,1
2026-09-27T03:48:54,66,94,0.91,1
2026-09-27T03:48:55,65,95,0.86,1
2026-09-27T03:48:56,63,94,0.94,1
2026-09-27T03:48:57,60,95,0.87,1
2026-09-27T03:48:58,65,95,0.86,1
2026-09-27T03:48:59,66,95,0.87,1
2026-09-27T03:49:00,61,95,0.89,1
2026-09-27T03:49:01,62,95,0.95,1
2026-09-27T03:49:02,62,95,0.92,1
2026-09-27T03:49:03,64,96,0.86,1
2026-09-27T03:49:04,64,95,0.91,1
2026-09-27T03:49:05,62,97,0.86,1
2026-09-27T03:49:06,64,94,0.89,1
2026-09-27T03:49:07,63,94,0.90,1
2026-09-27T03:49:08,63,94,0.95,1
2026-09-27T03:49:09,65,97,0.92,1
2026-09-27T03:49:10,60,94,0.90,1
2026-09-27T03:49:11,60,97,0.91,1
2026-09-27T03:49:12,61,95,0.89,1
2026-09-27T03:49:13,64,97,0.91,1
2026-09-27T03:49:14,65,97,0.90,1
2026-09-27T03:49:15,64,97,0.92,1
2026-09-27T03:49:16,62,94,0.94,1
2026-09-27T03:49:17,61,95,0.88,1
2026-09-27T03:49:18,62,95,0.90,1
2026-09-27T03:49:19,65,94,0.92,1
2026-09-27T03:49:20,64,94,0.86,1
2026-09-27T03:49:21,61,95,0.89,1
2026-09-27T03:49:22,60,95,0.88,1
2026-09-27T03:49:23,62,96,0.89,1
2026-09-27T03:49:24,60,96,0.88,1
2026-09-27T03:49:25,65,97,0.92,1
2026-09-27T03:49:26,65,94,0.86,1
2026-09-27T03:49:27,65,94,0.90,1
2026-09-27T03:49:28,65,97,0.92,1
2026-09-27T03:49:29,62,95,0.94,1
2026-09-27T03:49:30,64,94,0.89,1
2026-09-27T03:49:31,62,94,0.94,1
2026-09-27T03:49:32,64,94,0.92,1
2026-09-27T03:49:33,66,96,0.91,1
2026-09-27T03:49:34,60,95,0.89,1
2026-09-27T03:49:35,63,94,0.89,1
2026-09-27T03:49:36,64,94,0.94,1
2026-09-27T03:49:37,64,94,0.91,1
2026-09-27T03:49:38,63,96,0.88,1
2026-09-27T03:49:39,62,94,0.93,1
2026-09-27T03:49:40,60,96,0.93,1
2026-09-27T03:49:41,64,96,0.87,1
2026-09-27T03:49:42,62,94,0.85,1
2026-09-27T03:49:43,64,94,0.91,1
2026-09-27T03:49:44,61,96,0.89,1
2026-09-27T03:49:45,63,95,0.87,1
2026-09-27T03:49:46,62,95,0.90,1
2026-09-27T03:49:47,60,94,0.86,1
2026-09-27T03:49:48,63,96,0.94,1
2026-09-27T03:49:49,66,94,0.90,1
2026-09-27T03:49:50,64,94,0.94,1
2026-09-27T03:49:51,62,96,0.88,1
2026-09-27T03:49:52,64,96,0.94,1
2026-09-27T03:49:53,66,96,0.86,1
2026-09-27T03:49:54,60,97,0.85,1
2026-09-27T03:49:55,62,94,0.88,1
2026-09-27T03:49:56,65,96,0.88,1
2026-09-27T03:49:57,60,94,0.91,1
2026-09-27T03:49:58,64,96,0.90,1
2026-09-27T03:49:59,66,94,0.88,1
2026-09-27T03:50:00,62,96,0.94,1
2026-09-27T03:50:01,66,94,0.91,1
2026-09-27T03:50:02,64,94,0.94,1
2026-09-27T03:50:03,65,96,0.93,1
2026-09-27T03:50:04,61,97,0.93,1
2026-09-27T03:50:05,65,94,0.92,1
2026-09-27T03:50:06,64,97,0.94,1
2026-09-27T03:50:07,62,96,0.93,1
2026-09-27T03:50:08,60,95,0.90,1
2026-09-27T03:50:09,64,95,0.94,1
2026-09-27T03:50:10,65,94,0.95,1
2026-09-27T03:50:11,65,94,0.85,1
2026-09-27T03:50:12,64,95,0.88,1
2026-09-27T03:50:13,63,96,0.85,1
2026-09-27T03:50:14,61,94,0.85,1
2026-09-27T03:50:15,65,94,0.85,1
2026-09-27T03:50:16,65,96,0.90,1
2026-09-27T03:50:17,65,96,0.92,1
2026-09-27T03:50:18,61,97,0.90,1
2026-09-27T03:50:19,61,94,0.94,1
2026-09-27T03:50:20,66,94,0.89,1
2026-09-27T03:50:21,65,97,0.94,1
2026-09-27T03:50:22,62,96,0.89,1
2026-09-27T03:50:23,61,94,0.88,1
2026-09-27T03:50:24,66,94,0.89,1
2026-09-27T03:50:25,62,97,0.91,1
2026-09-27T03:50:26,62,95,0.91,1
2026-09-27T03:50:27,62,94,0.95,1
2026-09-27T03:50:28,66,94,0.86,1
2026-09-27T03:50:29,61,97,0.89,1
2026-09-27T03:50:30,60,94,0.94,1
2026-09-27T03:50:31,62,95,0.93,1
2026-09-27T03:50:32,61,95,0.92,1
2026-09-27T03:50:33,61,95,0.90,1
2026-09-27T03:50:34,65,97,0.88,1
2026-09-27T03:50:35,66,96,0.92,1
2026-09-27T03:50:36,60,96,0.89,1
2026-09-27T03:50:37,61,94,0.93,1
2026-09-27T03:50:38,62,94,0.88,1
2026-09-27T03:50:39,62,96,0.87,1
2026-09-27T03:50:40,61,96,0.94,1
2026-09-27T03:50:41,65,94,0.91,1
2026-09-27T03:50:42,60,95,0.88,1
2026-09-27T03:50:43,62,95,0.85,1
2026-09-27T03:50:44,66,97,0.92,1
2026-09-27T03:50:45,63,94,0.88,1
2026-09-27T03:50:46,62,96,0.89,1
2026-09-27T03:50:47,66,97,0.86,1
2026-09-27T03:50:48,61,96,0.89,1
2026-09-27T03:50:49,66,97,0.92,1
2026-09-27T03:50:50,64,94,0.88,1
2026-09-27T03:50:51,63,97,0.94,1
2026-09-27T03:50:52,60,95,0.92,1
2026-09-27T03:50:53,60,95,0.85,1
2026-09-27T03:50:54,60,96,0.88,1
2026-09-27T03:50:55,64,94,0.87,1
2026-09-27T03:50:56,65,96,0.94,1
2026-09-27T03:50:57,62,97,0.89,1
2026-09-27T03:50:58,61,97,0.92,1
2026-09-27T03:50:59,64,96,0.87,1
2026-09-27T03:51:00,61,97,0.88,1
2026-09-27T03:51:01,60,96,0.94,1
2026-09-27T03:51:02,63,95,0.92,1
2026-09-27T03:51:03,65,94,0.93,1
2026-09-27T03:51:04,63,96,0.87,1
2026-09-27T03:51:05,65,97,0.89,1
2026-09-27T03:51:06,65,96,0.93,1
2026-09-27T03:51:07,61,95,0.93,1
2026-09-27T03:51:08,63,97,0.89,1
2026-09-27T03:51:09,60,95,0.91,1
2026-09-27T03:51:10,63,95,0.91,1
2026-09-27T03:51:11,64,95,0.88,1
2026-09-27T03:51:12,65,94,0.91,1
2026-09-27T03:51:13,63,96,0.88,1
2026-09-27T03:51:14,60,94,0.90,1
2026-09-27T03:51:15,60,96,0.91,1
2026-09-27T03:51:16,60,97,0.90,1
2026-09-27T03:51:17,64,97,0.90,1
2026-09-27T03:51:18,63,97,0.88,1
2026-09-27T03:51:19,66,96,0.94,1
2026-09-27T03:51:20,66,94,0.93,1
2026-09-27T03:51:21,60,94,0.93,1
2026-09-27T03:51:22,64,94,0.92,1
2026-09-27T03:51:23,64,94,0.95,1
2026-09-27T03:51:24,61,96,0.86,1
2026-09-27T03:51:25,62,95,0.89,1
2026-09-27T03:51:26,64,95,0.92,1
2026-09-27T03:51:27,64,95,0.87,1
2026-09-27T03:51:28,62,95,0.92,1
2026-09-27T03:51:29,62,95,0.92,1
2026-09-27T03:51:30,66,96,0.86,1
2026-09-27T03:51:31,62,96,0.86,1
2026-09-27T03:51:32,64,97,0.89,1
2026-09-27T03:51:33,60,94,0.87,1
2026-09-27T03:51:34,62,96,0.85,1
2026-09-27T03:51:35,61,96,0.92,1
2026-09-27T03:51:36,61,96,0.87,1
2026-09-27T03:51:37,62,95,0.93,1
2026-09-27T03:51:38,63,94,0.95,1
2026-09-27T03:51:39,60,94,0.92,1
2026-09-27T03:51:40,61,96,0.85,1
2026-09-27T03:51:41,66,95,0.92,1
2026-09-27T03:51:42,63,94,0.91,1
2026-09-27T03:51:43,65,97,0.91,1
2026-09-27T03:51:44,61,94,0.86,1
2026-09-27T03:51:45,63,95,0.93,1
2026-09-27T03:51:46,64,94,0.93,1
2026-09-27T03:51:47,66,96,0.95,1
2026-09-27T03:51:48,64,94,0.94,1
2026-09-27T03:51:49,65,97,0.88,1
2026-09-27T03:51:50,63,94,0.94,1
2026-09-27T03:51:51,63,95,0.86,1
2026-09-27T03:51:52,62,96,0.86,1
2026-09-27T03:51:53,60,97,0.94,1
2026-09-27T03:51:54,62,97,0.86,1
2026-09-27T03:51:55,65,96,0.93,1
2026-09-27T03:51:56,66,95,0.95,1
2026-09-27T03:51:57,60,95,0.86,1
2026-09-27T03:51:58,64,97,0.91,1
2026-09-27T03:51:59,65,97,0.92,1
2026-09-27T03:52:00,63,97,0.92,1
2026-09-27T03:52:01,62,96,0.94,1
2026-09-27T03:52:02,61,95,0.90,1
2026-09-27T03:52:03,66,94,0.87,1
2026-09-27T03:52:04,64,96,0.94,1
2026-09-27T03:52:05,60,94,0.93,1
2026-09-27T03:52:06,64,94,0.92,1
2026-09-27T03:52:07,64,94,0.92,1
2026-09-27T03:52:08,65,96,0.86,1
2026-09-27T03:52:09,66,96,0.86,1
2026-09-27T03:52:10,62,96,0.90,1
2026-09-27T03:52:11,60,95,0.86,1
2026-09-27T03:52:12,63,97,0.89,1
2026-09-27T03:52:13,66,96,0.90,1
2026-09-27T03:52:14,60,94,0.94,1
2026-09-27T03:52:15,64,97,0.88,1
2026-09-27T03:52:16,63,96,0.87,1
2026-09-27T03:52:17,65,97,0.93,1
2026-09-27T03:52:18,63,94,0.87,1
2026-09-27T03:52:19,62,96,0.85,1
2026-09-27T03:52:20,64,94,0.90,1
2026-09-27T03:52:21,62,94,0.93,1
2026-09-27T03:52:22,64,95,0.89,1
2026-09-27T03:52:23,62,96,0.87,1
2026-09-27T03:52:24,61,96,0.92,1
2026-09-27T03:52:25,64,96,0.86,1
2026-09-27T03:52:26,64,96,0.89,1
2026-09-27T03:52:27,64,97,0.85,1
2026-09-27T03:52:28,62,97,0.90,1
2026-09-27T03:52:29,61,94,0.86,1
2026-09-27T03:52:30,64,95,0.85,1
2026-09-27T03:52:31,66,97,0.94,1
2026-09-27T03:52:32,60,94,0.94,1
2026-09-27T03:52:33,60,97,0.90,1
2026-09-27T03:52:34,64,94,0.85,1
2026-09-27T03:52:35,61,95,0.87,1
2026-09-27T03:52:36,64,94,0.92,1
2026-09-27T03:52:37,65,96,0.91,1
2026-09-27T03:52:38,64,95,0.90,1
2026-09-27T03:52:39,66,95,0.92,1
2026-09-27T03:52:40,65,94,0.89,1
2026-09-27T03:52:41,64,95,0.90,1
2026-09-27T03:52:42,65,94,0.91,1
2026-09-27T03:52:43,63,97,0.86,1
2026-09-27T03:52:44,60,94,0.88,1
2026-09-27T03:52:45,63,96,0.89,1
2026-09-27T03:52:46,65,97,0.90,1
2026-09-27T03:52:47,65,96,0.87,1
2026-09-27T03:52:48,64,97,0.90,1
2026-09-27T03:52:49,61,94,0.90,1
2026-09-27T03:52:50,62,97,0.88,1
2026-09-27T03:52:51,62,97,0.95,1
2026-09-27T03:52:52,63,97,0.94,1
2026-09-27T03:52:53,65,96,0.94,1
2026-09-27T03:52:54,62,94,0.88,1
2026-09-27T03:52:55,65,94,0.91,1
2026-09-27T03:52:56,63,95,0.87,1
2026-09-27T03:52:57,64,94,0.91,1
2026-09-27T03:52:58,63,97,0.91,1
2026-09-27T03:52:59,63,97,0.92,1
2026-09-27T03:53:00,60,96,0.95,1
2026-09-27T03:53:01,66,95,0.91,1
2026-09-27T03:53:02,61,94,0.90,1
2026-09-27T03:53:03,60,94,0.87,1
2026-09-27T03:53:04,66,95,0.95,1
2026-09-27T03:53:05,63,94,0.87,1
2026-09-27T03:53:06,64,96,0.89,1
2026-09-27T03:53:07,63,95,0.90,1
2026-09-27T03:53:08,64,94,0.91,1
2026-09-27T03:53:09,62,96,0.95,1
2026-09-27T03:53:10,66,95,0.94,1
2026-09-27T03:53:11,66,95,0.88,1
2026-09-27T03:53:12,65,96,0.93,1
2026-09-27T03:53:13,63,97,0.94,1
2026-09-27T03:53:14,65,95,0.88,1
2026-09-27T03:53:15,62,95,0.89,1
2026-09-27T03:53:16,64,97,0.90,1
2026-09-27T03:53:17,66,96,0.86,1
2026-09-27T03:53:18,60,94,0.89,1
2026-09-27T03:53:19,60,94,0.94,1
2026-09-27T03:53:20,62,95,0.90,1
2026-09-27T03:53:21,66,97,0.93,1
2026-09-27T03:53:22,65,94,0.91,1
2026-09-27T03:53:23,63,95,0.91,1
2026-09-27T03:53:24,64,97,0.89,1
2026-09-27T03:53:25,60,97,0.86,1
2026-09-27T03:53:26,63,94,0.92,1
2026-09-27T03:53:27,66,94,0.90,1
2026-09-27T03:53:28,63,94,0.87,1
2026-09-27T03:53:29,63,96,0.88,1
2026-09-27T03:53:30,62,94,0.90,1
2026-09-27T03:53:31,62,94,0.95,1
2026-09-27T03:53:32,63,94,0.93,1
2026-09-27T03:53:33,63,96,0.95,1
2026-09-27T03:53:34,63,95,0.86,1
2026-09-27T03:53:35,66,95,0.85,1
2026-09-27T03:53:36,64,94,0.92,1
2026-09-27T03:53:37,61,95,0.88,1
2026-09-27T03:53:38,62,94,0.87,1
2026-09-27T03:53:39,66,95,0.89,1
2026-09-27T03:53:40,66,94,0.85,1
2026-09-27T03:53:41,64,97,0.90,1
2026-09-27T03:53:42,64,94,0.91,1
2026-09-27T03:53:43,64,96,0.94,1
2026-09-27T03:53:44,61,94,0.90,1
2026-09-27T03:53:45,61,94,0.90,1
2026-09-27T03:53:46,66,95,0.92,1
2026-09-27T03:53:47,64,96,0.93,1
2026-09-27T03:53:48,60,94,0.90,1
2026-09-27T03:53:49,64,97,0.86,1
2026-09-27T03:53:50,62,96,0.91,1
2026-09-27T03:53:51,66,94,0.91,1
2026-09-27T03:53:52,61,96,0.93,1
2026-09-27T03:53:53,63,96,0.86,1
2026-09-27T03:53:54,62,95,0.94,1
2026-09-27T03:53:55,62,96,0.92,1
2026-09-27T03:53:56,64,95,0.91,1
2026-09-27T03:53:57,60,94,0.94,1
2026-09-27T03:53:58,63,95,0.85,1
2026-09-27T03:53:59,63,96,0.90,1
2026-09-27T03:54:00,61,97,0.88,1
2026-09-27T03:54:01,62,97,0.85,1
2026-09-27T03:54:02,66,94,0.90,1
2026-09-27T03:54:03,61,97,0.88,1
2026-09-27T03:54:04,66,95,0.86,1
2026-09-27T03:54:05,62,96,0.94,1
2026-09-27T03:54:06,60,96,0.94,1
2026-09-27T03:54:07,64,96,0.88,1
2026-09-27T03:54:08,66,96,0.92,1
2026-09-27T03:54:09,61,95,0.88,1
2026-09-27T03:54:10,62,96,0.87,1
2026-09-27T03:54:11,65,95,0.88,1
2026-09-27T03:54:12,66,96,0.90,1
2026-09-27T03:54:13,64,95,0.93,1
2026-09-27T03:54:14,63,96,0.95,1
2026-09-27T03:54:15,66,95,0.91,1
2026-09-27T03:54:16,66,97,0.89,1
2026-09-27T03:54:17,63,95,0.94,1
2026-09-27T03:54:18,66,95,0.88,1
2026-09-27T03:54:19,65,96,0.89,1
2026-09-27T03:54:20,65,95,0.88,1
2026-09-27T03:54:21,63,97,0.89,1
2026-09-27T03:54:22,62,95,0.89,1
2026-09-27T03:54:23,63,96,0.89,1
2026-09-27T03:54:24,63,95,0.91,1
2026-09-27T03:54:25,63,95,0.94,1
2026-09-27T03:54:26,60,94,0.93,1
2026-09-27T03:54:27,62,95,0.88,1
2026-09-27T03:54:28,66,94,0.91,1
2026-09-27T03:54:29,64,97,0.95,1
2026-09-27T03:54:30,60,96,0.87,1
2026-09-27T03:54:31,64,95,0.90,1
2026-09-27T03:54:32,64,97,0.94,1
2026-09-27T03:54:33,62,96,0.92,1
2026-09-27T03:54:34,66,94,0.92,1
2026-09-27T03:54:35,64,96,0.86,1
2026-09-27T03:54:36,63,94,0.91,1
2026-09-27T03:54:37,61,96,0.90,1
2026-09-27T03:54:38,66,97,0.86,1
2026-09-27T03:54:39,61,97,0.87,1
2026-09-27T03:54:40,66,95,0.90,1
2026-09-27T03:54:41,60,94,0.91,1
2026-09-27T03:54:42,66,94,0.91,1
2026-09-27T03:54:43,62,94,0.91,1
2026-09-27T03:54:44,60,97,0.93,1
2026-09-27T03:54:45,66,94,0.85,1
2026-09-27T03:54:46,60,96,0.89,1
2026-09-27T03:54:47,61,94,0.86,1
2026-09-27T03:54:48,60,96,0.86,1
2026-09-27T03:54:49,62,96,0.85,1
2026-09-27T03:54:50,66,94,0.91,1
2026-09-27T03:54:51,61,95,0.92,1
2026-09-27T03:54:52,60,95,0.94,1
2026-09-27T03:54:53,65,97,0.90,1
2026-09-27T03:54:54,60,94,0.94,1
2026-09-27T03:54:55,65,97,0.90,1
2026-09-27T03:54:56,63,97,0.93,1
2026-09-27T03:54:57,63,94,0.85,1
2026-09-27T03:54:58,63,95,0.89,1
2026-09-27T03:54:59,60,97,0.87,1
2026-09-27T03:55:00,61,95,0.90,1
2026-09-27T03:55:01,63,94,0.85,1
2026-09-27T03:55:02,64,96,0.90,1
2026-09-27T03:55:03,60,96,0.93,1
2026-09-27T03:55:04,63,96,0.86,1
2026-09-27T03:55:05,66,97,0.90,1
2026-09-27T03:55:06,60,95,0.95,1
2026-09-27T03:55:07,65,96,0.95,1
2026-09-27T03:55:08,60,94,0.86,1
2026-09-27T03:55:09,64,96,0.85,1
2026-09-27T03:55:10,60,96,0.94,1
2026-09-27T03:55:11,61,94,0.85,1
2026-09-27T03:55:12,64,94,0.93,1
2026-09-27T03:55:13,61,97,0.94,1
2026-09-27T03:55:14,65,95,0.95,1
2026-09-27T03:55:15,65,95,0.90,1
2026-09-27T03:55:16,62,96,0.89,1
2026-09-27T03:55:17,63,95,0.90,1
2026-09-27T03:55:18,60,95,0.85,1
2026-09-27T03:55:19,66,94,0.90,1
2026-09-27T03:55:20,61,97,0.86,1
2026-09-27T03:55:21,66,95,0.94,1
2026-09-27T03:55:22,61,94,0.92,1
2026-09-27T03:55:23,66,94,0.87,1
2026-09-27T03:55:24,62,96,0.89,1
2026-09-27T03:55:25,66,95,0.87,1
2026-09-27T03:55:26,62,95,0.90,1
2026-09-27T03:55:27,63,96,0.91,1
2026-09-27T03:55:28,62,96,0.94,1
2026-09-27T03:55:29,65,97,0.94,1
2026-09-27T03:55:30,65,96,0.95,1
2026-09-27T03:55:31,61,94,0.94,1
2026-09-27T03:55:32,63,94,0.95,1
2026-09-27T03:55:33,66,97,0.89,1
2026-09-27T03:55:34,60,94,0.91,1
2026-09-27T03:55:35,63,97,0.89,1
2026-09-27T03:55:36,64,94,0.89,1
2026-09-27T03:55:37,64,97,0.91,1
2026-09-27T03:55:38,66,97,0.85,1
2026-09-27T03:55:39,60,94,0.86,1
2026-09-27T03:55:40,62,97,0.93,1
2026-09-27T03:55:41,64,95,0.91,1
2026-09-27T03:55:42,60,95,0.87,1
2026-09-27T03:55:43,62,94,0.92,1
2026-09-27T03:55:44,62,96,0.86,1
2026-09-27T03:55:45,62,96,0.91,1
2026-09-27T03:55:46,66,97,0.92,1
2026-09-27T03:55:47,63,96,0.85,1
2026-09-27T03:55:48,62,95,0.89,1
2026-09-27T03:55:49,64,96,0.88,1
2026-09-27T03:55:50,65,96,0.90,1
2026-09-27T03:55:51,60,94,0.86,1
2026-09-27T03:55:52,61,94,0.88,1
2026-09-27T03:55:53,66,94,0.90,1
2026-09-27T03:55:54,66,96,0.95,1
2026-09-27T03:55:55,63,95,0.95,1
2026-09-27T03:55:56,66,97,0.93,1
2026-09-27T03:55:57,62,94,0.90,1
2026-09-27T03:55:58,66,94,0.85,1
2026-09-27T03:55:59,62,94,0.86,1
2026-09-27T03:56:00,61,97,0.86,1
2026-09-27T03:56:01,60,94,0.95,1
2026-09-27T03:56:02,63,96,0.94,1
2026-09-27T03:56:03,64,97,0.90,1
2026-09-27T03:56:04,64,96,0.93,1
2026-09-27T03:56:05,64,94,0.92,1
2026-09-27T03:56:06,63,95,0.86,1
2026-09-27T03:56:07,66,97,0.89,1
2026-09-27T03:56:08,66,96,0.90,1
2026-09-27T03:56:09,60,96,0.88,1
2026-09-27T03:56:10,60,97,0.90,1
2026-09-27T03:56:11,63,97,0.89,1
2026-09-27T03:56:12,65,94,0.93,1
2026-09-27T03:56:13,65,95,0.90,1
2026-09-27T03:56:14,64,94,0.86,1
2026-09-27T03:56:15,65,97,0.89,1
2026-09-27T03:56:16,66,94,0.90,1
2026-09-27T03:56:17,64,95,0.88,1
2026-09-27T03:56:18,65,96,0.90,1
2026-09-27T03:56:19,64,95,0.87,1
2026-09-27T03:56:20,62,94,0.93,1
2026-09-27T03:56:21,64,96,0.91,1
2026-09-27T03:56:22,65,97,0.92,1
2026-09-27T03:56:23,62,94,0.88,1
2026-09-27T03:56:24,60,95,0.87,1
2026-09-27T03:56:25,63,95,0.92,1
2026-09-27T03:56:26,62,96,0.86,1
2026-09-27T03:56:27,60,97,0.91,1
2026-09-27T03:56:28,66,94,0.93,1
2026-09-27T03:56:29,66,94,0.87,1
2026-09-27T03:56:30,62,95,0.94,1
2026-09-27T03:56:31,61,95,0.88,1
2026-09-27T03:56:32,66,94,0.91,1
2026-09-27T03:56:33,64,95,0.86,1
2026-09-27T03:56:34,66,97,0.92,1
2026-09-27T03:56:35,66,96,0.92,1
2026-09-27T03:56:36,65,97,0.90,1
2026-09-27T03:56:37,63,94,0.90,1
2026-09-27T03:56:38,60,97,0.87,1
2026-09-27T03:56:39,63,95,0.91,1
2026-09-27T03:56:40,63,94,0.91,1
2026-09-27T03:56:41,66,95,0.90,1
2026-09-27T03:56:42,61,96,0.89,1
2026-09-27T03:56:43,65,94,0.85,1
2026-09-27T03:56:44,62,94,0.90,1
2026-09-27T03:56:45,61,94,0.92,1
2026-09-27T03:56:46,62,97,0.92,1
2026-09-27T03:56:47,63,95,0.88,1
2026-09-27T03:56:48,62,95,0.92,1
2026-09-27T03:56:49,61,94,0.87,1
2026-09-27T03:56:50,61,97,0.92,1
2026-09-27T03:56:51,60,95,0.90,1
2026-09-27T03:56:52,62,97,0.93,1
2026-09-27T03:56:53,64,95,0.91,1
2026-09-27T03:56:54,64,95,0.87,1
2026-09-27T03:56:55,61,95,0.88,1
2026-09-27T03:56:56,61,96,0.87,1
2026-09-27T03:56:57,61,96,0.93,1
2026-09-27T03:56:58,60,95,0.94,1
2026-09-27T03:56:59,63,97,0.94,1
2026-09-27T03:57:00,65,94,0.88,1
2026-09-27T03:57:01,65,94,0.95,1
2026-09-27T03:57:02,62,97,0.89,1
2026-09-27T03:57:03,66,94,0.86,1
2026-09-27T03:57:04,66,97,0.91,1
2026-09-27T03:57:05,66,97,0.92,1
2026-09-27T03:57:06,60,95,0.86,1
2026-09-27T03:57:07,61,96,0.86,1
2026-09-27T03:57:08,61,96,0.91,1
2026-09-27T03:57:09,66,95,0.90,1
2026-09-27T03:57:10,61,95,0.89,1
2026-09-27T03:57:11,62,97,0.86,1
2026-09-27T03:57:12,62,95,0.94,1
2026-09-27T03:57:13,65,96,0.94,1
2026-09-27T03:57:14,65,95,0.85,1
2026-09-27T03:57:15,62,97,0.95,1
2026-09-27T03:57:16,63,94,0.95,1
2026-09-27T03:57:17,60,96,0.87,1
2026-09-27T03:57:18,66,96,0.92,1
2026-09-27T03:57:19,62,94,0.93,1
2026-09-27T03:57:20,63,97,0.86,1
2026-09-27T03:57:21,66,96,0.93,1
2026-09-27T03:57:22,60,95,0.87,1
2026-09-27T03:57:23,64,96,0.89,1
2026-09-27T03:57:24,64,94,0.95,1
2026-09-27T03:57:25,60,96,0.86,1
2026-09-27T03:57:26,61,94,0.93,1
2026-09-27T03:57:27,66,97,0.93,1
2026-09-27T03:57:28,66,95,0.94,1
2026-09-27T03:57:29,63,95,0.94,1
2026-09-27T03:57:30,66,96,0.89,1
2026-09-27T03:57:31,61,94,0.90,1
2026-09-27T03:57:32,65,94,0.92,1
2026-09-27T03:57:33,64,96,0.85,1
2026-09-27T03:57:34,63,95,0.85,1
2026-09-27T03:57:35,62,94,0.89,1
2026-09-27T03:57:36,63,96,0.91,1
2026-09-27T03:57:37,61,97,0.90,1
2026-09-27T03:57:38,61,94,0.94,1
2026-09-27T03:57:39,60,97,0.85,1
2026-09-27T03:57:40,65,97,0.90,1
2026-09-27T03:57:41,62,95,0.92,1
2026-09-27T03:57:42,60,97,0.93,1
2026-09-27T03:57:43,62,97,0.90,1
2026-09-27T03:57:44,66,94,0.94,1
2026-09-27T03:57:45,65,97,0.88,1
2026-09-27T03:57:46,63,96,0.92,1
2026-09-27T03:57:47,60,94,0.85,1
2026-09-27T03:57:48,64,94,0.93,1
2026-09-27T03:57:49,63,96,0.88,1
2026-09-27T03:57:50,62,94,0.85,1
2026-09-27T03:57:51,66,96,0.91,1
2026-09-27T03:57:52,61,94,0.93,1
2026-09-27T03:57:53,66,97,0.85,1
2026-09-27T03:57:54,60,97,0.88,1
2026-09-27T03:57:55,66,97,0.91,1
2026-09-27T03:57:56,63,95,0.94,1
2026-09-27T03:57:57,63,96,0.91,1
2026-09-27T03:57:58,64,96,0.87,1
2026-09-27T03:57:59,65,96,0.92,1
2026-09-27T03:58:00,62,95,0.90,1
2026-09-27T03:58:01,65,97,0.88,1
2026-09-27T03:58:02,62,95,0.90,1
2026-09-27T03:58:03,64,95,0.89,1
2026-09-27T03:58:04,60,94,0.93,1
2026-09-27T03:58:05,60,97,0.93,1
2026-09-27T03:58:06,64,97,0.88,1
2026-09-27T03:58:07,62,94,0.93,1
2026-09-27T03:58:08,61,97,0.88,1
2026-09-27T03:58:09,61,96,0.86,1
2026-09-27T03:58:10,64,95,0.95,1
2026-09-27T03:58:11,63,94,0.90,1
2026-09-27T03:58:12,65,97,0.91,1
2026-09-27T03:58:13,63,97,0.94,1
2026-09-27T03:58:14,64,97,0.91,1
2026-09-27T03:58:15,62,96,0.92,1
2026-09-27T03:58:16,64,94,0.92,1
2026-09-27T03:58:17,66,94,0.87,1
2026-09-27T03:58:18,63,95,0.89,1
2026-09-27T03:58:19,62,95,0.95,1
2026-09-27T03:58:20,65,95,0.87,1
2026-09-27T03:58:21,66,96,0.89,1
2026-09-27T03:58:22,63,94,0.93,1
2026-09-27T03:58:23,64,95,0.87,1
2026-09-27T03:58:24,63,96,0.89,1
2026-09-27T03:58:25,65,96,0.94,1
2026-09-27T03:58:26,63,97,0.93,1
2026-09-27T03:58:27,61,95,0.85,1
2026-09-27T03:58:28,63,97,0.87,1
2026-09-27T03:58:29,66,95,0.91,1
2026-09-27T03:58:30,65,97,0.90,1
2026-09-27T03:58:31,62,96,0.92,1
2026-09-27T03:58:32,66,96,0.93,1
2026-09-27T03:58:33,63,96,0.90,1
2026-09-27T03:58:34,61,95,0.92,1
2026-09-27T03:58:35,60,97,0.89,1
2026-09-27T03:58:36,61,97,0.86,1
2026-09-27T03:58:37,61,96,0.90,1
2026-09-27T03:58:38,63,96,0.91,1
2026-09-27T03:58:39,64,97,0.94,1
2026-09-27T03:58:40,64,94,0.90,1
2026-09-27T03:58:41,60,97,0.93,1
2026-09-27T03:58:42,63,95,0.88,1
2026-09-27T03:58:43,60,95,0.92,1
2026-09-27T03:58:44,66,97,0.92,1
2026-09-27T03:58:45,61,94,0.91,1
2026-09-27T03:58:46,64,94,0.87,1
2026-09-27T03:58:47,64,94,0.87,1
2026-09-27T03:58:48,66,97,0.90,1
2026-09-27T03:58:49,64,96,0.86,1
2026-09-27T03:58:50,60,97,0.88,1
2026-09-27T03:58:51,65,96,0.90,1
2026-09-27T03:58:52,61,94,0.85,1
2026-09-27T03:58:53,60,95,0.88,1
2026-09-27T03:58:54,60,97,0.86,1
2026-09-27T03:58:55,60,94,0.92,1
2026-09-27T03:58:56,65,96,0.94,1
2026-09-27T03:58:57,64,97,0.89,1
2026-09-27T03:58:58,62,96,0.93,1
2026-09-27T03:58:59,61,97,0.93,1
2026-09-27T03:59:00,63,95,0.94,1
2026-09-27T03:59:01,65,94,0.85,1
2026-09-27T03:59:02,64,94,0.85,1
2026-09-27T03:59:03,64,95,0.93,1
2026-09-27T03:59:04,62,94,0.89,1
2026-09-27T03:59:05,66,95,0.90,1
2026-09-27T03:59:06,64,94,0.93,1
2026-09-27T03:59:07,61,97,0.86,1
2026-09-27T03:59:08,65,95,0.88,1
2026-09-27T03:59:09,66,95,0.89,1
2026-09-27T03:59:10,64,97,0.86,1
2026-09-27T03:59:11,66,96,0.86,1
2026-09-27T03:59:12,66,95,0.89,1
2026-09-27T03:59:13,64,94,0.93,1
2026-09-27T03:59:14,65,97,0.91,1
2026-09-27T03:59:15,63,96,0.93,1
2026-09-27T03:59:16,60,97,0.91,1
2026-09-27T03:59:17,65,97,0.90,1
2026-09-27T03:59:18,65,95,0.94,1
2026-09-27T03:59:19,60,97,0.87,1
2026-09-27T03:59:20,64,94,0.89,1
2026-09-27T03:59:21,64,97,0.89,1
2026-09-27T03:59:22,61,96,0.92,1
2026-09-27T03:59:23,64,95,0.92,1
2026-09-27T03:59:24,64,96,0.89,1
2026-09-27T03:59:25,65,96,0.88,1
2026-09-27T03:59:26,61,97,0.94,1
2026-09-27T03:59:27,60,96,0.85,1
2026-09-27T03:59:28,60,97,0.92,1
2026-09-27T03:59:29,60,94,0.88,1
2026-09-27T03:59:30,63,95,0.93,1
2026-09-27T03:59:31,62,95,0.92,1
2026-09-27T03:59:32,66,94,0.92,1
2026-09-27T03:59:33,63,97,0.89,1
2026-09-27T03:59:34,60,96,0.85,1
2026-09-27T03:59:35,65,96,0.88,1
2026-09-27T03:59:36,60,94,0.85,1
2026-09-27T03:59:37,64,94,0.93,1
2026-09-27T03:59:38,66,97,0.93,1
2026-09-27T03:59:39,65,97,0.86,1
2026-09-27T03:59:40,66,96,0.86,1
2026-09-27T03:59:41,64,95,0.88,1
2026-09-27T03:59:42,66,94,0.87,1
2026-09-27T03:59:43,63,97,0.86,1
2026-09-27T03:59:44,65,96,0.93,1
2026-09-27T03:59:45,65,97,0.95,1
2026-09-27T03:59:46,65,97,0.95,1
2026-09-27T03:59:47,60,95,0.94,1
2026-09-27T03:59:48,62,96,0.86,1
2026-09-27T03:59:49,62,96,0.89,1
2026-09-27T03:59:50,64,97,0.90,1
2026-09-27T03:59:51,66,96,0.90,1
2026-09-27T03:59:52,66,95,0.90,1
2026-09-27T03:59:53,60,95,0.94,1
2026-09-27T03:59:54,62,94,0.87,1
2026-09-27T03:59:55,61,97,0.90,1
2026-09-27T03:59:56,62,96,0.94,1
2026-09-27T03:59:57,62,94,0.87,1
2026-09-27T03:59:58,65,94,0.93,1
2026-09-27T03:59:59,63,95,0.90,1
2026-09-27T04:00:00,61,95,0.88,1
2026-09-27T04:00:01,60,96,0.85,1
2026-09-27T04:00:02,60,94,0.94,1
2026-09-27T04:00:03,60,96,0.87,1
2026-09-27T04:00:04,66,96,0.94,1
2026-09-27T04:00:05,66,97,0.86,1
2026-09-27T04:00:06,61,97,0.86,1
2026-09-27T04:00:07,61,95,0.89,1
2026-09-27T04:00:08,61,96,0.92,1
2026-09-27T04:00:09,64,97,0.92,1
2026-09-27T04:00:10,64,97,0.90,1
2026-09-27T04:00:11,61,96,0.95,1
2026-09-27T04:00:12,61,96,0.87,1
2026-09-27T04:00:13,66,94,0.95,1
2026-09-27T04:00:14,65,94,0.88,1
2026-09-27T04:00:15,60,97,0.90,1
2026-09-27T04:00:16,60,97,0.86,1
2026-09-27T04:00:17,66,94,0.87,1
2026-09-27T04:00:18,60,96,0.91,1
2026-09-27T04:00:19,65,97,0.89,1
2026-09-27T04:00:20,66,97,0.93,1
2026-09-27T04:00:21,66,95,0.88,1
2026-09-27T04:00:22,60,96,0.94,1
2026-09-27T04:00:23,63,96,0.93,1
2026-09-27T04:00:24,62,94,0.93,1
2026-09-27T04:00:25,60,94,0.87,1
2026-09-27T04:00:26,64,96,0.90,1
2026-09-27T04:00:27,64,95,0.86,1
2026-09-27T04:00:28,66,94,0.86,1
2026-09-27T04:00:29,62,97,0.94,1
2026-09-27T04:00:30,63,97,0.89,1
2026-09-27T04:00:31,64,97,0.89,1
2026-09-27T04:00:32,62,97,0.94,1
2026-09-27T04:00:33,61,97,0.91,1
2026-09-27T04:00:34,60,94,0.87,1
2026-09-27T04:00:35,63,97,0.88,1
2026-09-27T04:00:36,62,94,0.94,1
2026-09-27T04:00:37,65,94,0.89,1
2026-09-27T04:00:38,62,96,0.93,1
2026-09-27T04:00:39,65,97,0.89,1
2026-09-27T04:00:40,60,95,0.86,1
2026-09-27T04:00:41,66,94,0.85,1
2026-09-27T04:00:42,63,96,0.93,1
2026-09-27T04:00:43,61,96,0.89,1
2026-09-27T04:00:44,61,96,0.93,1
2026-09-27T04:00:45,63,96,0.85,1
2026-09-27T04:00:46,66,94,0.86,1
2026-09-27T04:00:47,64,97,0.88,1
2026-09-27T04:00:48,66,95,0.89,1
2026-09-27T04:00:49,64,96,0.89,1
2026-09-27T04:00:50,65,95,0.92,1
2026-09-27T04:00:51,63,97,0.88,1
2026-09-27T04:00:52,66,95,0.90,1
2026-09-27T04:00:53,60,97,0.85,1
2026-09-27T04:00:54,65,95,0.91,1
2026-09-27T04:00:55,65,97,0.94,1
2026-09-27T04:00:56,64,95,0.90,1
2026-09-27T04:00:57,63,97,0.89,1
2026-09-27T04:00:58,64,94,0.90,1
2026-09-27T04:00:59,60,96,0.92,1
2026-09-27T04:01:00,65,97,0.95,1
2026-09-27T04:01:01,63,96,0.90,1
2026-09-27T04:01:02,61,95,0.89,1
2026-09-27T04:01:03,62,95,0.88,1
2026-09-27T04:01:04,60,96,0.85,1
2026-09-27T04:01:05,63,95,0.88,1
2026-09-27T04:01:06,66,94,0.91,1
2026-09-27T04:01:07,65,97,0.90,1
2026-09-27T04:01:08,62,96,0.94,1
2026-09-27T04:01:09,60,94,0.88,1
2026-09-27T04:01:10,64,95,0.86,1
2026-09-27T04:01:11,60,94,0.91,1
2026-09-27T04:01:12,60,94,0.87,1
2026-09-27T04:01:13,61,94,0.94,1
2026-09-27T04:01:14,61,95,0.91,1
2026-09-27T04:01:15,60,94,0.92,1
2026-09-27T04:01:16,63,96,0.88,1
2026-09-27T04:01:17,60,95,0.93,1
2026-09-27T04:01:18,64,95,0.88,1
2026-09-27T04:01:19,64,96,0.88,1
2026-09-27T04:01:20,66,97,0.85,1
2026-09-27T04:01:21,66,97,0.91,1
2026-09-27T04:01:22,60,97,0.93,1
2026-09-27T04:01:23,60,95,0.94,1
2026-09-27T04:01:24,61,96,0.95,1
2026-09-27T04:01:25,62,96,0.90,1
2026-09-27T04:01:26,62,97,0.85,1
2026-09-27T04:01:27,63,94,0.93,1
2026-09-27T04:01:28,65,95,0.92,1
2026-09-27T04:01:29,60,96,0.89,1
2026-09-27T04:01:30,62,97,0.93,1
2026-09-27T04:01:31,60,97,0.95,1
2026-09-27T04:01:32,64,95,0.94,1
2026-09-27T04:01:33,61,97,0.89,1
2026-09-27T04:01:34,60,94,0.86,1
2026-09-27T04:01:35,63,95,0.95,1
2026-09-27T04:01:36,65,94,0.87,1
2026-09-27T04:01:37,63,96,0.93,1
2026-09-27T04:01:38,66,95,0.86,1
2026-09-27T04:01:39,61,96,0.91,1
2026-09-27T04:01:40,62,96,0.93,1
2026-09-27T04:01:41,66,97,0.91,1
2026-09-27T04:01:42,64,96,0.92,1
2026-09-27T04:01:43,62,97,0.92,1
2026-09-27T04:01:44,65,97,0.94,1
2026-09-27T04:01:45,61,96,0.85,1
2026-09-27T04:01:46,63,94,0.88,1
2026-09-27T04:01:47,64,95,0.90,1
2026-09-27T04:01:48,60,95,0.89,1
2026-09-27T04:01:49,62,96,0.94,1
2026-09-27T04:01:50,64,94,0.94,1
2026-09-27T04:01:51,63,94,0.93,1
2026-09-27T04:01:52,63,96,0.86,1
2026-09-27T04:01:53,65,96,0.91,1
2026-09-27T04:01:54,60,94,0.93,1
2026-09-27T04:01:55,60,97,0.86,1
2026-09-27T04:01:56,64,97,0.95,1
2026-09-27T04:01:57,64,94,0.90,1
2026-09-27T04:01:58,60,95,0.86,1
2026-09-27T04:01:59,61,95,0.88,1
2026-09-27T04:02:00,61,94,0.93,1
2026-09-27T04:02:01,65,95,0.94,1
2026-09-27T04:02:02,66,96,0.87,1
2026-09-27T04:02:03,60,95,0.94,1
2026-09-27T04:02:04,64,94,0.90,1
2026-09-27T04:02:05,63,97,0.94,1
2026-09-27T04:02:06,60,94,0.92,1
2026-09-27T04:02:07,60,96,0.90,1
2026-09-27T04:02:08,63,97,0.91,1
2026-09-27T04:02:09,64,97,0.93,1
2026-09-27T04:02:10,64,96,0.90,1
2026-09-27T04:02:11,66,97,0.86,1
2026-09-27T04:02:12,60,97,0.86,1
2026-09-27T04:02:13,61,94,0.90,1
2026-09-27T04:02:14,65,96,0.95,1
2026-09-27T04:02:15,62,95,0.92,1
2026-09-27T04:02:16,60,94,0.89,1
2026-09-27T04:02:17,61,94,0.94,1
2026-09-27T04:02:18,63,96,0.85,1
2026-09-27T04:02:19,62,95,0.92,1
2026-09-27T04:02:20,63,97,0.88,1
2026-09-27T04:02:21,61,97,0.90,1
2026-09-27T04:02:22,62,94,0.88,1
2026-09-27T04:02:23,60,96,0.88,1
2026-09-27T04:02:24,62,96,0.89,1
2026-09-27T04:02:25,60,94,0.88,1
2026-09-27T04:02:26,66,96,0.93,1
2026-09-27T04:02:27,66,97,0.92,1
2026-09-27T04:02:28,65,94,0.86,1
2026-09-27T04:02:29,65,94,0.93,1
2026-09-27T04:02:30,65,97,0.90,1
2026-09-27T04:02:31,60,96,0.93,1
2026-09-27T04:02:32,64,97,0.85,1
2026-09-27T04:02:33,65,96,0.95,1
2026-09-27T04:02:34,61,96,0.88,1
2026-09-27T04:02:35,65,96,0.91,1
2026-09-27T04:02:36,62,95,0.86,1
2026-09-27T04:02:37,60,97,0.92,1
2026-09-27T04:02:38,62,96,0.93,1
2026-09-27T04:02:39,64,94,0.90,1
2026-09-27T04:02:40,63,96,0.91,1
2026-09-27T04:02:41,65,97,0.87,1
2026-09-27T04:02:42,63,97,0.91,1
2026-09-27T04:02:43,60,96,0.86,1
2026-09-27T04:02:44,63,95,0.90,1
2026-09-27T04:02:45,65,94,0.95,1
2026-09-27T04:02:46,61,97,0.87,1
2026-09-27T04:02:47,66,95,0.95,1
2026-09-27T04:02:48,65,95,0.88,1
2026-09-27T04:02:49,61,94,0.93,1
2026-09-27T04:02:50,60,97,0.95,1
2026-09-27T04:02:51,64,97,0.88,1
2026-09-27T04:02:52,62,95,0.91,1
2026-09-27T04:02:53,60,97,0.86,1
2026-09-27T04:02:54,60,96,0.87,1
2026-09-27T04:02:55,66,97,0.92,1
2026-09-27T04:02:56,62,95,0.94,1
2026-09-27T04:02:57,62,95,0.90,1
2026-09-27T04:02:58,63,95,0.93,1
2026-09-27T04:02:59,60,96,0.95,1
2026-09-27T04:03:00,61,96,0.93,1
2026-09-27T04:03:01,63,95,0.90,1
2026-09-27T04:03:02,61,96,0.87,1
2026-09-27T04:03:03,66,97,0.89,1
2026-09-27T04:03:04,61,94,0.95,1
2026-09-27T04:03:05,63,97,0.92,1
2026-09-27T04:03:06,61,95,0.87,1
2026-09-27T04:03:07,65,94,0.86,1
2026-09-27T04:03:08,63,94,0.86,1
2026-09-27T04:03:09,62,95,0.92,1
2026-09-27T04:03:10,62,94,0.86,1
2026-09-27T04:03:11,66,96,0.94,1
2026-09-27T04:03:12,60,94,0.91,1
2026-09-27T04:03:13,65,97,0.87,1
2026-09-27T04:03:14,65,97,0.91,1
2026-09-27T04:03:15,61,95,0.88,1
2026-09-27T04:03:16,65,95,0.95,1
2026-09-27T04:03:17,66,94,0.92,1
2026-09-27T04:03:18,63,95,0.91,1
2026-09-27T04:03:19,64,94,0.86,1
2026-09-27T04:03:20,63,96,0.88,1
2026-09-27T04:03:21,64,94,0.91,1
2026-09-27T04:03:22,65,94,0.86,1
2026-09-27T04:03:23,64,94,0.92,1
2026-09-27T04:03:24,60,94,0.92,1
2026-09-27T04:03:25,62,97,0.94,1
2026-09-27T04:03:26,60,97,0.90,1
2026-09-27T04:03:27,61,95,0.88,1
2026-09-27T04:03:28,64,96,0.93,1
2026-09-27T04:03:29,63,94,0.89,1
2026-09-27T04:03:30,60,95,0.91,1
2026-09-27T04:03:31,60,96,0.90,1
2026-09-27T04:03:32,60,95,0.92,1
2026-09-27T04:03:33,64,94,0.87,1
2026-09-27T04:03:34,62,97,0.94,1
2026-09-27T04:03:35,65,94,0.93,1
2026-09-27T04:03:36,63,94,0.86,1
2026-09-27T04:03:37,66,95,0.92,1
2026-09-27T04:03:38,62,97,0.91,1
2026-09-27T04:03:39,63,95,0.92,1
2026-09-27T04:03:40,65,95,0.95,1
2026-09-27T04:03:41,60,97,0.93,1
2026-09-27T04:03:42,63,97,0.89,1
2026-09-27T04:03:43,60,97,0.92,1
2026-09-27T04:03:44,60,94,0.95,1
2026-09-27T04:03:45,66,94,0.85,1
2026-09-27T04:03:46,66,97,0.86,1
2026-09-27T04:03:47,62,95,0.87,1
2026-09-27T04:03:48,64,97,0.85,1
2026-09-27T04:03:49,64,95,0.85,1
2026-09-27T04:03:50,65,96,0.90,1
2026-09-27T04:03:51,60,96,0.91,1
2026-09-27T04:03:52,63,95,0.93,1
2026-09-27T04:03:53,66,94,0.87,1
2026-09-27T04:03:54,61,94,0.87,1
2026-09-27T04:03:55,62,96,0.90,1
2026-09-27T04:03:56,60,94,0.91,1
2026-09-27T04:03:57,60,97,0.91,1
2026-09-27T04:03:58,65,95,0.87,1
2026-09-27T04:03:59,61,95,0.90,1
2026-09-27T04:04:00,61,96,0.88,1
2026-09-27T04:04:01,60,97,0.94,1
2026-09-27T04:04:02,60,95,0.94,1
2026-09-27T04:04:03,62,97,0.88,1
2026-09-27T04:04:04,60,96,0.93,1
2026-09-27T04:04:05,66,94,0.94,1
2026-09-27T04:04:06,60,95,0.94,1
2026-09-27T04:04:07,66,95,0.92,1
2026-09-27T04:04:08,66,94,0.90,1
2026-09-27T04:04:09,60,94,0.92,1
2026-09-27T04:04:10,60,94,0.85,1
2026-09-27T04:04:11,62,95,0.86,1
2026-09-27T04:04:12,66,94,0.95,1
2026-09-27T04:04:13,60,95,0.92,1
2026-09-27T04:04:14,62,95,0.89,1
2026-09-27T04:04:15,60,95,0.92,1
2026-09-27T04:04:16,60,95,0.91,1
2026-09-27T04:04:17,60,94,0.92,1
2026-09-27T04:04:18,64,95,0.89,1
2026-09-27T04:04:19,63,95,0.88,1
2026-09-27T04:04:20,62,94,0.89,1
2026-09-27T04:04:21,66,96,0.94,1
2026-09-27T04:04:22,62,96,0.91,1
2026-09-27T04:04:23,62,96,0.87,1
2026-09-27T04:04:24,65,97,0.91,1
2026-09-27T04:04:25,65,96,0.93,1
2026-09-27T04:04:26,66,97,0.93,1
2026-09-27T04:04:27,63,94,0.87,1
2026-09-27T04:04:28,64,94,0.87,1
2026-09-27T04:04:29,65,94,0.89,1
2026-09-27T04:04:30,64,94,0.89,1
2026-09-27T04:04:31,62,96,0.87,1
2026-09-27T04:04:32,60,97,0.95,1
2026-09-27T04:04:33,66,97,0.91,1
2026-09-27T04:04:34,66,94,0.88,1
2026-09-27T04:04:35,60,96,0.90,1
2026-09-27T04:04:36,61,96,0.90,1
2026-09-27T04:04:37,62,94,0.94,1
2026-09-27T04:04:38,61,94,0.93,1
2026-09-27T04:04:39,66,97,0.88,1
2026-09-27T04:04:40,63,94,0.87,1
2026-09-27T04:04:41,61,94,0.94,1
2026-09-27T04:04:42,65,95,0.94,1
2026-09-27T04:04:43,65,95,0.94,1
2026-09-27T04:04:44,60,95,0.89,1
2026-09-27T04:04:45,60,95,0.85,1
2026-09-27T04:04:46,65,96,0.93,1
2026-09-27T04:04:47,65,94,0.93,1
2026-09-27T04:04:48,62,97,0.85,1
2026-09-27T04:04:49,64,94,0.95,1
2026-09-27T04:04:50,63,96,0.94,1
2026-09-27T04:04:51,65,97,0.95,1
2026-09-27T04:04:52,60,97,0.92,1
2026-09-27T04:04:53,61,94,0.85,1
2026-09-27T04:04:54,62,94,0.88,1
2026-09-27T04:04:55,66,96,0.88,1
2026-09-27T04:04:56,61,95,0.91,1
2026-09-27T04:04:57,60,94,0.88,1
2026-09-27T04:04:58,63,97,0.86,1
2026-09-27T04:04:59,66,97,0.92,1
2026-09-27T04:05:00,66,95,0.94,1
2026-09-27T04:05:01,66,97,0.88,1
2026-09-27T04:05:02,65,96,0.92,1
2026-09-27T04:05:03,66,97,0.88,1
2026-09-27T04:05:04,66,97,0.93,1
2026-09-27T04:05:05,65,95,0.90,1
2026-09-27T04:05:06,64,95,0.88,1
2026-09-27T04:05:07,66,94,0.86,1
2026-09-27T04:05:08,62,95,0.88,1
2026-09-27T04:05:09,66,95,0.91,1
2026-09-27T04:05:10,66,97,0.85,1
2026-09-27T04:05:11,64,95,0.94,1
2026-09-27T04:05:12,61,94,0.91,1
2026-09-27T04:05:13,60,97,0.93,1
2026-09-27T04:05:14,61,96,0.88,1
2026-09-27T04:05:15,66,94,0.86,1
2026-09-27T04:05:16,65,97,0.93,1
2026-09-27T04:05:17,66,94,0.95,1
2026-09-27T04:05:18,65,96,0.88,1
2026-09-27T04:05:19,66,96,0.87,1
2026-09-27T04:05:20,66,96,0.85,1
2026-09-27T04:05:21,64,97,0.89,1
2026-09-27T04:05:22,65,94,0.85,1
2026-09-27T04:05:23,62,94,0.90,1
2026-09-27T04:05:24,60,96,0.92,1
2026-09-27T04:05:25,63,94,0.93,1
2026-09-27T04:05:26,62,97,0.94,1
2026-09-27T04:05:27,64,95,0.89,1
2026-09-27T04:05:28,66,97,0.86,1
2026-09-27T04:05:29,62,95,0.95,1
2026-09-27T04:05:30,60,95,0.90,1
2026-09-27T04:05:31,65,94,0.95,1
2026-09-27T04:05:32,65,95,0.86,1
2026-09-27T04:05:33,66,97,0.93,1
2026-09-27T04:05:34,65,95,0.89,1
2026-09-27T04:05:35,66,94,0.93,1
2026-09-27T04:05:36,63,94,0.90,1
2026-09-27T04:05:37,61,96,0.91,1
2026-09-27T04:05:38,61,97,0.93,1
2026-09-27T04:05:39,64,95,0.87,1
2026-09-27T04:05:40,61,96,0.94,1
2026-09-27T04:05:41,63,96,0.89,1
2026-09-27T04:05:42,64,95,0.87,1
2026-09-27T04:05:43,61,97,0.87,1
2026-09-27T04:05:44,66,96,0.87,1
2026-09-27T04:05:45,63,97,0.88,1
2026-09-27T04:05:46,65,94,0.93,1
2026-09-27T04:05:47,63,95,0.92,1
2026-09-27T04:05:48,65,97,0.85,1
2026-09-27T04:05:49,64,96,0.95,1
2026-09-27T04:05:50,60,97,0.87,1
2026-09-27T04:05:51,64,96,0.88,1
2026-09-27T04:05:52,61,94,0.86,1
2026-09-27T04:05:53,65,94,0.91,1
2026-09-27T04:05:54,66,96,0.93,1
2026-09-27T04:05:55,62,95,0.86,1
2026-09-27T04:05:56,64,96,0.86,1
2026-09-27T04:05:57,62,95,0.88,1
2026-09-27T04:05:58,64,94,0.91,1
2026-09-27T04:05:59,63,96,0.88,1
2026-09-27T04:06:00,66,97,0.88,1
2026-09-27T04:06:01,60,95,0.85,1
2026-09-27T04:06:02,65,94,0.85,1
2026-09-27T04:06:03,61,96,0.93,1
2026-09-27T04:06:04,60,94,0.86,1
2026-09-27T04:06:05,64,97,0.94,1
2026-09-27T04:06:06,62,96,0.85,1
2026-09-27T04:06:07,61,94,0.86,1
2026-09-27T04:06:08,62,96,0.94,1
2026-09-27T04:06:09,63,96,0.90,1
2026-09-27T04:06:10,65,94,0.88,1
2026-09-27T04:06:11,65,94,0.93,1
2026-09-27T04:06:12,66,94,0.94,1
2026-09-27T04:06:13,66,97,0.86,1
2026-09-27T04:06:14,62,97,0.92,1
2026-09-27T04:06:15,61,95,0.90,1
2026-09-27T04:06:16,66,95,0.86,1
2026-09-27T04:06:17,65,94,0.90,1
2026-09-27T04:06:18,63,94,0.85,1
2026-09-27T04:06:19,65,97,0.88,1
2026-09-27T04:06:20,63,95,0.90,1
2026-09-27T04:06:21,62,95,0.92,1
2026-09-27T04:06:22,60,97,0.90,1
2026-09-27T04:06:23,61,95,0.90,1
2026-09-27T04:06:24,60,96,0.89,1
2026-09-27T04:06:25,66,95,0.86,1
2026-09-27T04:06:26,64,97,0.90,1
2026-09-27T04:06:27,60,97,0.94,1
2026-09-27T04:06:28,60,96,0.93,1
2026-09-27T04:06:29,66,94,0.88,1
2026-09-27T04:06:30,63,95,0.90,1
2026-09-27T04:06:31,66,95,0.89,1
2026-09-27T04:06:32,66,95,0.93,1
2026-09-27T04:06:33,65,95,0.87,1
2026-09-27T04:06:34,62,94,0.88,1
2026-09-27T04:06:35,62,94,0.92,1
2026-09-27T04:06:36,65,95,0.90,1
2026-09-27T04:06:37,60,95,0.87,1
2026-09-27T04:06:38,61,94,0.86,1
2026-09-27T04:06:39,60,96,0.91,1
2026-09-27T04:06:40,66,96,0.90,1
2026-09-27T04:06:41,63,95,0.91,1
2026-09-27T04:06:42,64,97,0.93,1
2026-09-27T04:06:43,64,95,0.87,1
2026-09-27T04:06:44,66,97,0.87,1
2026-09-27T04:06:45,65,94,0.95,1
2026-09-27T04:06:46,63,94,0.87,1
2026-09-27T04:06:47,62,94,0.89,1
2026-09-27T04:06:48,63,96,0.85,1
2026-09-27T04:06:49,62,95,0.89,1
2026-09-27T04:06:50,60,94,0.88,1
2026-09-27T04:06:51,61,94,0.95,1
2026-09-27T04:06:52,63,96,0.94,1
2026-09-27T04:06:53,64,97,0.88,1
2026-09-27T04:06:54,65,96,0.90,1
2026-09-27T04:06:55,65,95,0.94,1
2026-09-27T04:06:56,64,94,0.88,1
2026-09-27T04:06:57,66,94,0.89,1
2026-09-27T04:06:58,64,94,0.87,1
2026-09-27T04:06:59,61,95,0.87,1
2026-09-27T04:07:00,63,96,0.86,1
2026-09-27T04:07:01,60,94,0.95,1
2026-09-27T04:07:02,63,94,0.94,1
2026-09-27T04:07:03,64,94,0.91,1
2026-09-27T04:07:04,62,94,0.87,1
2026-09-27T04:07:05,61,94,0.91,1
2026-09-27T04:07:06,61,97,0.86,1
2026-09-27T04:07:07,63,95,0.85,1
2026-09-27T04:07:08,60,97,0.87,1
2026-09-27T04:07:09,61,96,0.88,1
2026-09-27T04:07:10,63,97,0.91,1
2026-09-27T04:07:11,60,95,0.88,1
2026-09-27T04:07:12,60,96,0.89,1
2026-09-27T04:07:13,64,96,0.86,1
2026-09-27T04:07:14,60,97,0.89,1
2026-09-27T04:07:15,64,97,0.88,1
2026-09-27T04:07:16,63,94,0.92,1
2026-09-27T04:07:17,60,95,0.90,1
2026-09-27T04:07:18,65,95,0.94,1
2026-09-27T04:07:19,63,97,0.87,1
2026-09-27T04:07:20,65,96,0.86,1
2026-09-27T04:07:21,61,97,0.85,1
2026-09-27T04:07:22,60,97,0.93,1
2026-09-27T04:07:23,60,97,0.85,1
2026-09-27T04:07:24,64,94,0.93,1
2026-09-27T04:07:25,66,95,0.95,1
2026-09-27T04:07:26,64,96,0.87,1
2026-09-27T04:07:27,66,97,0.93,1
2026-09-27T04:07:28,66,97,0.88,1
2026-09-27T04:07:29,64,97,0.91,1
2026-09-27T04:07:30,64,97,0.86,1
2026-09-27T04:07:31,60,96,0.93,1
2026-09-27T04:07:32,66,96,0.95,1
2026-09-27T04:07:33,61,96,0.89,1
2026-09-27T04:07:34,61,96,0.87,1
2026-09-27T04:07:35,63,96,0.94,1
2026-09-27T04:07:36,63,95,0.87,1
2026-09-27T04:07:37,60,95,0.93,1
2026-09-27T04:07:38,60,97,0.93,1
2026-09-27T04:07:39,61,95,0.86,1
2026-09-27T04:07:40,61,97,0.88,1
2026-09-27T04:07:41,62,97,0.94,1
2026-09-27T04:07:42,60,95,0.86,1
2026-09-27T04:07:43,65,94,0.89,1
2026-09-27T04:07:44,66,97,0.91,1
2026-09-27T04:07:45,60,97,0.90,1
2026-09-27T04:07:46,64,97,0.88,1
2026-09-27T04:07:47,64,95,0.92,1
2026-09-27T04:07:48,64,94,0.90,1
2026-09-27T04:07:49,64,95,0.89,1
2026-09-27T04:07:50,63,97,0.91,1
2026-09-27T04:07:51,65,96,0.88,1
2026-09-27T04:07:52,62,94,0.89,1
2026-09-27T04:07:53,63,95,0.89,1
2026-09-27T04:07:54,62,95,0.93,1
2026-09-27T04:07:55,61,97,0.93,1
2026-09-27T04:07:56,63,96,0.89,1
2026-09-27T04:07:57,64,96,0.94,1
2026-09-27T04:07:58,62,94,0.90,1
2026-09-27T04:07:59,62,96,0.95,1
2026-09-27T04:08:00,64,94,0.87,1
2026-09-27T04:08:01,63,94,0.93,1
2026-09-27T04:08:02,60,95,0.90,1
2026-09-27T04:08:03,63,96,0.93,1
2026-09-27T04:08:04,60,97,0.89,1
2026-09-27T04:08:05,66,95,0.86,1
2026-09-27T04:08:06,60,97,0.94,1
2026-09-27T04:08:07,63,95,0.93,1
2026-09-27T04:08:08,65,96,0.87,1
2026-09-27T04:08:09,60,94,0.88,1
2026-09-27T04:08:10,64,97,0.88,1
2026-09-27T04:08:11,60,95,0.88,1
2026-09-27T04:08:12,66,96,0.90,1
2026-09-27T04:08:13,61,94,0.93,1
2026-09-27T04:08:14,63,95,0.94,1
2026-09-27T04:08:15,63,95,0.86,1
2026-09-27T04:08:16,62,96,0.91,1
2026-09-27T04:08:17,64,96,0.86,1
2026-09-27T04:08:18,60,94,0.87,1
2026-09-27T04:08:19,65,95,0.89,1
2026-09-27T04:08:20,66,96,0.87,1
2026-09-27T04:08:21,61,97,0.88,1
2026-09-27T04:08:22,60,96,0.90,1
2026-09-27T04:08:23,61,95,0.89,1
2026-09-27T04:08:24,66,95,0.93,1
2026-09-27T04:08:25,63,95,0.88,1
2026-09-27T04:08:26,64,96,0.86,1
2026-09-27T04:08:27,62,96,0.87,1
2026-09-27T04:08:28,63,96,0.93,1
2026-09-27T04:08:29,62,94,0.93,1
2026-09-27T04:08:30,61,95,0.87,1
2026-09-27T04:08:31,61,96,0.93,1
2026-09-27T04:08:32,64,94,0.86,1
2026-09-27T04:08:33,63,95,0.92,1
2026-09-27T04:08:34,65,94,0.93,1
2026-09-27T04:08:35,60,97,0.86,1
2026-09-27T04:08:36,61,96,0.90,1
2026-09-27T04:08:37,63,96,0.93,1
2026-09-27T04:08:38,63,96,0.90,1
2026-09-27T04:08:39,62,94,0.86,1
2026-09-27T04:08:40,62,95,0.94,1
2026-09-27T04:08:41,63,94,0.88,1
2026-09-27T04:08:42,64,97,0.89,1
2026-09-27T04:08:43,66,95,0.90,1
2026-09-27T04:08:44,66,94,0.92,1
2026-09-27T04:08:45,63,97,0.93,1
2026-09-27T04:08:46,62,95,0.93,1
2026-09-27T04:08:47,63,95,0.87,1
2026-09-27T04:08:48,64,96,0.89,1
2026-09-27T04:08:49,65,94,0.89,1
2026-09-27T04:08:50,65,96,0.87,1
2026-09-27T04:08:51,60,97,0.93,1
2026-09-27T04:08:52,62,96,0.93,1
2026-09-27T04:08:53,62,96,0.89,1
2026-09-27T04:08:54,61,97,0.90,1
2026-09-27T04:08:55,61,94,0.88,1
2026-09-27T04:08:56,62,96,0.92,1
2026-09-27T04:08:57,63,96,0.92,1
2026-09-27T04:08:58,61,94,0.93,1
2026-09-27T04:08:59,62,96,0.86,1
2026-09-27T04:09:00,63,94,0.90,1
2026-09-27T04:09:01,61,96,0.85,1
2026-09-27T04:09:02,62,96,0.86,1
2026-09-27T04:09:03,60,94,0.91,1
2026-09-27T04:09:04,62,94,0.93,1
2026-09-27T04:09:05,62,97,0.85,1
2026-09-27T04:09:06,65,95,0.88,1
2026-09-27T04:09:07,62,95,0.91,1
2026-09-27T04:09:08,65,96,0.89,1
2026-09-27T04:09:09,64,94,0.90,1
2026-09-27T04:09:10,64,96,0.90,1
2026-09-27T04:09:11,63,96,0.86,1
2026-09-27T04:09:12,63,95,0.88,1
2026-09-27T04:09:13,60,96,0.88,1
2026-09-27T04:09:14,61,95,0.91,1
2026-09-27T04:09:15,64,94,0.85,1
2026-09-27T04:09:16,66,96,0.87,1
2026-09-27T04:09:17,62,96,0.94,1
2026-09-27T04:09:18,62,96,0.94,1
2026-09-27T04:09:19,65,97,0.91,1
2026-09-27T04:09:20,62,95,0.89,1
2026-09-27T04:09:21,65,97,0.94,1
2026-09-27T04:09:22,66,96,0.88,1
2026-09-27T04:09:23,60,97,0.87,1
2026-09-27T04:09:24,61,95,0.89,1
2026-09-27T04:09:25,61,95,0.87,1
2026-09-27T04:09:26,63,94,0.93,1
2026-09-27T04:09:27,65,96,0.91,1
2026-09-27T04:09:28,64,94,0.89,1
2026-09-27T04:09:29,65,95,0.89,1
2026-09-27T04:09:30,66,94,0.93,1
2026-09-27T04:09:31,60,97,0.94,1
2026-09-27T04:09:32,65,94,0.91,1
2026-09-27T04:09:33,65,95,0.89,1
2026-09-27T04:09:34,63,95,0.87,1
2026-09-27T04:09:35,61,96,0.92,1
2026-09-27T04:09:36,65,95,0.85,1
2026-09-27T04:09:37,66,94,0.85,1
2026-09-27T04:09:38,64,97,0.92,1
2026-09-27T04:09:39,66,97,0.91,1
2026-09-27T04:09:40,64,96,0.92,1
2026-09-27T04:09:41,61,95,0.94,1
2026-09-27T04:09:42,65,96,0.89,1
2026-09-27T04:09:43,65,94,0.88,1
2026-09-27T04:09:44,66,97,0.88,1
2026-09-27T04:09:45,64,97,0.93,1
2026-09-27T04:09:46,62,96,0.91,1
2026-09-27T04:09:47,64,94,0.89,1
2026-09-27T04:09:48,61,97,0.87,1
2026-09-27T04:09:49,66,96,0.91,1
2026-09-27T04:09:50,62,97,0.92,1
2026-09-27T04:09:51,62,94,0.92,1
2026-09-27T04:09:52,62,94,0.95,1
2026-09-27T04:09:53,65,94,0.91,1
2026-09-27T04:09:54,63,97,0.85,1
2026-09-27T04:09:55,61,97,0.86,1
2026-09-27T04:09:56,65,94,0.86,1
2026-09-27T04:09:57,60,96,0.86,1
2026-09-27T04:09:58,63,97,0.94,1
2026-09-27T04:09:59,66,94,0.94,1
2026-09-27T04:10:00,66,89,0.86,1
2026-09-27T04:10:01,63,89,0.88,1
2026-09-27T04:10:02,66,89,0.85,1
2026-09-27T04:10:03,65,89,0.92,1
2026-09-27T04:10:04,62,89,0.86,1
2026-09-27T04:10:05,65,89,0.91,1
2026-09-27T04:10:06,60,89,0.91,1
2026-09-27T04:10:07,61,89,0.95,1
2026-09-27T04:10:08,63,89,0.90,1
2026-09-27T04:10:09,64,89,0.89,1
2026-09-27T04:10:10,66,89,0.87,1
2026-09-27T04:10:11,64,89,0.90,1
2026-09-27T04:10:12,63,89,0.89,1
2026-09-27T04:10:13,61,89,0.86,1
2026-09-27T04:10:14,65,89,0.85,1
2026-09-27T04:10:15,65,89,0.88,1
2026-09-27T04:10:16,60,89,0.95,1
2026-09-27T04:10:17,62,89,0.92,1
2026-09-27T04:10:18,62,89,0.88,1
2026-09-27T04:10:19,64,89,0.92,1
2026-09-27T04:10:20,61,89,0.89,1
2026-09-27T04:10:21,66,89,0.95,1
2026-09-27T04:10:22,66,89,0.92,1
2026-09-27T04:10:23,63,89,0.92,1
2026-09-27T04:10:24,65,89,0.87,1
2026-09-27T04:10:25,66,89,0.93,1
2026-09-27T04:10:26,63,89,0.94,1
2026-09-27T04:10:27,60,89,0.88,1
2026-09-27T04:10:28,64,89,0.92,1
2026-09-27T04:10:29,65,89,0.91,1
2026-09-27T04:10:30,65,89,0.89,1
2026-09-27T04:10:31,65,89,0.89,1
2026-09-27T04:10:32,60,89,0.90,1
2026-09-27T04:10:33,63,89,0.93,1
2026-09-27T04:10:34,64,89,0.94,1
2026-09-27T04:10:35,64,89,0.89,1
2026-09-27T04:10:36,64,89,0.92,1
2026-09-27T04:10:37,61,89,0.86,1
2026-09-27T04:10:38,60,89,0.92,1
2026-09-27T04:10:39,66,89,0.90,1
2026-09-27T04:10:40,63,89,0.90,1
2026-09-27T04:10:41,66,89,0.87,1
2026-09-27T04:10:42,65,89,0.89,1
2026-09-27T04:10:43,60,89,0.93,1
2026-09-27T04:10:44,64,89,0.87,1
2026-09-27T04:10:45,64,89,0.89,1
2026-09-27T04:10:46,65,89,0.89,1
2026-09-27T04:10:47,62,89,0.95,1
2026-09-27T04:10:48,63,89,0.93,1
2026-09-27T04:10:49,61,89,0.86,1
2026-09-27T04:10:50,63,89,0.93,1
2026-09-27T04:10:51,60,89,0.87,1
2026-09-27T04:10:52,61,89,0.87,1
2026-09-27T04:10:53,63,89,0.88,1
2026-09-27T04:10:54,62,89,0.87,1
2026-09-27T04:10:55,60,89,0.95,1
2026-09-27T04:10:56,64,89,0.94,1
2026-09-27T04:10:57,62,89,0.92,1
2026-09-27T04:10:58,65,89,0.88,1
2026-09-27T04:10:59,62,89,0.87,1
2026-09-27T04:11:00,66,89,0.88,1
2026-09-27T04:11:01,61,89,0.89,1
2026-09-27T04:11:02,65,89,0.94,1
2026-09-27T04:11:03,62,89,0.86,1
2026-09-27T04:11:04,65,89,0.86,1
2026-09-27T04:11:05,62,89,0.91,1
2026-09-27T04:11:06,61,89,0.88,1
2026-09-27T04:11:07,64,89,0.91,1
2026-09-27T04:11:08,65,89,0.93,1
2026-09-27T04:11:09,63,89,0.94,1
2026-09-27T04:11:10,64,89,0.94,1
2026-09-27T04:11:11,65,89,0.86,1
2026-09-27T04:11:12,61,89,0.93,1
2026-09-27T04:11:13,60,89,0.94,1
2026-09-27T04:11:14,61,89,0.87,1
2026-09-27T04:11:15,64,89,0.94,1
2026-09-27T04:11:16,63,89,0.94,1
2026-09-27T04:11:17,64,89,0.86,1
2026-09-27T04:11:18,60,89,0.91,1
2026-09-27T04:11:19,60,89,0.94,1
2026-09-27T04:11:20,63,89,0.89,1
2026-09-27T04:11:21,63,89,0.92,1
2026-09-27T04:11:22,60,89,0.94,1
2026-09-27T04:11:23,63,89,0.90,1
2026-09-27T04:11:24,65,89,0.92,1
2026-09-27T04:11:25,62,89,0.90,1
2026-09-27T04:11:26,65,89,0.90,1
2026-09-27T04:11:27,64,89,0.90,1
2026-09-27T04:11:28,64,89,0.92,1
2026-09-27T04:11:29,63,89,0.92,1
2026-09-27T04:11:30,61,89,0.92,1
2026-09-27T04:11:31,61,89,0.88,1
2026-09-27T04:11:32,65,89,0.87,1
2026-09-27T04:11:33,60,89,0.88,1
2026-09-27T04:11:34,62,89,0.85,1
2026-09-27T04:11:35,64,89,0.88,1
2026-09-27T04:11:36,65,89,0.85,1
2026-09-27T04:11:37,64,89,0.94,1
2026-09-27T04:11:38,62,89,0.89,1
2026-09-27T04:11:39,66,89,0.88,1
2026-09-27T04:11:40,61,89,0.90,1
2026-09-27T04:11:41,60,89,0.92,1
2026-09-27T04:11:42,61,89,0.87,1
2026-09-27T04:11:43,65,89,0.90,1
2026-09-27T04:11:44,62,89,0.88,1
2026-09-27T04:11:45,63,89,0.92,1
2026-09-27T04:11:46,62,89,0.95,1
2026-09-27T04:11:47,66,89,0.87,1
2026-09-27T04:11:48,63,89,0.89,1
2026-09-27T04:11:49,60,89,0.89,1
2026-09-27T04:11:50,66,89,0.94,1
2026-09-27T04:11:51,66,89,0.91,1
2026-09-27T04:11:52,63,89,0.86,1
2026-09-27T04:11:53,65,89,0.95,1
2026-09-27T04:11:54,66,89,0.90,1
2026-09-27T04:11:55,61,89,0.90,1
2026-09-27T04:11:56,63,89,0.90,1
2026-09-27T04:11:57,63,89,0.88,1
2026-09-27T04:11:58,62,89,0.93,1
2026-09-27T04:11:59,61,89,0.94,1
2026-09-27T04:12:00,64,89,0.92,1
2026-09-27T04:12:01,60,89,0.90,1
2026-09-27T04:12:02,65,89,0.90,1
2026-09-27T04:12:03,65,89,0.88,1
2026-09-27T04:12:04,65,89,0.94,1
2026-09-27T04:12:05,62,89,0.93,1
2026-09-27T04:12:06,60,89,0.91,1
2026-09-27T04:12:07,61,89,0.92,1
2026-09-27T04:12:08,65,89,0.86,1
2026-09-27T04:12:09,66,89,0.88,1
2026-09-27T04:12:10,60,89,0.85,1
2026-09-27T04:12:11,62,89,0.93,1
2026-09-27T04:12:12,63,89,0.92,1
2026-09-27T04:12:13,64,89,0.91,1
2026-09-27T04:12:14,62,89,0.85,1
2026-09-27T04:12:15,61,89,0.87,1
2026-09-27T04:12:16,65,89,0.92,1
2026-09-27T04:12:17,62,89,0.94,1
2026-09-27T04:12:18,64,89,0.93,1
2026-09-27T04:12:19,60,89,0.92,1
2026-09-27T04:12:20,65,89,0.88,1
2026-09-27T04:12:21,63,89,0.85,1
2026-09-27T04:12:22,64,89,0.87,1
2026-09-27T04:12:23,62,89,0.94,1
2026-09-27T04:12:24,60,89,0.87,1
2026-09-27T04:12:25,63,89,0.87,1
2026-09-27T04:12:26,64,89,0.91,1
2026-09-27T04:12:27,61,89,0.90,1
2026-09-27T04:12:28,62,89,0.94,1
2026-09-27T04:12:29,65,89,0.93,1
2026-09-27T04:12:30,66,89,0.90,1
2026-09-27T04:12:31,62,89,0.92,1
2026-09-27T04:12:32,62,89,0.88,1
2026-09-27T04:12:33,60,89,0.95,1
2026-09-27T04:12:34,60,89,0.92,1
2026-09-27T04:12:35,61,89,0.93,1
2026-09-27T04:12:36,62,89,0.93,1
2026-09-27T04:12:37,65,89,0.91,1
2026-09-27T04:12:38,61,89,0.92,1
2026-09-27T04:12:39,60,89,0.95,1
2026-09-27T04:12:40,63,89,0.93,1
2026-09-27T04:12:41,63,89,0.90,1
2026-09-27T04:12:42,66,89,0.89,1
2026-09-27T04:12:43,62,89,0.89,1
2026-09-27T04:12:44,60,89,0.92,1
2026-09-27T04:12:45,63,89,0.89,1
2026-09-27T04:12:46,64,89,0.87,1
2026-09-27T04:12:47,66,89,0.91,1
2026-09-27T04:12:48,66,89,0.88,1
2026-09-27T04:12:49,62,89,0.89,1
2026-09-27T04:12:50,60,89,0.89,1
2026-09-27T04:12:51,62,89,0.89,1
2026-09-27T04:12:52,62,89,0.86,1
2026-09-27T04:12:53,66,89,0.87,1
2026-09-27T04:12:54,66,89,0.92,1
2026-09-27T04:12:55,60,89,0.92,1
2026-09-27T04:12:56,61,89,0.88,1
2026-09-27T04:12:57,62,89,0.92,1
2026-09-27T04:12:58,61,89,0.93,1
2026-09-27T04:12:59,61,89,0.88,1
2026-09-27T04:13:00,60,94,0.88,1
2026-09-27T04:13:01,62,95,0.93,1
2026-09-27T04:13:02,66,94,0.91,1
2026-09-27T04:13:03,64,94,0.89,1
2026-09-27T04:13:04,63,95,0.85,1
2026-09-27T04:13:05,60,94,0.90,1
2026-09-27T04:13:06,63,96,0.90,1
2026-09-27T04:13:07,65,94,0.91,1
2026-09-27T04:13:08,63,95,0.95,1
2026-09-27T04:13:09,64,95,0.92,1
2026-09-27T04:13:10,66,95,0.88,1
2026-09-27T04:13:11,60,97,0.86,1
2026-09-27T04:13:12,63,95,0.88,1
2026-09-27T04:13:13,61,95,0.95,1
2026-09-27T04:13:14,66,97,0.86,1
2026-09-27T04:13:15,66,96,0.87,1
2026-09-27T04:13:16,60,96,0.94,1
2026-09-27T04:13:17,62,96,0.87,1
2026-09-27T04:13:18,61,97,0.92,1
2026-09-27T04:13:19,64,95,0.93,1
2026-09-27T04:13:20,65,96,0.94,1
2026-09-27T04:13:21,64,96,0.91,1
2026-09-27T04:13:22,66,97,0.86,1
2026-09-27T04:13:23,60,97,0.94,1
2026-09-27T04:13:24,60,95,0.90,1
2026-09-27T04:13:25,62,94,0.95,1
2026-09-27T04:13:26,62,96,0.85,1
2026-09-27T04:13:27,65,95,0.87,1
2026-09-27T04:13:28,61,96,0.90,1
2026-09-27T04:13:29,64,97,0.93,1
2026-09-27T04:13:30,62,97,0.92,1
2026-09-27T04:13:31,61,97,0.94,1
2026-09-27T04:13:32,62,94,0.88,1
2026-09-27T04:13:33,65,97,0.95,1
2026-09-27T04:13:34,64,94,0.94,1
2026-09-27T04:13:35,66,95,0.86,1
2026-09-27T04:13:36,60,96,0.91,1
2026-09-27T04:13:37,62,97,0.89,1
2026-09-27T04:13:38,65,95,0.90,1
2026-09-27T04:13:39,65,96,0.92,1
2026-09-27T04:13:40,61,95,0.91,1
2026-09-27T04:13:41,65,95,0.88,1
2026-09-27T04:13:42,65,96,0.88,1
2026-09-27T04:13:43,64,97,0.90,1
2026-09-27T04:13:44,63,95,0.91,1
2026-09-27T04:13:45,65,94,0.93,1
2026-09-27T04:13:46,60,95,0.94,1
2026-09-27T04:13:47,61,97,0.93,1
2026-09-27T04:13:48,62,95,0.85,1
2026-09-27T04:13:49,65,95,0.85,1
2026-09-27T04:13:50,60,95,0.86,1
2026-09-27T04:13:51,63,95,0.92,1
2026-09-27T04:13:52,64,94,0.85,1
2026-09-27T04:13:53,64,97,0.94,1
2026-09-27T04:13:54,63,96,0.89,1
2026-09-27T04:13:55,64,95,0.88,1
2026-09-27T04:13:56,65,97,0.88,1
2026-09-27T04:13:57,63,94,0.85,1
2026-09-27T04:13:58,66,95,0.93,1
2026-09-27T04:13:59,64,97,0.86,1
2026-09-27T04:14:00,64,96,0.92,1
2026-09-27T04:14:01,66,94,0.86,1
2026-09-27T04:14:02,60,96,0.87,1
2026-09-27T04:14:03,63,94,0.87,1
2026-09-27T04:14:04,61,95,0.94,1
2026-09-27T04:14:05,62,95,0.92,1
2026-09-27T04:14:06,66,95,0.93,1
2026-09-27T04:14:07,65,96,0.91,1
2026-09-27T04:14:08,66,95,0.87,1
2026-09-27T04:14:09,63,96,0.93,1
2026-09-27T04:14:10,61,97,0.89,1
2026-09-27T04:14:11,60,95,0.86,1
2026-09-27T04:14:12,65,95,0.93,1
2026-09-27T04:14:13,61,97,0.93,1
2026-09-27T04:14:14,64,96,0.90,1
2026-09-27T04:14:15,61,97,0.94,1
2026-09-27T04:14:16,62,97,0.94,1
2026-09-27T04:14:17,60,97,0.93,1
2026-09-27T04:14:18,61,97,0.93,1
2026-09-27T04:14:19,64,96,0.88,1
2026-09-27T04:14:20,66,97,0.94,1
2026-09-27T04:14:21,65,95,0.89,1
2026-09-27T04:14:22,61,97,0.88,1
2026-09-27T04:14:23,63,96,0.90,1
2026-09-27T04:14:24,62,94,0.91,1
2026-09-27T04:14:25,61,96,0.94,1
2026-09-27T04:14:26,61,94,0.88,1
2026-09-27T04:14:27,63,95,0.95,1
2026-09-27T04:14:28,60,94,0.94,1
2026-09-27T04:14:29,61,95,0.86,1
2026-09-27T04:14:30,61,95,0.94,1
2026-09-27T04:14:31,60,95,0.91,1
2026-09-27T04:14:32,66,95,0.87,1
2026-09-27T04:14:33,61,97,0.87,1
2026-09-27T04:14:34,61,94,0.94,1
2026-09-27T04:14:35,64,94,0.87,1
2026-09-27T04:14:36,62,95,0.89,1
2026-09-27T04:14:37,60,94,0.86,1
2026-09-27T04:14:38,62,94,0.90,1
2026-09-27T04:14:39,63,94,0.94,1
2026-09-27T04:14:40,64,97,0.85,1
2026-09-27T04:14:41,60,94,0.88,1
2026-09-27T04:14:42,62,95,0.90,1
2026-09-27T04:14:43,63,96,0.88,1
2026-09-27T04:14:44,65,96,0.95,1
2026-09-27T04:14:45,65,96,0.88,1
2026-09-27T04:14:46,63,94,0.87,1
2026-09-27T04:14:47,61,97,0.88,1
2026-09-27T04:14:48,63,97,0.87,1
2026-09-27T04:14:49,65,94,0.89,1
2026-09-27T04:14:50,63,94,0.89,1
2026-09-27T04:14:51,66,97,0.91,1
2026-09-27T04:14:52,61,94,0.88,1
2026-09-27T04:14:53,62,97,0.92,1
2026-09-27T04:14:54,66,96,0.86,1
2026-09-27T04:14:55,61,94,0.91,1
2026-09-27T04:14:56,66,97,0.92,1
2026-09-27T04:14:57,64,96,0.90,1
2026-09-27T04:14:58,66,94,0.91,1
2026-09-27T04:14:59,62,95,0.92,1
2026-09-27T04:15:00,63,94,0.88,1
2026-09-27T04:15:01,61,96,0.89,1
2026-09-27T04:15:02,64,96,0.85,1
2026-09-27T04:15:03,63,97,0.93,1
2026-09-27T04:15:04,66,94,0.91,1
2026-09-27T04:15:05,60,96,0.85,1
2026-09-27T04:15:06,65,97,0.89,1
2026-09-27T04:15:07,65,94,0.90,1
2026-09-27T04:15:08,61,96,0.88,1
2026-09-27T04:15:09,61,97,0.85,1
2026-09-27T04:15:10,66,95,0.95,1
2026-09-27T04:15:11,60,95,0.86,1
2026-09-27T04:15:12,66,94,0.95,1
2026-09-27T04:15:13,61,96,0.88,1
2026-09-27T04:15:14,64,94,0.85,1
2026-09-27T04:15:15,60,96,0.92,1
2026-09-27T04:15:16,62,97,0.93,1
2026-09-27T04:15:17,66,94,0.90,1
2026-09-27T04:15:18,63,96,0.94,1
2026-09-27T04:15:19,61,95,0.91,1
2026-09-27T04:15:20,66,95,0.87,1
2026-09-27T04:15:21,60,95,0.92,1
2026-09-27T04:15:22,64,97,0.88,1
2026-09-27T04:15:23,61,95,0.87,1
2026-09-27T04:15:24,66,94,0.91,1
2026-09-27T04:15:25,64,96,0.90,1
2026-09-27T04:15:26,63,96,0.91,1
2026-09-27T04:15:27,66,97,0.88,1
2026-09-27T04:15:28,64,94,0.92,1
2026-09-27T04:15:29,62,95,0.89,1
2026-09-27T04:15:30,61,95,0.91,1
2026-09-27T04:15:31,60,94,0.93,1
2026-09-27T04:15:32,66,97,0.85,1
2026-09-27T04:15:33,64,95,0.91,1
2026-09-27T04:15:34,60,96,0.91,1
2026-09-27T04:15:35,63,95,0.88,1
2026-09-27T04:15:36,64,95,0.86,1
2026-09-27T04:15:37,65,96,0.87,1
2026-09-27T04:15:38,63,94,0.89,1
2026-09-27T04:15:39,64,94,0.86,1
2026-09-27T04:15:40,63,95,0.86,1
2026-09-27T04:15:41,61,97,0.90,1
2026-09-27T04:15:42,62,96,0.90,1
2026-09-27T04:15:43,63,94,0.93,1
2026-09-27T04:15:44,64,97,0.92,1
2026-09-27T04:15:45,61,94,0.88,1
2026-09-27T04:15:46,66,97,0.92,1
2026-09-27T04:15:47,60,97,0.95,1
2026-09-27T04:15:48,62,96,0.95,1
2026-09-27T04:15:49,65,94,0.88,1
2026-09-27T04:15:50,60,96,0.87,1
2026-09-27T04:15:51,66,94,0.89,1
2026-09-27T04:15:52,65,97,0.88,1
2026-09-27T04:15:53,62,94,0.91,1
2026-09-27T04:15:54,60,94,0.90,1
2026-09-27T04:15:55,66,94,0.89,1
2026-09-27T04:15:56,62,94,0.87,1
2026-09-27T04:15:57,65,97,0.86,1
2026-09-27T04:15:58,60,97,0.94,1
2026-09-27T04:15:59,66,95,0.88,1
2026-09-27T04:16:00,63,97,0.86,1
2026-09-27T04:16:01,64,95,0.94,1
2026-09-27T04:16:02,64,97,0.87,1
2026-09-27T04:16:03,60,97,0.85,1
2026-09-27T04:16:04,61,97,0.87,1
2026-09-27T04:16:05,65,96,0.92,1
2026-09-27T04:16:06,62,96,0.93,1
2026-09-27T04:16:07,60,95,0.95,1
2026-09-27T04:16:08,65,96,0.94,1
2026-09-27T04:16:09,60,96,0.90,1
2026-09-27T04:16:10,61,94,0.94,1
2026-09-27T04:16:11,60,95,0.91,1
2026-09-27T04:16:12,61,94,0.91,1
2026-09-27T04:16:13,62,96,0.86,1
2026-09-27T04:16:14,61,96,0.90,1
2026-09-27T04:16:15,66,94,0.91,1
2026-09-27T04:16:16,60,95,0.93,1
2026-09-27T04:16:17,60,96,0.92,1
2026-09-27T04:16:18,63,96,0.92,1
2026-09-27T04:16:19,60,95,0.92,1
2026-09-27T04:16:20,65,97,0.92,1
2026-09-27T04:16:21,60,97,0.86,1
2026-09-27T04:16:22,66,94,0.85,1
2026-09-27T04:16:23,64,97,0.90,1
2026-09-27T04:16:24,66,96,0.88,1
2026-09-27T04:16:25,63,97,0.86,1
2026-09-27T04:16:26,62,94,0.90,1
2026-09-27T04:16:27,63,97,0.89,1
2026-09-27T04:16:28,60,94,0.95,1
2026-09-27T04:16:29,61,97,0.92,1
2026-09-27T04:16:30,64,96,0.86,1
2026-09-27T04:16:31,63,96,0.90,1
2026-09-27T04:16:32,60,97,0.95,1
2026-09-27T04:16:33,61,94,0.87,1
2026-09-27T04:16:34,65,95,0.86,1
2026-09-27T04:16:35,62,96,0.94,1
2026-09-27T04:16:36,65,94,0.94,1
2026-09-27T04:16:37,66,94,0.86,1
2026-09-27T04:16:38,64,97,0.87,1
2026-09-27T04:16:39,64,97,0.91,1
2026-09-27T04:16:40,61,94,0.89,1
2026-09-27T04:16:41,65,97,0.89,1
2026-09-27T04:16:42,63,94,0.90,1
2026-09-27T04:16:43,66,95,0.88,1
2026-09-27T04:16:44,66,96,0.87,1
2026-09-27T04:16:45,62,97,0.85,1
2026-09-27T04:16:46,62,95,0.94,1
2026-09-27T04:16:47,60,96,0.93,1
2026-09-27T04:16:48,62,96,0.85,1
2026-09-27T04:16:49,60,94,0.89,1
2026-09-27T04:16:50,63,95,0.93,1
2026-09-27T04:16:51,61,95,0.87,1
2026-09-27T04:16:52,63,95,0.90,1
2026-09-27T04:16:53,63,95,0.87,1
2026-09-27T04:16:54,60,97,0.89,1
2026-09-27T04:16:55,60,97,0.88,1
2026-09-27T04:16:56,62,97,0.89,1
2026-09-27T04:16:57,64,94,0.87,1
2026-09-27T04:16:58,60,97,0.92,1
2026-09-27T04:16:59,61,96,0.93,1
2026-09-27T04:17:00,63,95,0.95,1
2026-09-27T04:17:01,62,94,0.92,1
2026-09-27T04:17:02,62,94,0.86,1
2026-09-27T04:17:03,60,96,0.94,1
2026-09-27T04:17:04,61,96,0.87,1
2026-09-27T04:17:05,60,96,0.88,1
2026-09-27T04:17:06,66,94,0.95,1
2026-09-27T04:17:07,60,96,0.89,1
2026-09-27T04:17:08,62,94,0.91,1
2026-09-27T04:17:09,62,95,0.87,1
2026-09-27T04:17:10,62,95,0.90,1
2026-09-27T04:17:11,65,95,0.95,1
2026-09-27T04:17:12,60,97,0.92,1
2026-09-27T04:17:13,61,94,0.95,1
2026-09-27T04:17:14,64,97,0.85,1
2026-09-27T04:17:15,61,97,0.87,1
2026-09-27T04:17:16,63,97,0.93,1
2026-09-27T04:17:17,61,95,0.89,1
2026-09-27T04:17:18,61,97,0.89,1
2026-09-27T04:17:19,61,94,0.93,1
2026-09-27T04:17:20,66,94,0.87,1
2026-09-27T04:17:21,65,95,0.88,1
2026-09-27T04:17:22,65,97,0.90,1
2026-09-27T04:17:23,61,96,0.89,1
2026-09-27T04:17:24,61,97,0.90,1
2026-09-27T04:17:25,65,96,0.94,1
2026-09-27T04:17:26,63,97,0.94,1
2026-09-27T04:17:27,63,94,0.91,1
2026-09-27T04:17:28,65,96,0.87,1
2026-09-27T04:17:29,62,94,0.90,1
2026-09-27T04:17:30,61,97,0.91,1
2026-09-27T04:17:31,63,96,0.89,1
2026-09-27T04:17:32,63,94,0.88,1
2026-09-27T04:17:33,60,96,0.90,1
2026-09-27T04:17:34,64,97,0.93,1
2026-09-27T04:17:35,60,96,0.85,1
2026-09-27T04:17:36,61,97,0.85,1
2026-09-27T04:17:37,65,97,0.91,1
2026-09-27T04:17:38,65,96,0.91,1
2026-09-27T04:17:39,64,94,0.90,1
2026-09-27T04:17:40,65,95,0.90,1
2026-09-27T04:17:41,66,96,0.87,1
2026-09-27T04:17:42,62,94,0.94,1
2026-09-27T04:17:43,65,96,0.89,1
2026-09-27T04:17:44,66,94,0.87,1
2026-09-27T04:17:45,62,96,0.89,1
2026-09-27T04:17:46,61,96,0.94,1
2026-09-27T04:17:47,62,94,0.90,1
2026-09-27T04:17:48,63,94,0.93,1
2026-09-27T04:17:49,64,95,0.91,1
2026-09-27T04:17:50,66,97,0.93,1
2026-09-27T04:17:51,61,97,0.87,1
2026-09-27T04:17:52,64,95,0.92,1
2026-09-27T04:17:53,63,94,0.87,1
2026-09-27T04:17:54,62,96,0.89,1
2026-09-27T04:17:55,60,94,0.87,1
2026-09-27T04:17:56,64,97,0.94,1
2026-09-27T04:17:57,60,97,0.91,1
2026-09-27T04:17:58,63,97,0.85,1
2026-09-27T04:17:59,60,95,0.94,1
2026-09-27T04:18:00,66,94,0.91,1
2026-09-27T04:18:01,64,95,0.88,1
2026-09-27T04:18:02,61,94,0.90,1
2026-09-27T04:18:03,66,96,0.86,1
2026-09-27T04:18:04,62,97,0.85,1
2026-09-27T04:18:05,64,95,0.86,1
2026-09-27T04:18:06,60,95,0.85,1
2026-09-27T04:18:07,64,95,0.91,1
2026-09-27T04:18:08,61,94,0.90,1
2026-09-27T04:18:09,66,97,0.87,1
2026-09-27T04:18:10,66,96,0.87,1
2026-09-27T04:18:11,62,96,0.92,1
2026-09-27T04:18:12,64,94,0.92,1
2026-09-27T04:18:13,62,97,0.87,1
2026-09-27T04:18:14,66,94,0.90,1
2026-09-27T04:18:15,65,94,0.86,1
2026-09-27T04:18:16,65,96,0.88,1
2026-09-27T04:18:17,63,96,0.94,1
2026-09-27T04:18:18,60,94,0.88,1
2026-09-27T04:18:19,64,96,0.86,1
2026-09-27T04:18:20,62,97,0.92,1
2026-09-27T04:18:21,63,96,0.92,1
2026-09-27T04:18:22,61,96,0.91,1
2026-09-27T04:18:23,64,95,0.94,1
2026-09-27T04:18:24,61,97,0.91,1
2026-09-27T04:18:25,60,95,0.89,1
2026-09-27T04:18:26,66,97,0.89,1
2026-09-27T04:18:27,65,96,0.88,1
2026-09-27T04:18:28,61,95,0.88,1
2026-09-27T04:18:29,64,96,0.93,1
2026-09-27T04:18:30,65,97,0.91,1
2026-09-27T04:18:31,60,94,0.93,1
2026-09-27T04:18:32,60,96,0.91,1
2026-09-27T04:18:33,66,97,0.87,1
2026-09-27T04:18:34,60,94,0.89,1
2026-09-27T04:18:35,64,94,0.88,1
2026-09-27T04:18:36,64,94,0.90,1
2026-09-27T04:18:37,63,95,0.93,1
2026-09-27T04:18:38,60,96,0.95,1
2026-09-27T04:18:39,64,94,0.92,1
2026-09-27T04:18:40,63,97,0.94,1
2026-09-27T04:18:41,62,94,0.94,1
2026-09-27T04:18:42,61,96,0.93,1
2026-09-27T04:18:43,60,95,0.94,1
2026-09-27T04:18:44,62,97,0.89,1
2026-09-27T04:18:45,64,96,0.85,1
2026-09-27T04:18:46,66,94,0.94,1
2026-09-27T04:18:47,61,94,0.93,1
2026-09-27T04:18:48,65,97,0.91,1
2026-09-27T04:18:49,60,97,0.94,1
2026-09-27T04:18:50,60,97,0.85,1
2026-09-27T04:18:51,61,96,0.94,1
2026-09-27T04:18:52,65,97,0.91,1
2026-09-27T04:18:53,61,94,0.87,1
2026-09-27T04:18:54,60,94,0.87,1
2026-09-27T04:18:55,60,94,0.94,1
2026-09-27T04:18:56,64,94,0.93,1
2026-09-27T04:18:57,66,94,0.86,1
2026-09-27T04:18:58,60,94,0.92,1
2026-09-27T04:18:59,66,94,0.90,1
2026-09-27T04:19:00,65,95,0.85,1
2026-09-27T04:19:01,62,94,0.89,1
2026-09-27T04:19:02,64,95,0.86,1
2026-09-27T04:19:03,65,97,0.85,1
2026-09-27T04:19:04,65,95,0.85,1
2026-09-27T04:19:05,61,95,0.94,1
2026-09-27T04:19:06,64,94,0.85,1
2026-09-27T04:19:07,62,94,0.94,1
2026-09-27T04:19:08,61,96,0.87,1
2026-09-27T04:19:09,66,96,0.87,1
2026-09-27T04:19:10,65,97,0.95,1
2026-09-27T04:19:11,65,97,0.85,1
2026-09-27T04:19:12,66,94,0.95,1
2026-09-27T04:19:13,63,97,0.87,1
2026-09-27T04:19:14,62,95,0.90,1
2026-09-27T04:19:15,61,97,0.87,1
2026-09-27T04:19:16,64,94,0.88,1
2026-09-27T04:19:17,62,94,0.88,1
2026-09-27T04:19:18,66,97,0.89,1
2026-09-27T04:19:19,62,94,0.93,1
2026-09-27T04:19:20,65,96,0.86,1
2026-09-27T04:19:21,65,95,0.85,1
2026-09-27T04:19:22,63,95,0.91,1
2026-09-27T04:19:23,65,96,0.86,1
2026-09-27T04:19:24,61,95,0.91,1
2026-09-27T04:19:25,60,97,0.90,1
2026-09-27T04:19:26,64,97,0.86,1
2026-09-27T04:19:27,60,97,0.92,1
2026-09-27T04:19:28,60,94,0.90,1
2026-09-27T04:19:29,65,96,0.89,1
2026-09-27T04:19:30,60,97,0.88,1
2026-09-27T04:19:31,62,94,0.90,1
2026-09-27T04:19:32,65,95,0.92,1
2026-09-27T04:19:33,61,97,0.85,1
2026-09-27T04:19:34,61,96,0.87,1
2026-09-27T04:19:35,63,96,0.89,1
2026-09-27T04:19:36,60,96,0.88,1
2026-09-27T04:19:37,66,97,0.89,1
2026-09-27T04:19:38,61,97,0.85,1
2026-09-27T04:19:39,60,95,0.91,1
2026-09-27T04:19:40,60,97,0.86,1
2026-09-27T04:19:41,60,95,0.95,1
2026-09-27T04:19:42,61,97,0.88,1
2026-09-27T04:19:43,61,95,0.92,1
2026-09-27T04:19:44,61,96,0.89,1
2026-09-27T04:19:45,66,96,0.89,1
2026-09-27T04:19:46,61,97,0.91,1
2026-09-27T04:19:47,66,97,0.95,1
2026-09-27T04:19:48,61,94,0.90,1
2026-09-27T04:19:49,62,95,0.93,1
2026-09-27T04:19:50,61,97,0.93,1
2026-09-27T04:19:51,65,97,0.87,1
2026-09-27T04:19:52,60,97,0.94,1
2026-09-27T04:19:53,64,95,0.86,1
2026-09-27T04:19:54,62,96,0.94,1
2026-09-27T04:19:55,66,95,0.90,1
2026-09-27T04:19:56,64,96,0.94,1
2026-09-27T04:19:57,64,97,0.92,1
2026-09-27T04:19:58,65,94,0.94,1
2026-09-27T04:19:59,60,97,0.92,1
2026-09-27T04:20:00,63,94,0.90,1
2026-09-27T04:20:01,66,96,0.86,1
2026-09-27T04:20:02,64,95,0.92,1
2026-09-27T04:20:03,65,94,0.90,1
2026-09-27T04:20:04,64,95,0.85,1
2026-09-27T04:20:05,66,97,0.91,1
2026-09-27T04:20:06,65,95,0.88,1
2026-09-27T04:20:07,60,95,0.86,1
2026-09-27T04:20:08,65,96,0.89,1
2026-09-27T04:20:09,66,96,0.87,1
2026-09-27T04:20:10,60,96,0.90,1
2026-09-27T04:20:11,64,95,0.93,1
2026-09-27T04:20:12,64,95,0.86,1
2026-09-27T04:20:13,66,95,0.93,1
2026-09-27T04:20:14,64,97,0.90,1
2026-09-27T04:20:15,66,97,0.90,1
2026-09-27T04:20:16,61,95,0.90,1
2026-09-27T04:20:17,63,97,0.90,1
2026-09-27T04:20:18,60,95,0.91,1
2026-09-27T04:20:19,62,94,0.95,1
2026-09-27T04:20:20,60,97,0.90,1
2026-09-27T04:20:21,62,94,0.92,1
2026-09-27T04:20:22,60,95,0.92,1
2026-09-27T04:20:23,62,96,0.87,1
2026-09-27T04:20:24,60,97,0.90,1
2026-09-27T04:20:25,60,96,0.95,1
2026-09-27T04:20:26,66,94,0.90,1
2026-09-27T04:20:27,60,94,0.94,1
2026-09-27T04:20:28,64,95,0.89,1
2026-09-27T04:20:29,66,94,0.86,1
2026-09-27T04:20:30,61,96,0.93,1
2026-09-27T04:20:31,60,96,0.88,1
2026-09-27T04:20:32,63,97,0.88,1
2026-09-27T04:20:33,65,97,0.88,1
2026-09-27T04:20:34,66,94,0.87,1
2026-09-27T04:20:35,62,94,0.92,1
2026-09-27T04:20:36,66,94,0.88,1
2026-09-27T04:20:37,61,94,0.86,1
2026-09-27T04:20:38,60,95,0.89,1
2026-09-27T04:20:39,61,96,0.88,1
2026-09-27T04:20:40,65,94,0.94,1
2026-09-27T04:20:41,62,96,0.85,1
2026-09-27T04:20:42,60,96,0.87,1
2026-09-27T04:20:43,66,95,0.86,1
2026-09-27T04:20:44,63,95,0.88,1
2026-09-27T04:20:45,61,96,0.90,1
2026-09-27T04:20:46,63,97,0.89,1
2026-09-27T04:20:47,65,97,0.86,1
2026-09-27T04:20:48,61,96,0.90,1
2026-09-27T04:20:49,63,95,0.91,1
2026-09-27T04:20:50,63,96,0.89,1
2026-09-27T04:20:51,61,97,0.90,1
2026-09-27T04:20:52,62,96,0.93,1
2026-09-27T04:20:53,66,97,0.89,1
2026-09-27T04:20:54,63,94,0.88,1
2026-09-27T04:20:55,66,95,0.94,1
2026-09-27T04:20:56,61,95,0.90,1
2026-09-27T04:20:57,65,97,0.89,1
2026-09-27T04:20:58,66,94,0.94,1
2026-09-27T04:20:59,61,94,0.94,1
2026-09-27T04:21:00,63,95,0.93,1
2026-09-27T04:21:01,60,97,0.85,1
2026-09-27T04:21:02,64,94,0.92,1
2026-09-27T04:21:03,65,95,0.92,1
2026-09-27T04:21:04,64,97,0.92,1
2026-09-27T04:21:05,62,95,0.95,1
2026-09-27T04:21:06,66,95,0.87,1
2026-09-27T04:21:07,60,95,0.93,1
2026-09-27T04:21:08,61,94,0.86,1
2026-09-27T04:21:09,65,94,0.94,1
2026-09-27T04:21:10,64,97,0.92,1
2026-09-27T04:21:11,64,97,0.95,1
2026-09-27T04:21:12,63,96,0.91,1
2026-09-27T04:21:13,64,95,0.88,1
2026-09-27T04:21:14,63,96,0.89,1
2026-09-27T04:21:15,62,94,0.90,1
2026-09-27T04:21:16,62,95,0.91,1
2026-09-27T04:21:17,65,95,0.91,1
2026-09-27T04:21:18,66,97,0.94,1
2026-09-27T04:21:19,62,94,0.90,1
2026-09-27T04:21:20,61,94,0.91,1
2026-09-27T04:21:21,66,97,0.86,1
2026-09-27T04:21:22,64,97,0.86,1
2026-09-27T04:21:23,61,95,0.87,1
2026-09-27T04:21:24,65,96,0.92,1
2026-09-27T04:21:25,65,94,0.93,1
2026-09-27T04:21:26,64,96,0.91,1
2026-09-27T04:21:27,62,96,0.90,1
2026-09-27T04:21:28,61,97,0.95,1
2026-09-27T04:21:29,65,95,0.93,1
2026-09-27T04:21:30,61,96,0.86,1
2026-09-27T04:21:31,64,96,0.92,1
2026-09-27T04:21:32,60,96,0.94,1
2026-09-27T04:21:33,61,97,0.92,1
2026-09-27T04:21:34,66,95,0.94,1
2026-09-27T04:21:35,65,94,0.92,1
2026-09-27T04:21:36,60,94,0.87,1
2026-09-27T04:21:37,61,94,0.91,1
2026-09-27T04:21:38,60,95,0.91,1
2026-09-27T04:21:39,65,95,0.90,1
2026-09-27T04:21:40,66,95,0.92,1
2026-09-27T04:21:41,60,97,0.93,1
2026-09-27T04:21:42,64,96,0.90,1
2026-09-27T04:21:43,65,96,0.87,1
2026-09-27T04:21:44,63,95,0.88,1
2026-09-27T04:21:45,66,97,0.91,1
2026-09-27T04:21:46,60,96,0.85,1
2026-09-27T04:21:47,60,96,0.86,1
2026-09-27T04:21:48,65,95,0.88,1
2026-09-27T04:21:49,61,97,0.92,1
2026-09-27T04:21:50,60,97,0.90,1
2026-09-27T04:21:51,62,97,0.90,1
2026-09-27T04:21:52,66,94,0.87,1
2026-09-27T04:21:53,62,95,0.86,1
2026-09-27T04:21:54,62,94,0.86,1
2026-09-27T04:21:55,63,95,0.89,1
2026-09-27T04:21:56,62,96,0.87,1
2026-09-27T04:21:57,65,96,0.92,1
2026-09-27T04:21:58,62,97,0.92,1
2026-09-27T04:21:59,65,95,0.87,1
2026-09-27T04:22:00,66,95,0.90,1
2026-09-27T04:22:01,65,94,0.90,1
2026-09-27T04:22:02,62,94,0.88,1
2026-09-27T04:22:03,62,95,0.91,1
2026-09-27T04:22:04,64,96,0.85,1
2026-09-27T04:22:05,64,94,0.89,1
2026-09-27T04:22:06,62,97,0.89,1
2026-09-27T04:22:07,61,96,0.85,1
2026-09-27T04:22:08,60,94,0.86,1
2026-09-27T04:22:09,62,94,0.89,1
2026-09-27T04:22:10,64,94,0.89,1
2026-09-27T04:22:11,62,94,0.88,1
2026-09-27T04:22:12,62,94,0.86,1
2026-09-27T04:22:13,61,95,0.94,1
2026-09-27T04:22:14,62,95,0.90,1
2026-09-27T04:22:15,61,95,0.86,1
2026-09-27T04:22:16,64,96,0.87,1
2026-09-27T04:22:17,63,96,0.86,1
2026-09-27T04:22:18,66,94,0.91,1
2026-09-27T04:22:19,65,95,0.93,1
2026-09-27T04:22:20,61,94,0.87,1
2026-09-27T04:22:21,66,94,0.92,1
2026-09-27T04:22:22,62,94,0.88,1
2026-09-27T04:22:23,60,94,0.89,1
2026-09-27T04:22:24,61,95,0.92,1
2026-09-27T04:22:25,64,97,0.93,1
2026-09-27T04:22:26,66,97,0.87,1
2026-09-27T04:22:27,64,95,0.86,1
2026-09-27T04:22:28,63,95,0.91,1
2026-09-27T04:22:29,60,96,0.90,1
2026-09-27T04:22:30,62,95,0.87,1
2026-09-27T04:22:31,61,94,0.88,1
2026-09-27T04:22:32,63,94,0.89,1
2026-09-27T04:22:33,61,97,0.91,1
2026-09-27T04:22:34,65,96,0.86,1
2026-09-27T04:22:35,63,95,0.93,1
2026-09-27T04:22:36,60,95,0.94,1
2026-09-27T04:22:37,64,97,0.92,1
2026-09-27T04:22:38,64,96,0.91,1
2026-09-27T04:22:39,61,95,0.87,1
2026-09-27T04:22:40,60,94,0.94,1
2026-09-27T04:22:41,63,96,0.93,1
2026-09-27T04:22:42,62,94,0.90,1
2026-09-27T04:22:43,60,94,0.89,1
2026-09-27T04:22:44,66,95,0.85,1
2026-09-27T04:22:45,60,97,0.87,1
2026-09-27T04:22:46,66,95,0.87,1
2026-09-27T04:22:47,62,95,0.94,1
2026-09-27T04:22:48,65,95,0.93,1
2026-09-27T04:22:49,64,96,0.91,1
2026-09-27T04:22:50,60,94,0.94,1
2026-09-27T04:22:51,64,97,0.86,1
2026-09-27T04:22:52,64,96,0.86,1
2026-09-27T04:22:53,63,96,0.91,1
2026-09-27T04:22:54,63,94,0.86,1
2026-09-27T04:22:55,66,97,0.95,1
2026-09-27T04:22:56,65,94,0.93,1
2026-09-27T04:22:57,60,94,0.88,1
2026-09-27T04:22:58,64,95,0.89,1
2026-09-27T04:22:59,64,96,0.94,1
2026-09-27T04:23:00,65,97,0.87,1
2026-09-27T04:23:01,66,97,0.91,1
2026-09-27T04:23:02,64,94,0.85,1
2026-09-27T04:23:03,64,94,0.92,1
2026-09-27T04:23:04,64,94,0.90,1
2026-09-27T04:23:05,65,95,0.94,1
2026-09-27T04:23:06,66,94,0.91,1
2026-09-27T04:23:07,63,94,0.93,1
2026-09-27T04:23:08,62,94,0.90,1
2026-09-27T04:23:09,65,96,0.95,1
2026-09-27T04:23:10,64,95,0.93,1
2026-09-27T04:23:11,65,94,0.88,1
2026-09-27T04:23:12,64,94,0.85,1
2026-09-27T04:23:13,63,97,0.86,1
2026-09-27T04:23:14,61,95,0.86,1
2026-09-27T04:23:15,63,94,0.90,1
2026-09-27T04:23:16,61,94,0.86,1
2026-09-27T04:23:17,62,96,0.92,1
2026-09-27T04:23:18,61,95,0.90,1
2026-09-27T04:23:19,60,94,0.91,1
2026-09-27T04:23:20,66,95,0.89,1
2026-09-27T04:23:21,63,97,0.94,1
2026-09-27T04:23:22,63,96,0.94,1
2026-09-27T04:23:23,60,97,0.86,1
2026-09-27T04:23:24,66,94,0.92,1
2026-09-27T04:23:25,62,94,0.88,1
2026-09-27T04:23:26,64,95,0.86,1
2026-09-27T04:23:27,61,94,0.88,1
2026-09-27T04:23:28,63,96,0.86,1
2026-09-27T04:23:29,61,96,0.90,1
2026-09-27T04:23:30,61,94,0.89,1
2026-09-27T04:23:31,61,95,0.95,1
2026-09-27T04:23:32,60,96,0.86,1
2026-09-27T04:23:33,62,95,0.88,1
2026-09-27T04:23:34,64,94,0.88,1
2026-09-27T04:23:35,65,96,0.94,1
2026-09-27T04:23:36,65,94,0.88,1
2026-09-27T04:23:37,61,96,0.93,1
2026-09-27T04:23:38,62,97,0.88,1
2026-09-27T04:23:39,60,94,0.87,1
2026-09-27T04:23:40,63,95,0.93,1
2026-09-27T04:23:41,60,95,0.88,1
2026-09-27T04:23:42,66,94,0.85,1
2026-09-27T04:23:43,65,96,0.93,1
2026-09-27T04:23:44,65,96,0.86,1
2026-09-27T04:23:45,61,97,0.90,1
2026-09-27T04:23:46,61,96,0.86,1
2026-09-27T04:23:47,61,96,0.94,1
2026-09-27T04:23:48,64,95,0.93,1
2026-09-27T04:23:49,66,95,0.88,1
2026-09-27T04:23:50,63,94,0.86,1
2026-09-27T04:23:51,62,95,0.86,1
2026-09-27T04:23:52,63,95,0.92,1
2026-09-27T04:23:53,66,96,0.87,1
2026-09-27T04:23:54,60,96,0.88,1
2026-09-27T04:23:55,62,96,0.88,1
2026-09-27T04:23:56,62,97,0.93,1
2026-09-27T04:23:57,61,95,0.92,1
2026-09-27T04:23:58,63,95,0.87,1
2026-09-27T04:23:59,61,95,0.93,1
2026-09-27T04:24:00,61,94,0.91,1
2026-09-27T04:24:01,64,97,0.93,1
2026-09-27T04:24:02,62,94,0.85,1
2026-09-27T04:24:03,64,95,0.88,1
2026-09-27T04:24:04,61,95,0.88,1
2026-09-27T04:24:05,61,96,0.89,1
2026-09-27T04:24:06,66,94,0.88,1
2026-09-27T04:24:07,62,95,0.91,1
2026-09-27T04:24:08,61,95,0.89,1
2026-09-27T04:24:09,60,95,0.88,1
2026-09-27T04:24:10,65,97,0.89,1
2026-09-27T04:24:11,64,97,0.91,1
2026-09-27T04:24:12,65,95,0.93,1
2026-09-27T04:24:13,64,97,0.91,1
2026-09-27T04:24:14,65,96,0.90,1
2026-09-27T04:24:15,60,96,0.91,1
2026-09-27T04:24:16,66,95,0.93,1
2026-09-27T04:24:17,60,97,0.95,1
2026-09-27T04:24:18,66,94,0.91,1
2026-09-27T04:24:19,65,95,0.86,1
2026-09-27T04:24:20,63,96,0.89,1
2026-09-27T04:24:21,62,95,0.93,1
2026-09-27T04:24:22,60,97,0.94,1
2026-09-27T04:24:23,60,96,0.85,1
2026-09-27T04:24:24,66,96,0.86,1
2026-09-27T04:24:25,62,96,0.86,1
2026-09-27T04:24:26,66,96,0.87,1
2026-09-27T04:24:27,66,97,0.87,1
2026-09-27T04:24:28,65,97,0.93,1
2026-09-27T04:24:29,65,96,0.89,1
2026-09-27T04:24:30,63,95,0.88,1
2026-09-27T04:24:31,62,95,0.87,1
2026-09-27T04:24:32,63,95,0.88,1
2026-09-27T04:24:33,64,94,0.92,1
2026-09-27T04:24:34,62,94,0.89,1
2026-09-27T04:24:35,65,94,0.91,1
2026-09-27T04:24:36,61,94,0.92,1
2026-09-27T04:24:37,61,94,0.93,1
2026-09-27T04:24:38,62,95,0.94,1
2026-09-27T04:24:39,66,95,0.86,1
2026-09-27T04:24:40,64,95,0.85,1
2026-09-27T04:24:41,65,97,0.85,1
2026-09-27T04:24:42,63,95,0.94,1
2026-09-27T04:24:43,64,95,0.85,1
2026-09-27T04:24:44,63,96,0.93,1
2026-09-27T04:24:45,65,94,0.91,1
2026-09-27T04:24:46,63,95,0.93,1
2026-09-27T04:24:47,61,96,0.89,1
2026-09-27T04:24:48,66,97,0.87,1
2026-09-27T04:24:49,63,94,0.90,1
2026-09-27T04:24:50,63,96,0.94,1
2026-09-27T04:24:51,64,94,0.90,1
2026-09-27T04:24:52,60,94,0.87,1
2026-09-27T04:24:53,63,97,0.89,1
2026-09-27T04:24:54,62,97,0.95,1
2026-09-27T04:24:55,60,97,0.90,1
2026-09-27T04:24:56,62,94,0.94,1
2026-09-27T04:24:57,64,95,0.86,1
2026-09-27T04:24:58,65,97,0.93,1
2026-09-27T04:24:59,62,95,0.90,1
2026-09-27T04:25:00,65,94,0.94,1
2026-09-27T04:25:01,62,95,0.86,1
2026-09-27T04:25:02,66,95,0.92,1
2026-09-27T04:25:03,66,97,0.93,1
2026-09-27T04:25:04,61,95,0.93,1
2026-09-27T04:25:05,61,97,0.90,1
2026-09-27T04:25:06,65,96,0.94,1
2026-09-27T04:25:07,61,96,0.85,1
2026-09-27T04:25:08,61,94,0.91,1
2026-09-27T04:25:09,65,95,0.93,1
2026-09-27T04:25:10,62,95,0.95,1
2026-09-27T04:25:11,61,94,0.88,1
2026-09-27T04:25:12,62,94,0.87,1
2026-09-27T04:25:13,63,94,0.89,1
2026-09-27T04:25:14,60,97,0.94,1
2026-09-27T04:25:15,62,95,0.90,1
2026-09-27T04:25:16,65,97,0.94,1
2026-09-27T04:25:17,63,94,0.87,1
2026-09-27T04:25:18,63,95,0.90,1
2026-09-27T04:25:19,63,95,0.88,1
2026-09-27T04:25:20,63,97,0.90,1
2026-09-27T04:25:21,61,95,0.87,1
2026-09-27T04:25:22,63,94,0.94,1
2026-09-27T04:25:23,62,94,0.87,1
2026-09-27T04:25:24,60,96,0.85,1
2026-09-27T04:25:25,60,94,0.90,1
2026-09-27T04:25:26,66,95,0.90,1
2026-09-27T04:25:27,62,97,0.89,1
2026-09-27T04:25:28,62,94,0.93,1
2026-09-27T04:25:29,64,97,0.89,1
2026-09-27T04:25:30,62,96,0.90,1
2026-09-27T04:25:31,60,96,0.89,1
2026-09-27T04:25:32,61,97,0.87,1
2026-09-27T04:25:33,64,95,0.93,1
2026-09-27T04:25:34,64,94,0.91,1
2026-09-27T04:25:35,60,95,0.90,1
2026-09-27T04:25:36,64,94,0.86,1
2026-09-27T04:25:37,65,97,0.95,1
2026-09-27T04:25:38,64,94,0.92,1
2026-09-27T04:25:39,61,94,0.90,1
2026-09-27T04:25:40,61,95,0.94,1
2026-09-27T04:25:41,61,96,0.91,1
2026-09-27T04:25:42,61,95,0.89,1
2026-09-27T04:25:43,60,94,0.86,1
2026-09-27T04:25:44,60,95,0.92,1
2026-09-27T04:25:45,66,97,0.91,1
2026-09-27T04:25:46,64,95,0.92,1
2026-09-27T04:25:47,66,96,0.94,1
2026-09-27T04:25:48,64,94,0.85,1
2026-09-27T04:25:49,63,94,0.94,1
2026-09-27T04:25:50,63,97,0.90,1
2026-09-27T04:25:51,63,94,0.92,1
2026-09-27T04:25:52,66,97,0.88,1
2026-09-27T04:25:53,64,94,0.89,1
2026-09-27T04:25:54,65,95,0.87,1
2026-09-27T04:25:55,62,96,0.89,1
2026-09-27T04:25:56,63,94,0.93,1
2026-09-27T04:25:57,60,95,0.88,1
2026-09-27T04:25:58,65,94,0.93,1
2026-09-27T04:25:59,65,94,0.93,1
2026-09-27T04:26:00,64,96,0.88,1
2026-09-27T04:26:01,66,97,0.91,1
2026-09-27T04:26:02,63,97,0.87,1
2026-09-27T04:26:03,63,96,0.85,1
2026-09-27T04:26:04,62,97,0.94,1
2026-09-27T04:26:05,62,95,0.88,1
2026-09-27T04:26:06,66,96,0.94,1
2026-09-27T04:26:07,65,97,0.87,1
2026-09-27T04:26:08,62,97,0.92,1
2026-09-27T04:26:09,65,94,0.94,1
2026-09-27T04:26:10,63,95,0.88,1
2026-09-27T04:26:11,62,94,0.91,1
2026-09-27T04:26:12,61,96,0.94,1
2026-09-27T04:26:13,64,94,0.87,1
2026-09-27T04:26:14,61,97,0.95,1
2026-09-27T04:26:15,61,97,0.89,1
2026-09-27T04:26:16,65,94,0.89,1
2026-09-27T04:26:17,62,94,0.94,1
2026-09-27T04:26:18,66,94,0.94,1
2026-09-27T04:26:19,60,96,0.91,1
2026-09-27T04:26:20,63,97,0.92,1
2026-09-27T04:26:21,62,95,0.94,1
2026-09-27T04:26:22,62,95,0.93,1
2026-09-27T04:26:23,62,95,0.85,1
2026-09-27T04:26:24,65,96,0.91,1
2026-09-27T04:26:25,64,94,0.89,1
2026-09-27T04:26:26,60,96,0.89,1
2026-09-27T04:26:27,65,95,0.86,1
2026-09-27T04:26:28,65,94,0.93,1
2026-09-27T04:26:29,66,95,0.92,1
2026-09-27T04:26:30,66,97,0.86,1
2026-09-27T04:26:31,61,95,0.89,1
2026-09-27T04:26:32,64,96,0.92,1
2026-09-27T04:26:33,62,95,0.94,1
2026-09-27T04:26:34,61,94,0.95,1
2026-09-27T04:26:35,64,96,0.93,1
2026-09-27T04:26:36,62,97,0.89,1
2026-09-27T04:26:37,64,95,0.86,1
2026-09-27T04:26:38,64,94,0.94,1
2026-09-27T04:26:39,62,94,0.88,1
2026-09-27T04:26:40,63,96,0.92,1
2026-09-27T04:26:41,66,96,0.90,1
2026-09-27T04:26:42,64,95,0.94,1
2026-09-27T04:26:43,62,96,0.89,1
2026-09-27T04:26:44,60,96,0.89,1
2026-09-27T04:26:45,64,95,0.93,1
2026-09-27T04:26:46,63,94,0.87,1
2026-09-27T04:26:47,63,97,0.87,1
2026-09-27T04:26:48,61,96,0.92,1
2026-09-27T04:26:49,63,94,0.93,1
2026-09-27T04:26:50,63,95,0.90,1
2026-09-27T04:26:51,62,96,0.89,1
2026-09-27T04:26:52,65,96,0.93,1
2026-09-27T04:26:53,60,94,0.93,1
2026-09-27T04:26:54,64,96,0.91,1
2026-09-27T04:26:55,64,94,0.95,1
2026-09-27T04:26:56,64,94,0.85,1
2026-09-27T04:26:57,66,96,0.90,1
2026-09-27T04:26:58,63,95,0.92,1
2026-09-27T04:26:59,62,95,0.90,1
2026-09-27T04:27:00,63,95,0.90,1
2026-09-27T04:27:01,63,96,0.94,1
2026-09-27T04:27:02,66,97,0.94,1
2026-09-27T04:27:03,63,95,0.95,1
2026-09-27T04:27:04,64,96,0.86,1
2026-09-27T04:27:05,66,96,0.86,1
2026-09-27T04:27:06,62,96,0.87,1
2026-09-27T04:27:07,65,94,0.93,1
2026-09-27T04:27:08,64,96,0.88,1
2026-09-27T04:27:09,66,97,0.92,1
2026-09-27T04:27:10,62,95,0.91,1
2026-09-27T04:27:11,65,97,0.91,1
2026-09-27T04:27:12,65,96,0.95,1
2026-09-27T04:27:13,63,94,0.88,1
2026-09-27T04:27:14,65,96,0.95,1
2026-09-27T04:27:15,61,96,0.89,1
2026-09-27T04:27:16,61,94,0.92,1
2026-09-27T04:27:17,65,97,0.90,1
2026-09-27T04:27:18,60,97,0.94,1
2026-09-27T04:27:19,65,96,0.89,1
2026-09-27T04:27:20,60,94,0.86,1
2026-09-27T04:27:21,66,94,0.91,1
2026-09-27T04:27:22,63,97,0.95,1
2026-09-27T04:27:23,61,96,0.88,1
2026-09-27T04:27:24,66,95,0.87,1
2026-09-27T04:27:25,61,96,0.93,1
2026-09-27T04:27:26,66,96,0.91,1
2026-09-27T04:27:27,62,95,0.93,1
2026-09-27T04:27:28,64,96,0.85,1
2026-09-27T04:27:29,63,96,0.87,1
2026-09-27T04:27:30,66,94,0.88,1
2026-09-27T04:27:31,64,94,0.92,1
2026-09-27T04:27:32,61,96,0.94,1
2026-09-27T04:27:33,64,94,0.86,1
2026-09-27T04:27:34,64,96,0.87,1
2026-09-27T04:27:35,61,95,0.92,1
2026-09-27T04:27:36,60,95,0.94,1
2026-09-27T04:27:37,65,94,0.92,1
2026-09-27T04:27:38,64,95,0.88,1
2026-09-27T04:27:39,62,97,0.90,1
2026-09-27T04:27:40,65,96,0.90,1
2026-09-27T04:27:41,66,94,0.93,1
2026-09-27T04:27:42,65,96,0.85,1
2026-09-27T04:27:43,62,94,0.94,1
2026-09-27T04:27:44,65,95,0.86,1
2026-09-27T04:27:45,65,95,0.91,1
2026-09-27T04:27:46,65,97,0.91,1
2026-09-27T04:27:47,65,95,0.85,1
2026-09-27T04:27:48,65,94,0.87,1
2026-09-27T04:27:49,64,95,0.93,1
2026-09-27T04:27:50,64,95,0.87,1
2026-09-27T04:27:51,66,97,0.95,1
2026-09-27T04:27:52,62,97,0.90,1
2026-09-27T04:27:53,63,94,0.92,1
2026-09-27T04:27:54,65,95,0.93,1
2026-09-27T04:27:55,66,94,0.94,1
2026-09-27T04:27:56,64,96,0.92,1
2026-09-27T04:27:57,62,95,0.88,1
2026-09-27T04:27:58,61,97,0.90,1
2026-09-27T04:27:59,64,96,0.87,1
2026-09-27T04:28:00,65,94,0.93,1
2026-09-27T04:28:01,65,95,0.90,1
2026-09-27T04:28:02,62,97,0.88,1
2026-09-27T04:28:03,65,95,0.93,1
2026-09-27T04:28:04,66,95,0.87,1
2026-09-27T04:28:05,61,97,0.93,1
2026-09-27T04:28:06,65,94,0.88,1
2026-09-27T04:28:07,60,95,0.90,1
2026-09-27T04:28:08,60,94,0.91,1
2026-09-27T04:28:09,63,97,0.93,1
2026-09-27T04:28:10,61,97,0.85,1
2026-09-27T04:28:11,62,96,0.95,1
2026-09-27T04:28:12,63,97,0.86,1
2026-09-27T04:28:13,62,97,0.94,1
2026-09-27T04:28:14,62,97,0.94,1
2026-09-27T04:28:15,66,95,0.90,1
2026-09-27T04:28:16,64,97,0.90,1
2026-09-27T04:28:17,61,94,0.92,1
2026-09-27T04:28:18,66,97,0.88,1
2026-09-27T04:28:19,62,96,0.85,1
2026-09-27T04:28:20,64,95,0.91,1
2026-09-27T04:28:21,65,94,0.93,1
2026-09-27T04:28:22,61,94,0.89,1
2026-09-27T04:28:23,62,94,0.88,1
2026-09-27T04:28:24,62,97,0.90,1
2026-09-27T04:28:25,65,97,0.88,1
2026-09-27T04:28:26,65,96,0.91,1
2026-09-27T04:28:27,60,96,0.88,1
2026-09-27T04:28:28,63,95,0.92,1
2026-09-27T04:28:29,61,97,0.91,1
2026-09-27T04:28:30,65,97,0.88,1
2026-09-27T04:28:31,60,97,0.95,1
2026-09-27T04:28:32,64,97,0.90,1
2026-09-27T04:28:33,65,94,0.91,1
2026-09-27T04:28:34,66,96,0.94,1
2026-09-27T04:28:35,60,97,0.93,1
2026-09-27T04:28:36,64,95,0.88,1
2026-09-27T04:28:37,61,97,0.93,1
2026-09-27T04:28:38,66,95,0.95,1
2026-09-27T04:28:39,65,95,0.85,1
2026-09-27T04:28:40,62,94,0.91,1
2026-09-27T04:28:41,62,94,0.92,1
2026-09-27T04:28:42,66,96,0.93,1
2026-09-27T04:28:43,65,95,0.94,1
2026-09-27T04:28:44,66,94,0.94,1
2026-09-27T04:28:45,62,96,0.87,1
2026-09-27T04:28:46,64,95,0.92,1
2026-09-27T04:28:47,65,97,0.92,1
2026-09-27T04:28:48,61,97,0.87,1
2026-09-27T04:28:49,61,94,0.91,1
2026-09-27T04:28:50,66,96,0.88,1
2026-09-27T04:28:51,63,95,0.87,1
2026-09-27T04:28:52,60,95,0.86,1
2026-09-27T04:28:53,60,97,0.93,1
2026-09-27T04:28:54,65,95,0.88,1
2026-09-27T04:28:55,64,96,0.89,1
2026-09-27T04:28:56,63,95,0.88,1
2026-09-27T04:28:57,63,94,0.90,1
2026-09-27T04:28:58,66,94,0.90,1
2026-09-27T04:28:59,66,96,0.94,1
2026-09-27T04:29:00,66,94,0.88,1
2026-09-27T04:29:01,66,97,0.94,1
2026-09-27T04:29:02,65,94,0.89,1
2026-09-27T04:29:03,63,94,0.86,1
2026-09-27T04:29:04,60,94,0.90,1
2026-09-27T04:29:05,60,97,0.93,1
2026-09-27T04:29:06,64,95,0.85,1
2026-09-27T04:29:07,64,96,0.86,1
2026-09-27T04:29:08,61,96,0.87,1
2026-09-27T04:29:09,63,94,0.90,1
2026-09-27T04:29:10,66,95,0.89,1
2026-09-27T04:29:11,62,94,0.88,1
2026-09-27T04:29:12,66,96,0.85,1
2026-09-27T04:29:13,60,97,0.92,1
2026-09-27T04:29:14,64,95,0.89,1
2026-09-27T04:29:15,61,95,0.88,1
2026-09-27T04:29:16,60,97,0.85,1
2026-09-27T04:29:17,64,95,0.87,1
2026-09-27T04:29:18,61,94,0.93,1
2026-09-27T04:29:19,60,95,0.93,1
2026-09-27T04:29:20,63,95,0.86,1
2026-09-27T04:29:21,66,97,0.95,1
2026-09-27T04:29:22,61,95,0.89,1
2026-09-27T04:29:23,65,95,0.85,1
2026-09-27T04:29:24,64,94,0.93,1
2026-09-27T04:29:25,61,94,0.93,1
2026-09-27T04:29:26,64,96,0.94,1
2026-09-27T04:29:27,63,97,0.86,1
2026-09-27T04:29:28,62,95,0.92,1
2026-09-27T04:29:29,60,95,0.94,1
2026-09-27T04:29:30,61,94,0.94,1
2026-09-27T04:29:31,66,94,0.88,1
2026-09-27T04:29:32,65,96,0.91,1
2026-09-27T04:29:33,61,95,0.91,1
2026-09-27T04:29:34,60,96,0.89,1
2026-09-27T04:29:35,63,97,0.94,1
2026-09-27T04:29:36,66,97,0.95,1
2026-09-27T04:29:37,64,94,0.86,1
2026-09-27T04:29:38,64,96,0.87,1
2026-09-27T04:29:39,63,94,0.87,1
2026-09-27T04:29:40,60,96,0.86,1
2026-09-27T04:29:41,66,97,0.91,1
2026-09-27T04:29:42,60,96,0.85,1
2026-09-27T04:29:43,62,96,0.86,1
2026-09-27T04:29:44,63,96,0.93,1
2026-09-27T04:29:45,65,96,0.94,1
2026-09-27T04:29:46,64,97,0.86,1
2026-09-27T04:29:47,63,96,0.93,1
2026-09-27T04:29:48,63,97,0.89,1
2026-09-27T04:29:49,61,95,0.93,1
2026-09-27T04:29:50,62,97,0.85,1
2026-09-27T04:29:51,62,96,0.87,1
2026-09-27T04:29:52,61,97,0.85,1
2026-09-27T04:29:53,66,96,0.91,1
2026-09-27T04:29:54,65,95,0.87,1
2026-09-27T04:29:55,60,94,0.90,1
2026-09-27T04:29:56,62,97,0.87,1
2026-09-27T04:29:57,64,95,0.92,1
2026-09-27T04:29:58,62,95,0.86,1
2026-09-27T04:29:59,60,94,0.89,1
2026-09-27T04:30:00,65,95,0.89,1
2026-09-27T04:30:01,65,96,0.93,1
2026-09-27T04:30:02,66,96,0.85,1
2026-09-27T04:30:03,65,96,0.90,1
2026-09-27T04:30:04,60,95,0.90,1
2026-09-27T04:30:05,64,96,0.94,1
2026-09-27T04:30:06,62,97,0.91,1
2026-09-27T04:30:07,63,97,0.93,1
2026-09-27T04:30:08,61,97,0.92,1
2026-09-27T04:30:09,66,94,0.92,1
2026-09-27T04:30:10,63,94,0.94,1
2026-09-27T04:30:11,64,95,0.91,1
2026-09-27T04:30:12,64,95,0.88,1
2026-09-27T04:30:13,60,97,0.91,1
2026-09-27T04:30:14,62,96,0.94,1
2026-09-27T04:30:15,61,97,0.90,1
2026-09-27T04:30:16,66,97,0.86,1
2026-09-27T04:30:17,62,94,0.93,1
2026-09-27T04:30:18,62,95,0.93,1
2026-09-27T04:30:19,63,94,0.88,1
2026-09-27T04:30:20,63,97,0.87,1
2026-09-27T04:30:21,64,97,0.91,1
2026-09-27T04:30:22,64,96,0.90,1
2026-09-27T04:30:23,61,95,0.94,1
2026-09-27T04:30:24,66,95,0.90,1
2026-09-27T04:30:25,63,96,0.93,1
2026-09-27T04:30:26,63,97,0.88,1
2026-09-27T04:30:27,63,96,0.89,1
2026-09-27T04:30:28,61,95,0.88,1
2026-09-27T04:30:29,66,94,0.95,1
2026-09-27T04:30:30,61,96,0.90,1
2026-09-27T04:30:31,62,95,0.89,1
2026-09-27T04:30:32,63,97,0.92,1
2026-09-27T04:30:33,61,95,0.94,1
2026-09-27T04:30:34,66,97,0.88,1
2026-09-27T04:30:35,65,94,0.92,1
2026-09-27T04:30:36,63,94,0.88,1
2026-09-27T04:30:37,65,96,0.88,1
2026-09-27T04:30:38,64,95,0.94,1
2026-09-27T04:30:39,61,97,0.90,1
2026-09-27T04:30:40,65,94,0.91,1
2026-09-27T04:30:41,61,96,0.86,1
2026-09-27T04:30:42,60,96,0.86,1
2026-09-27T04:30:43,64,94,0.85,1
2026-09-27T04:30:44,66,97,0.91,1
2026-09-27T04:30:45,66,95,0.91,1
2026-09-27T04:30:46,66,96,0.88,1
2026-09-27T04:30:47,63,97,0.88,1
2026-09-27T04:30:48,62,94,0.95,1
2026-09-27T04:30:49,60,94,0.93,1
2026-09-27T04:30:50,60,94,0.92,1
2026-09-27T04:30:51,62,95,0.95,1
2026-09-27T04:30:52,61,96,0.89,1
2026-09-27T04:30:53,62,95,0.86,1
2026-09-27T04:30:54,64,97,0.92,1
2026-09-27T04:30:55,61,96,0.93,1
2026-09-27T04:30:56,61,96,0.91,1
2026-09-27T04:30:57,63,96,0.87,1
2026-09-27T04:30:58,66,96,0.91,1
2026-09-27T04:30:59,62,97,0.93,1
2026-09-27T04:31:00,60,97,0.93,1
2026-09-27T04:31:01,65,94,0.86,1
2026-09-27T04:31:02,63,95,0.89,1
2026-09-27T04:31:03,62,94,0.89,1
2026-09-27T04:31:04,66,96,0.92,1
2026-09-27T04:31:05,65,94,0.94,1
2026-09-27T04:31:06,65,97,0.89,1
2026-09-27T04:31:07,60,94,0.89,1
2026-09-27T04:31:08,61,95,0.95,1
2026-09-27T04:31:09,63,94,0.87,1
2026-09-27T04:31:10,64,97,0.92,1
2026-09-27T04:31:11,64,95,0.91,1
2026-09-27T04:31:12,64,94,0.89,1
2026-09-27T04:31:13,64,97,0.86,1
2026-09-27T04:31:14,60,94,0.94,1
2026-09-27T04:31:15,65,94,0.89,1
2026-09-27T04:31:16,61,97,0.85,1
2026-09-27T04:31:17,65,96,0.89,1
2026-09-27T04:31:18,65,96,0.91,1
2026-09-27T04:31:19,61,97,0.85,1
2026-09-27T04:31:20,60,96,0.94,1
2026-09-27T04:31:21,66,94,0.85,1
2026-09-27T04:31:22,66,97,0.88,1
2026-09-27T04:31:23,62,97,0.93,1
2026-09-27T04:31:24,63,94,0.91,1
2026-09-27T04:31:25,65,94,0.93,1
2026-09-27T04:31:26,61,97,0.93,1
2026-09-27T04:31:27,63,95,0.89,1
2026-09-27T04:31:28,61,96,0.95,1
2026-09-27T04:31:29,65,97,0.95,1
2026-09-27T04:31:30,64,96,0.87,1
2026-09-27T04:31:31,61,95,0.90,1
2026-09-27T04:31:32,63,97,0.95,1
2026-09-27T04:31:33,64,95,0.91,1
2026-09-27T04:31:34,60,94,0.89,1
2026-09-27T04:31:35,64,94,0.92,1
2026-09-27T04:31:36,66,94,0.95,1
2026-09-27T04:31:37,66,95,0.91,1
2026-09-27T04:31:38,66,95,0.91,1
2026-09-27T04:31:39,63,97,0.85,1
2026-09-27T04:31:40,61,95,0.92,1
2026-09-27T04:31:41,66,97,0.91,1
2026-09-27T04:31:42,64,94,0.95,1
2026-09-27T04:31:43,61,94,0.91,1
2026-09-27T04:31:44,64,94,0.91,1
2026-09-27T04:31:45,66,95,0.85,1
2026-09-27T04:31:46,60,94,0.85,1
2026-09-27T04:31:47,61,96,0.88,1
2026-09-27T04:31:48,65,94,0.86,1
2026-09-27T04:31:49,65,97,0.86,1
2026-09-27T04:31:50,62,97,0.93,1
2026-09-27T04:31:51,65,94,0.95,1
2026-09-27T04:31:52,61,95,0.87,1
2026-09-27T04:31:53,61,97,0.87,1
2026-09-27T04:31:54,65,95,0.88,1
2026-09-27T04:31:55,60,96,0.92,1
2026-09-27T04:31:56,62,95,0.87,1
2026-09-27T04:31:57,63,94,0.86,1
2026-09-27T04:31:58,60,97,0.93,1
2026-09-27T04:31:59,61,94,0.94,1
2026-09-27T04:32:00,60,95,0.90,1
2026-09-27T04:32:01,62,95,0.88,1
2026-09-27T04:32:02,62,95,0.90,1
2026-09-27T04:32:03,63,95,0.93,1
2026-09-27T04:32:04,62,97,0.94,1
2026-09-27T04:32:05,63,94,0.85,1
2026-09-27T04:32:06,64,97,0.88,1
2026-09-27T04:32:07,66,97,0.89,1
2026-09-27T04:32:08,61,94,0.86,1
2026-09-27T04:32:09,66,97,0.91,1
2026-09-27T04:32:10,64,95,0.90,1
2026-09-27T04:32:11,63,95,0.89,1
2026-09-27T04:32:12,64,95,0.94,1
2026-09-27T04:32:13,65,96,0.90,1
2026-09-27T04:32:14,63,96,0.94,1
2026-09-27T04:32:15,65,97,0.86,1
2026-09-27T04:32:16,63,94,0.87,1
2026-09-27T04:32:17,61,97,0.89,1
2026-09-27T04:32:18,60,97,0.95,1
2026-09-27T04:32:19,64,95,0.87,1
2026-09-27T04:32:20,60,96,0.85,1
2026-09-27T04:32:21,61,97,0.89,1
2026-09-27T04:32:22,60,94,0.95,1
2026-09-27T04:32:23,61,95,0.87,1
2026-09-27T04:32:24,65,97,0.88,1
2026-09-27T04:32:25,63,96,0.87,1
2026-09-27T04:32:26,64,94,0.91,1
2026-09-27T04:32:27,60,95,0.94,1
2026-09-27T04:32:28,65,96,0.94,1
2026-09-27T04:32:29,65,97,0.90,1
2026-09-27T04:32:30,60,94,0.86,1
2026-09-27T04:32:31,64,95,0.89,1
2026-09-27T04:32:32,61,94,0.87,1
2026-09-27T04:32:33,61,95,0.88,1
2026-09-27T04:32:34,66,95,0.89,1
2026-09-27T04:32:35,66,95,0.94,1
2026-09-27T04:32:36,63,96,0.91,1
2026-09-27T04:32:37,61,94,0.89,1
2026-09-27T04:32:38,60,96,0.85,1
2026-09-27T04:32:39,66,95,0.87,1
2026-09-27T04:32:40,65,96,0.93,1
2026-09-27T04:32:41,65,94,0.94,1
2026-09-27T04:32:42,60,97,0.85,1
2026-09-27T04:32:43,65,94,0.88,1
2026-09-27T04:32:44,61,97,0.88,1
2026-09-27T04:32:45,61,97,0.93,1
2026-09-27T04:32:46,63,94,0.86,1
2026-09-27T04:32:47,61,96,0.92,1
2026-09-27T04:32:48,61,95,0.87,1
2026-09-27T04:32:49,65,96,0.88,1
2026-09-27T04:32:50,66,97,0.89,1
2026-09-27T04:32:51,62,95,0.92,1
2026-09-27T04:32:52,64,96,0.88,1
2026-09-27T04:32:53,65,96,0.87,1
2026-09-27T04:32:54,61,95,0.86,1
2026-09-27T04:32:55,66,94,0.93,1
2026-09-27T04:32:56,60,95,0.93,1
2026-09-27T04:32:57,60,97,0.90,1
2026-09-27T04:32:58,61,95,0.85,1
2026-09-27T04:32:59,65,97,0.90,1
2026-09-27T04:33:00,60,94,0.89,1
2026-09-27T04:33:01,64,94,0.93,1
2026-09-27T04:33:02,60,96,0.95,1
2026-09-27T04:33:03,61,97,0.92,1
2026-09-27T04:33:04,62,96,0.89,1
2026-09-27T04:33:05,66,96,0.93,1
2026-09-27T04:33:06,61,96,0.85,1
2026-09-27T04:33:07,62,95,0.88,1
2026-09-27T04:33:08,60,96,0.85,1
2026-09-27T04:33:09,65,95,0.91,1
2026-09-27T04:33:10,64,94,0.92,1
2026-09-27T04:33:11,60,95,0.90,1
2026-09-27T04:33:12,63,94,0.88,1
2026-09-27T04:33:13,62,94,0.85,1
2026-09-27T04:33:14,63,96,0.94,1
2026-09-27T04:33:15,63,95,0.95,1
2026-09-27T04:33:16,64,97,0.91,1
2026-09-27T04:33:17,64,95,0.94,1
2026-09-27T04:33:18,66,94,0.86,1
2026-09-27T04:33:19,66,97,0.88,1
2026-09-27T04:33:20,62,94,0.87,1
2026-09-27T04:33:21,64,95,0.90,1
2026-09-27T04:33:22,62,97,0.93,1
2026-09-27T04:33:23,65,95,0.87,1
2026-09-27T04:33:24,63,94,0.88,1
2026-09-27T04:33:25,60,97,0.91,1
2026-09-27T04:33:26,60,94,0.91,1
2026-09-27T04:33:27,64,97,0.95,1
2026-09-27T04:33:28,62,96,0.91,1
2026-09-27T04:33:29,64,94,0.88,1
2026-09-27T04:33:30,61,95,0.95,1
2026-09-27T04:33:31,64,97,0.93,1
2026-09-27T04:33:32,66,95,0.92,1
2026-09-27T04:33:33,66,96,0.92,1
2026-09-27T04:33:34,62,94,0.86,1
2026-09-27T04:33:35,61,96,0.93,1
2026-09-27T04:33:36,61,95,0.95,1
2026-09-27T04:33:37,61,96,0.89,1
2026-09-27T04:33:38,61,97,0.92,1
2026-09-27T04:33:39,61,97,0.86,1
2026-09-27T04:33:40,63,96,0.94,1
2026-09-27T04:33:41,65,95,0.87,1
2026-09-27T04:33:42,60,95,0.89,1
2026-09-27T04:33:43,66,95,0.92,1
2026-09-27T04:33:44,63,94,0.87,1
2026-09-27T04:33:45,61,95,0.87,1
2026-09-27T04:33:46,63,97,0.91,1
2026-09-27T04:33:47,61,95,0.94,1
2026-09-27T04:33:48,63,95,0.91,1
2026-09-27T04:33:49,65,95,0.91,1
2026-09-27T04:33:50,66,94,0.94,1
2026-09-27T04:33:51,66,94,0.89,1
2026-09-27T04:33:52,65,94,0.94,1
2026-09-27T04:33:53,63,94,0.89,1
2026-09-27T04:33:54,64,94,0.92,1
2026-09-27T04:33:55,66,96,0.92,1
2026-09-27T04:33:56,66,97,0.87,1
2026-09-27T04:33:57,60,96,0.93,1
2026-09-27T04:33:58,60,95,0.88,1
2026-09-27T04:33:59,65,97,0.94,1
2026-09-27T04:34:00,62,95,0.89,1
2026-09-27T04:34:01,61,95,0.89,1
2026-09-27T04:34:02,62,95,0.90,1
2026-09-27T04:34:03,60,95,0.85,1
2026-09-27T04:34:04,64,94,0.90,1
2026-09-27T04:34:05,63,97,0.90,1
2026-09-27T04:34:06,61,95,0.89,1
2026-09-27T04:34:07,65,95,0.90,1
2026-09-27T04:34:08,63,95,0.92,1
2026-09-27T04:34:09,61,96,0.93,1
2026-09-27T04:34:10,63,94,0.92,1
2026-09-27T04:34:11,66,97,0.90,1
2026-09-27T04:34:12,66,94,0.85,1
2026-09-27T04:34:13,66,94,0.91,1
2026-09-27T04:34:14,63,97,0.92,1
2026-09-27T04:34:15,62,94,0.94,1
2026-09-27T04:34:16,64,97,0.89,1
2026-09-27T04:34:17,65,94,0.90,1
2026-09-27T04:34:18,60,94,0.90,1
2026-09-27T04:34:19,65,94,0.86,1
2026-09-27T04:34:20,63,97,0.89,1
2026-09-27T04:34:21,65,96,0.88,1
2026-09-27T04:34:22,64,94,0.92,1
2026-09-27T04:34:23,66,96,0.88,1
2026-09-27T04:34:24,66,97,0.94,1
2026-09-27T04:34:25,60,95,0.87,1
2026-09-27T04:34:26,66,95,0.94,1
2026-09-27T04:34:27,66,94,0.87,1
2026-09-27T04:34:28,65,97,0.86,1
2026-09-27T04:34:29,66,94,0.90,1
2026-09-27T04:34:30,63,96,0.85,1
2026-09-27T04:34:31,64,94,0.94,1
2026-09-27T04:34:32,61,97,0.91,1
2026-09-27T04:34:33,63,94,0.86,1
2026-09-27T04:34:34,60,97,0.90,1
2026-09-27T04:34:35,63,96,0.88,1
2026-09-27T04:34:36,61,97,0.93,1
2026-09-27T04:34:37,65,94,0.91,1
2026-09-27T04:34:38,61,94,0.93,1
2026-09-27T04:34:39,65,94,0.85,1
2026-09-27T04:34:40,61,96,0.90,1
2026-09-27T04:34:41,64,97,0.90,1
2026-09-27T04:34:42,66,97,0.87,1
2026-09-27T04:34:43,64,95,0.88,1
2026-09-27T04:34:44,63,97,0.89,1
2026-09-27T04:34:45,61,96,0.94,1
2026-09-27T04:34:46,62,94,0.91,1
2026-09-27T04:34:47,64,96,0.88,1
2026-09-27T04:34:48,63,97,0.88,1
2026-09-27T04:34:49,65,94,0.87,1
2026-09-27T04:34:50,63,95,0.95,1
2026-09-27T04:34:51,65,95,0.94,1
2026-09-27T04:34:52,62,95,0.93,1
2026-09-27T04:34:53,66,97,0.87,1
2026-09-27T04:34:54,62,97,0.87,1
2026-09-27T04:34:55,61,97,0.87,1
2026-09-27T04:34:56,64,94,0.93,1
2026-09-27T04:34:57,66,94,0.88,1
2026-09-27T04:34:58,60,96,0.90,1
2026-09-27T04:34:59,62,94,0.85,1
2026-09-27T04:35:00,62,96,0.92,1
2026-09-27T04:35:01,64,94,0.87,1
2026-09-27T04:35:02,65,94,0.87,1
2026-09-27T04:35:03,64,95,0.89,1
2026-09-27T04:35:04,61,95,0.91,1
2026-09-27T04:35:05,64,95,0.95,1
2026-09-27T04:35:06,66,97,0.94,1
2026-09-27T04:35:07,64,94,0.88,1
2026-09-27T04:35:08,63,97,0.93,1
2026-09-27T04:35:09,60,96,0.90,1
2026-09-27T04:35:10,66,94,0.88,1
2026-09-27T04:35:11,61,96,0.91,1
2026-09-27T04:35:12,66,94,0.93,1
2026-09-27T04:35:13,64,97,0.91,1
2026-09-27T04:35:14,66,95,0.89,1
2026-09-27T04:35:15,66,95,0.92,1
2026-09-27T04:35:16,60,96,0.94,1
2026-09-27T04:35:17,60,97,0.92,1
2026-09-27T04:35:18,62,94,0.90,1
2026-09-27T04:35:19,63,95,0.90,1
2026-09-27T04:35:20,65,97,0.91,1
2026-09-27T04:35:21,66,94,0.93,1
2026-09-27T04:35:22,62,96,0.90,1
2026-09-27T04:35:23,60,97,0.95,1
2026-09-27T04:35:24,63,96,0.92,1
2026-09-27T04:35:25,65,94,0.92,1
2026-09-27T04:35:26,65,96,0.86,1
2026-09-27T04:35:27,63,96,0.87,1
2026-09-27T04:35:28,64,97,0.91,1
2026-09-27T04:35:29,60,97,0.85,1
2026-09-27T04:35:30,64,97,0.86,1
2026-09-27T04:35:31,64,95,0.86,1
2026-09-27T04:35:32,64,94,0.89,1
2026-09-27T04:35:33,66,94,0.88,1
2026-09-27T04:35:34,61,96,0.93,1
2026-09-27T04:35:35,66,95,0.90,1
2026-09-27T04:35:36,65,96,0.95,1
2026-09-27T04:35:37,64,94,0.88,1
2026-09-27T04:35:38,66,97,0.85,1
2026-09-27T04:35:39,61,97,0.90,1
2026-09-27T04:35:40,60,97,0.91,1
2026-09-27T04:35:41,61,95,0.93,1
2026-09-27T04:35:42,61,95,0.89,1
2026-09-27T04:35:43,61,94,0.90,1
2026-09-27T04:35:44,66,96,0.91,1
2026-09-27T04:35:45,65,95,0.91,1
2026-09-27T04:35:46,61,94,0.94,1
2026-09-27T04:35:47,64,96,0.89,1
2026-09-27T04:35:48,60,95,0.87,1
2026-09-27T04:35:49,63,95,0.86,1
2026-09-27T04:35:50,62,94,0.93,1
2026-09-27T04:35:51,65,96,0.89,1
2026-09-27T04:35:52,64,96,0.86,1
2026-09-27T04:35:53,61,97,0.92,1
2026-09-27T04:35:54,66,96,0.88,1
2026-09-27T04:35:55,61,95,0.88,1
2026-09-27T04:35:56,64,97,0.90,1
2026-09-27T04:35:57,65,97,0.91,1
2026-09-27T04:35:58,65,96,0.92,1
2026-09-27T04:35:59,63,95,0.87,1
2026-09-27T04:36:00,63,97,0.92,1
2026-09-27T04:36:01,65,95,0.91,1
2026-09-27T04:36:02,65,94,0.92,1
2026-09-27T04:36:03,62,94,0.93,1
2026-09-27T04:36:04,63,94,0.91,1
2026-09-27T04:36:05,64,96,0.94,1
2026-09-27T04:36:06,60,94,0.88,1
2026-09-27T04:36:07,65,97,0.86,1
2026-09-27T04:36:08,63,94,0.92,1
2026-09-27T04:36:09,64,97,0.87,1
2026-09-27T04:36:10,66,96,0.90,1
2026-09-27T04:36:11,61,97,0.93,1
2026-09-27T04:36:12,63,96,0.89,1
2026-09-27T04:36:13,65,94,0.88,1
2026-09-27T04:36:14,61,96,0.94,1
2026-09-27T04:36:15,66,94,0.93,1
2026-09-27T04:36:16,60,94,0.86,1
2026-09-27T04:36:17,66,94,0.87,1
2026-09-27T04:36:18,60,94,0.89,1
2026-09-27T04:36:19,66,94,0.89,1
2026-09-27T04:36:20,62,95,0.89,1
2026-09-27T04:36:21,65,97,0.89,1
2026-09-27T04:36:22,64,94,0.90,1
2026-09-27T04:36:23,63,96,0.87,1
2026-09-27T04:36:24,60,94,0.92,1
2026-09-27T04:36:25,65,97,0.93,1
2026-09-27T04:36:26,60,96,0.92,1
2026-09-27T04:36:27,65,96,0.94,1
2026-09-27T04:36:28,63,95,0.88,1
2026-09-27T04:36:29,62,95,0.88,1
2026-09-27T04:36:30,64,97,0.86,1
2026-09-27T04:36:31,64,96,0.85,1
2026-09-27T04:36:32,60,96,0.85,1
2026-09-27T04:36:33,61,95,0.93,1
2026-09-27T04:36:34,66,97,0.92,1
2026-09-27T04:36:35,60,94,0.95,1
2026-09-27T04:36:36,60,97,0.93,1
2026-09-27T04:36:37,65,97,0.85,1
2026-09-27T04:36:38,61,94,0.90,1
2026-09-27T04:36:39,63,97,0.85,1
2026-09-27T04:36:40,64,95,0.85,1
2026-09-27T04:36:41,61,94,0.92,1
2026-09-27T04:36:42,60,95,0.90,1
2026-09-27T04:36:43,64,96,0.86,1
2026-09-27T04:36:44,63,97,0.87,1
2026-09-27T04:36:45,66,95,0.91,1
2026-09-27T04:36:46,63,96,0.92,1
2026-09-27T04:36:47,60,94,0.86,1
2026-09-27T04:36:48,61,95,0.86,1
2026-09-27T04:36:49,63,96,0.94,1
2026-09-27T04:36:50,63,95,0.90,1
2026-09-27T04:36:51,63,95,0.89,1
2026-09-27T04:36:52,61,97,0.92,1
2026-09-27T04:36:53,60,94,0.87,1
2026-09-27T04:36:54,66,94,0.89,1
2026-09-27T04:36:55,60,96,0.87,1
2026-09-27T04:36:56,63,94,0.88,1
2026-09-27T04:36:57,60,95,0.95,1
2026-09-27T04:36:58,66,96,0.87,1
2026-09-27T04:36:59,65,97,0.91,1
2026-09-27T04:37:00,62,95,0.90,1
2026-09-27T04:37:01,66,94,0.94,1
2026-09-27T04:37:02,66,95,0.87,1
2026-09-27T04:37:03,66,97,0.95,1
2026-09-27T04:37:04,60,94,0.93,1
2026-09-27T04:37:05,64,96,0.85,1
2026-09-27T04:37:06,66,96,0.87,1
2026-09-27T04:37:07,66,96,0.87,1
2026-09-27T04:37:08,65,97,0.89,1
2026-09-27T04:37:09,66,95,0.86,1
2026-09-27T04:37:10,64,97,0.91,1
2026-09-27T04:37:11,64,96,0.93,1
2026-09-27T04:37:12,63,95,0.93,1
2026-09-27T04:37:13,64,96,0.86,1
2026-09-27T04:37:14,61,95,0.94,1
2026-09-27T04:37:15,65,96,0.88,1
2026-09-27T04:37:16,64,94,0.88,1
2026-09-27T04:37:17,63,97,0.93,1
2026-09-27T04:37:18,64,95,0.90,1
2026-09-27T04:37:19,61,97,0.94,1
2026-09-27T04:37:20,64,96,0.86,1
2026-09-27T04:37:21,66,95,0.89,1
2026-09-27T04:37:22,61,96,0.94,1
2026-09-27T04:37:23,61,96,0.85,1
2026-09-27T04:37:24,63,95,0.91,1
2026-09-27T04:37:25,65,95,0.92,1
2026-09-27T04:37:26,62,95,0.89,1
2026-09-27T04:37:27,62,94,0.90,1
2026-09-27T04:37:28,66,94,0.92,1
2026-09-27T04:37:29,61,96,0.95,1
2026-09-27T04:37:30,64,97,0.91,1
2026-09-27T04:37:31,63,94,0.93,1
2026-09-27T04:37:32,64,94,0.90,1
2026-09-27T04:37:33,61,94,0.94,1
2026-09-27T04:37:34,60,96,0.86,1
2026-09-27T04:37:35,66,96,0.91,1
2026-09-27T04:37:36,65,96,0.88,1
2026-09-27T04:37:37,64,97,0.89,1
2026-09-27T04:37:38,63,97,0.92,1
2026-09-27T04:37:39,65,97,0.91,1
2026-09-27T04:37:40,65,95,0.89,1
2026-09-27T04:37:41,60,97,0.89,1
2026-09-27T04:37:42,66,95,0.90,1
2026-09-27T04:37:43,65,94,0.91,1
2026-09-27T04:37:44,65,95,0.87,1
2026-09-27T04:37:45,61,95,0.88,1
2026-09-27T04:37:46,63,94,0.90,1
2026-09-27T04:37:47,64,95,0.86,1
2026-09-27T04:37:48,65,96,0.93,1
2026-09-27T04:37:49,60,96,0.88,1
2026-09-27T04:37:50,62,97,0.89,1
2026-09-27T04:37:51,66,97,0.92,1
2026-09-27T04:37:52,63,97,0.94,1
2026-09-27T04:37:53,63,94,0.89,1
2026-09-27T04:37:54,61,94,0.94,1
2026-09-27T04:37:55,62,94,0.89,1
2026-09-27T04:37:56,66,96,0.88,1
2026-09-27T04:37:57,66,97,0.86,1
2026-09-27T04:37:58,60,97,0.95,1
2026-09-27T04:37:59,61,94,0.94,1
2026-09-27T04:38:00,61,95,0.93,1
2026-09-27T04:38:01,66,96,0.93,1
2026-09-27T04:38:02,64,96,0.91,1
2026-09-27T04:38:03,62,94,0.89,1
2026-09-27T04:38:04,60,94,0.88,1
2026-09-27T04:38:05,63,97,0.86,1
2026-09-27T04:38:06,63,94,0.85,1
2026-09-27T04:38:07,64,94,0.94,1
2026-09-27T04:38:08,64,96,0.91,1
2026-09-27T04:38:09,63,96,0.91,1
2026-09-27T04:38:10,64,94,0.94,1
2026-09-27T04:38:11,64,94,0.89,1
2026-09-27T04:38:12,61,94,0.85,1
2026-09-27T04:38:13,62,95,0.86,1
2026-09-27T04:38:14,66,97,0.91,1
2026-09-27T04:38:15,63,97,0.94,1
2026-09-27T04:38:16,62,94,0.87,1
2026-09-27T04:38:17,65,95,0.92,1
2026-09-27T04:38:18,63,94,0.89,1
2026-09-27T04:38:19,60,94,0.88,1
2026-09-27T04:38:20,66,94,0.95,1
2026-09-27T04:38:21,65,96,0.89,1
2026-09-27T04:38:22,62,97,0.87,1
2026-09-27T04:38:23,61,95,0.89,1
2026-09-27T04:38:24,66,96,0.85,1
2026-09-27T04:38:25,66,97,0.90,1
2026-09-27T04:38:26,62,94,0.89,1
2026-09-27T04:38:27,61,97,0.94,1
2026-09-27T04:38:28,63,97,0.94,1
2026-09-27T04:38:29,64,95,0.92,1
2026-09-27T04:38:30,64,97,0.88,1
2026-09-27T04:38:31,61,94,0.91,1
2026-09-27T04:38:32,63,95,0.88,1
2026-09-27T04:38:33,63,97,0.91,1
2026-09-27T04:38:34,66,97,0.95,1
2026-09-27T04:38:35,65,97,0.87,1
2026-09-27T04:38:36,62,96,0.88,1
2026-09-27T04:38:37,60,94,0.92,1
2026-09-27T04:38:38,65,95,0.92,1
2026-09-27T04:38:39,65,95,0.85,1
2026-09-27T04:38:40,66,95,0.94,1
2026-09-27T04:38:41,63,94,0.88,1
2026-09-27T04:38:42,62,95,0.92,1
2026-09-27T04:38:43,62,97,0.92,1
2026-09-27T04:38:44,66,95,0.90,1
2026-09-27T04:38:45,61,97,0.94,1
2026-09-27T04:38:46,65,94,0.87,1
2026-09-27T04:38:47,62,97,0.85,1
2026-09-27T04:38:48,64,96,0.91,1
2026-09-27T04:38:49,62,97,0.88,1
2026-09-27T04:38:50,60,94,0.91,1
2026-09-27T04:38:51,64,94,0.93,1
2026-09-27T04:38:52,64,96,0.92,1
2026-09-27T04:38:53,62,94,0.94,1
2026-09-27T04:38:54,61,97,0.88,1
2026-09-27T04:38:55,61,94,0.88,1
2026-09-27T04:38:56,66,95,0.95,1
2026-09-27T04:38:57,64,94,0.85,1
2026-09-27T04:38:58,65,96,0.88,1
2026-09-27T04:38:59,61,96,0.91,1
2026-09-27T04:39:00,63,94,0.91,1
2026-09-27T04:39:01,60,95,0.90,1
2026-09-27T04:39:02,60,97,0.88,1
2026-09-27T04:39:03,66,95,0.91,1
2026-09-27T04:39:04,61,94,0.85,1
2026-09-27T04:39:05,65,94,0.89,1
2026-09-27T04:39:06,64,94,0.92,1
2026-09-27T04:39:07,60,96,0.93,1
2026-09-27T04:39:08,60,94,0.94,1
2026-09-27T04:39:09,66,95,0.89,1
2026-09-27T04:39:10,60,97,0.85,1
2026-09-27T04:39:11,65,96,0.92,1
2026-09-27T04:39:12,60,97,0.85,1
2026-09-27T04:39:13,62,97,0.87,1
2026-09-27T04:39:14,60,95,0.90,1
2026-09-27T04:39:15,64,97,0.86,1
2026-09-27T04:39:16,60,95,0.93,1
2026-09-27T04:39:17,63,94,0.87,1
2026-09-27T04:39:18,66,95,0.87,1
2026-09-27T04:39:19,64,97,0.90,1
2026-09-27T04:39:20,65,96,0.91,1
2026-09-27T04:39:21,62,94,0.91,1
2026-09-27T04:39:22,61,97,0.93,1
2026-09-27T04:39:23,66,95,0.90,1
2026-09-27T04:39:24,65,96,0.87,1
2026-09-27T04:39:25,64,97,0.93,1
2026-09-27T04:39:26,64,97,0.86,1
2026-09-27T04:39:27,61,97,0.94,1
2026-09-27T04:39:28,62,95,0.85,1
2026-09-27T04:39:29,64,94,0.93,1
2026-09-27T04:39:30,65,95,0.88,1
2026-09-27T04:39:31,64,94,0.90,1
2026-09-27T04:39:32,61,96,0.90,1
2026-09-27T04:39:33,63,94,0.93,1
2026-09-27T04:39:34,61,97,0.86,1
2026-09-27T04:39:35,66,94,0.92,1
2026-09-27T04:39:36,60,96,0.90,1
2026-09-27T04:39:37,65,95,0.91,1
2026-09-27T04:39:38,63,97,0.90,1
2026-09-27T04:39:39,62,96,0.93,1
2026-09-27T04:39:40,63,96,0.91,1
2026-09-27T04:39:41,64,96,0.93,1
2026-09-27T04:39:42,65,96,0.93,1
2026-09-27T04:39:43,62,95,0.86,1
2026-09-27T04:39:44,66,94,0.87,1
2026-09-27T04:39:45,64,94,0.86,1
2026-09-27T04:39:46,60,96,0.93,1
2026-09-27T04:39:47,62,94,0.87,1
2026-09-27T04:39:48,61,94,0.86,1
2026-09-27T04:39:49,65,97,0.92,1
2026-09-27T04:39:50,64,95,0.92,1
2026-09-27T04:39:51,61,96,0.90,1
2026-09-27T04:39:52,65,96,0.88,1
2026-09-27T04:39:53,66,96,0.93,1
2026-09-27T04:39:54,63,97,0.94,1
2026-09-27T04:39:55,63,96,0.92,1
2026-09-27T04:39:56,66,95,0.90,1
2026-09-27T04:39:57,60,94,0.94,1
2026-09-27T04:39:58,64,94,0.95,1
2026-09-27T04:39:59,66,94,0.92,1
2026-09-27T04:40:00,61,94,0.91,1
2026-09-27T04:40:01,62,97,0.92,1
2026-09-27T04:40:02,61,96,0.85,1
2026-09-27T04:40:03,64,95,0.90,1
2026-09-27T04:40:04,66,94,0.90,1
2026-09-27T04:40:05,65,94,0.90,1
2026-09-27T04:40:06,61,94,0.95,1
2026-09-27T04:40:07,65,95,0.90,1
2026-09-27T04:40:08,63,95,0.94,1
2026-09-27T04:40:09,65,95,0.90,1
2026-09-27T04:40:10,65,96,0.88,1
2026-09-27T04:40:11,63,95,0.90,1
2026-09-27T04:40:12,61,96,0.87,1
2026-09-27T04:40:13,66,95,0.92,1
2026-09-27T04:40:14,65,96,0.93,1
2026-09-27T04:40:15,66,95,0.86,1
2026-09-27T04:40:16,66,95,0.93,1
2026-09-27T04:40:17,61,95,0.94,1
2026-09-27T04:40:18,65,97,0.91,1
2026-09-27T04:40:19,62,97,0.88,1
2026-09-27T04:40:20,64,96,0.87,1
2026-09-27T04:40:21,62,95,0.87,1
2026-09-27T04:40:22,61,96,0.93,1
2026-09-27T04:40:23,65,94,0.95,1
2026-09-27T04:40:24,62,94,0.94,1
2026-09-27T04:40:25,63,95,0.94,1
2026-09-27T04:40:26,66,94,0.88,1
2026-09-27T04:40:27,62,94,0.93,1
2026-09-27T04:40:28,63,95,0.92,1
2026-09-27T04:40:29,64,97,0.92,1
2026-09-27T04:40:30,60,95,0.95,1
2026-09-27T04:40:31,65,95,0.90,1
2026-09-27T04:40:32,61,97,0.90,1
2026-09-27T04:40:33,65,95,0.91,1
2026-09-27T04:40:34,65,96,0.90,1
2026-09-27T04:40:35,60,96,0.93,1
2026-09-27T04:40:36,62,94,0.91,1
2026-09-27T04:40:37,60,95,0.87,1
2026-09-27T04:40:38,60,97,0.87,1
2026-09-27T04:40:39,61,97,0.92,1
2026-09-27T04:40:40,61,97,0.89,1
2026-09-27T04:40:41,61,94,0.92,1
2026-09-27T04:40:42,62,96,0.88,1
2026-09-27T04:40:43,61,94,0.90,1
2026-09-27T04:40:44,61,96,0.87,1
2026-09-27T04:40:45,64,95,0.89,1
2026-09-27T04:40:46,62,95,0.86,1
2026-09-27T04:40:47,62,95,0.90,1
2026-09-27T04:40:48,65,95,0.90,1
2026-09-27T04:40:49,64,95,0.91,1
2026-09-27T04:40:50,60,96,0.88,1
2026-09-27T04:40:51,65,96,0.88,1
2026-09-27T04:40:52,66,95,0.94,1
2026-09-27T04:40:53,63,94,0.95,1
2026-09-27T04:40:54,60,96,0.93,1
2026-09-27T04:40:55,62,97,0.86,1
2026-09-27T04:40:56,62,94,0.90,1
2026-09-27T04:40:57,63,94,0.93,1
2026-09-27T04:40:58,62,96,0.89,1
2026-09-27T04:40:59,63,96,0.94,1
2026-09-27T04:41:00,66,96,0.93,1
2026-09-27T04:41:01,62,96,0.90,1
2026-09-27T04:41:02,61,95,0.86,1
2026-09-27T04:41:03,64,94,0.88,1
2026-09-27T04:41:04,61,95,0.86,1
2026-09-27T04:41:05,62,94,0.91,1
2026-09-27T04:41:06,60,94,0.95,1
2026-09-27T04:41:07,62,97,0.92,1
2026-09-27T04:41:08,63,97,0.93,1
2026-09-27T04:41:09,60,95,0.93,1
2026-09-27T04:41:10,61,94,0.87,1
2026-09-27T04:41:11,64,96,0.94,1
2026-09-27T04:41:12,63,96,0.85,1
2026-09-27T04:41:13,61,94,0.92,1
2026-09-27T04:41:14,65,94,0.86,1
2026-09-27T04:41:15,62,97,0.85,1
2026-09-27T04:41:16,63,94,0.90,1
2026-09-27T04:41:17,62,94,0.92,1
2026-09-27T04:41:18,65,95,0.87,1
2026-09-27T04:41:19,60,97,0.86,1
2026-09-27T04:41:20,62,95,0.91,1
2026-09-27T04:41:21,65,96,0.93,1
2026-09-27T04:41:22,60,95,0.87,1
2026-09-27T04:41:23,66,96,0.90,1
2026-09-27T04:41:24,60,96,0.90,1
2026-09-27T04:41:25,60,94,0.85,1
2026-09-27T04:41:26,62,96,0.86,1
2026-09-27T04:41:27,61,96,0.90,1
2026-09-27T04:41:28,66,97,0.86,1
2026-09-27T04:41:29,62,97,0.91,1
2026-09-27T04:41:30,66,95,0.88,1
2026-09-27T04:41:31,60,94,0.87,1
2026-09-27T04:41:32,62,97,0.92,1
2026-09-27T04:41:33,61,96,0.89,1
2026-09-27T04:41:34,62,94,0.94,1
2026-09-27T04:41:35,60,96,0.91,1
2026-09-27T04:41:36,66,95,0.89,1
2026-09-27T04:41:37,65,95,0.88,1
2026-09-27T04:41:38,65,94,0.92,1
2026-09-27T04:41:39,61,96,0.87,1
2026-09-27T04:41:40,66,95,0.92,1
2026-09-27T04:41:41,60,97,0.86,1
2026-09-27T04:41:42,63,96,0.92,1
2026-09-27T04:41:43,65,95,0.87,1
2026-09-27T04:41:44,66,94,0.87,1
2026-09-27T04:41:45,62,95,0.86,1
2026-09-27T04:41:46,64,95,0.87,1
2026-09-27T04:41:47,64,96,0.95,1
2026-09-27T04:41:48,62,94,0.89,1
2026-09-27T04:41:49,64,95,0.88,1
2026-09-27T04:41:50,60,94,0.91,1
2026-09-27T04:41:51,63,94,0.88,1
2026-09-27T04:41:52,66,94,0.92,1
2026-09-27T04:41:53,65,96,0.91,1
2026-09-27T04:41:54,61,95,0.93,1
2026-09-27T04:41:55,62,94,0.95,1
2026-09-27T04:41:56,64,95,0.91,1
2026-09-27T04:41:57,65,97,0.95,1
2026-09-27T04:41:58,63,96,0.93,1
2026-09-27T04:41:59,60,94,0.95,1
2026-09-27T04:42:00,64,96,0.90,1
2026-09-27T04:42:01,63,94,0.92,1
2026-09-27T04:42:02,61,95,0.88,1
2026-09-27T04:42:03,61,94,0.86,1
2026-09-27T04:42:04,66,95,0.91,1
2026-09-27T04:42:05,62,94,0.90,1
2026-09-27T04:42:06,64,94,0.94,1
2026-09-27T04:42:07,65,96,0.93,1
2026-09-27T04:42:08,64,96,0.87,1
2026-09-27T04:42:09,65,96,0.95,1
2026-09-27T04:42:10,62,96,0.92,1
2026-09-27T04:42:11,61,96,0.90,1
2026-09-27T04:42:12,66,95,0.91,1
2026-09-27T04:42:13,66,95,0.85,1
2026-09-27T04:42:14,61,94,0.87,1
2026-09-27T04:42:15,66,95,0.95,1
2026-09-27T04:42:16,62,95,0.86,1
2026-09-27T04:42:17,60,97,0.85,1
2026-09-27T04:42:18,62,97,0.85,1
2026-09-27T04:42:19,63,94,0.86,1
2026-09-27T04:42:20,61,95,0.93,1
2026-09-27T04:42:21,66,94,0.93,1
2026-09-27T04:42:22,65,94,0.88,1
2026-09-27T04:42:23,60,94,0.86,1
2026-09-27T04:42:24,63,95,0.85,1
2026-09-27T04:42:25,63,94,0.87,1
2026-09-27T04:42:26,65,97,0.86,1
2026-09-27T04:42:27,65,96,0.94,1
2026-09-27T04:42:28,64,96,0.89,1
2026-09-27T04:42:29,64,95,0.92,1
2026-09-27T04:42:30,61,97,0.91,1
2026-09-27T04:42:31,63,97,0.89,1
2026-09-27T04:42:32,60,94,0.90,1
2026-09-27T04:42:33,64,96,0.90,1
2026-09-27T04:42:34,62,94,0.90,1
2026-09-27T04:42:35,61,94,0.86,1
2026-09-27T04:42:36,62,95,0.86,1
2026-09-27T04:42:37,65,96,0.94,1
2026-09-27T04:42:38,64,96,0.91,1
2026-09-27T04:42:39,62,95,0.94,1
2026-09-27T04:42:40,66,97,0.86,1
2026-09-27T04:42:41,65,96,0.90,1
2026-09-27T04:42:42,65,97,0.93,1
2026-09-27T04:42:43,63,94,0.89,1
2026-09-27T04:42:44,60,95,0.85,1
2026-09-27T04:42:45,65,96,0.94,1
2026-09-27T04:42:46,62,95,0.89,1
2026-09-27T04:42:47,63,97,0.88,1
2026-09-27T04:42:48,64,96,0.90,1
2026-09-27T04:42:49,61,96,0.88,1
2026-09-27T04:42:50,60,96,0.89,1
2026-09-27T04:42:51,66,96,0.93,1
2026-09-27T04:42:52,66,95,0.89,1
2026-09-27T04:42:53,63,97,0.93,1
2026-09-27T04:42:54,62,94,0.92,1
2026-09-27T04:42:55,65,97,0.87,1
2026-09-27T04:42:56,66,97,0.88,1
2026-09-27T04:42:57,62,96,0.90,1
2026-09-27T04:42:58,60,94,0.91,1
2026-09-27T04:42:59,66,95,0.94,1
2026-09-27T04:43:00,66,94,0.88,1
2026-09-27T04:43:01,61,95,0.94,1
2026-09-27T04:43:02,66,95,0.87,1
2026-09-27T04:43:03,64,96,0.94,1
2026-09-27T04:43:04,64,95,0.87,1
2026-09-27T04:43:05,66,94,0.88,1
2026-09-27T04:43:06,62,97,0.87,1
2026-09-27T04:43:07,62,97,0.87,1
2026-09-27T04:43:08,63,97,0.85,1
2026-09-27T04:43:09,66,95,0.92,1
2026-09-27T04:43:10,60,94,0.91,1
2026-09-27T04:43:11,66,96,0.86,1
2026-09-27T04:43:12,62,96,0.91,1
2026-09-27T04:43:13,64,96,0.85,1
2026-09-27T04:43:14,66,94,0.93,1
2026-09-27T04:43:15,60,95,0.92,1
2026-09-27T04:43:16,63,97,0.91,1
2026-09-27T04:43:17,66,94,0.89,1
2026-09-27T04:43:18,61,96,0.95,1
2026-09-27T04:43:19,65,97,0.94,1
2026-09-27T04:43:20,62,94,0.92,1
2026-09-27T04:43:21,64,96,0.86,1
2026-09-27T04:43:22,63,97,0.93,1
2026-09-27T04:43:23,66,96,0.90,1
2026-09-27T04:43:24,64,96,0.91,1
2026-09-27T04:43:25,64,95,0.87,1
2026-09-27T04:43:26,61,95,0.95,1
2026-09-27T04:43:27,66,97,0.92,1
2026-09-27T04:43:28,61,95,0.85,1
2026-09-27T04:43:29,64,97,0.90,1
2026-09-27T04:43:30,62,94,0.91,1
2026-09-27T04:43:31,60,95,0.85,1
2026-09-27T04:43:32,65,94,0.94,1
2026-09-27T04:43:33,65,94,0.89,1
2026-09-27T04:43:34,61,94,0.89,1
2026-09-27T04:43:35,63,95,0.85,1
2026-09-27T04:43:36,65,94,0.88,1
2026-09-27T04:43:37,66,95,0.87,1
2026-09-27T04:43:38,66,96,0.95,1
2026-09-27T04:43:39,63,95,0.91,1
2026-09-27T04:43:40,62,95,0.89,1
2026-09-27T04:43:41,65,97,0.89,1
2026-09-27T04:43:42,65,94,0.90,1
2026-09-27T04:43:43,62,97,0.89,1
2026-09-27T04:43:44,62,94,0.85,1
2026-09-27T04:43:45,65,94,0.87,1
2026-09-27T04:43:46,64,95,0.91,1
2026-09-27T04:43:47,61,95,0.88,1
2026-09-27T04:43:48,63,94,0.87,1
2026-09-27T04:43:49,66,95,0.92,1
2026-09-27T04:43:50,63,97,0.88,1
2026-09-27T04:43:51,64,97,0.85,1
2026-09-27T04:43:52,65,94,0.95,1
2026-09-27T04:43:53,63,97,0.94,1
2026-09-27T04:43:54,65,96,0.93,1
2026-09-27T04:43:55,61,97,0.87,1
2026-09-27T04:43:56,64,97,0.87,1
2026-09-27T04:43:57,65,95,0.94,1
2026-09-27T04:43:58,62,95,0.94,1
2026-09-27T04:43:59,64,95,0.86,1
2026-09-27T04:44:00,62,95,0.89,1
2026-09-27T04:44:01,64,95,0.92,1
2026-09-27T04:44:02,60,96,0.93,1
2026-09-27T04:44:03,66,97,0.94,1
2026-09-27T04:44:04,62,96,0.88,1
2026-09-27T04:44:05,61,96,0.87,1
2026-09-27T04:44:06,62,96,0.93,1
2026-09-27T04:44:07,61,96,0.93,1
2026-09-27T04:44:08,64,96,0.91,1
2026-09-27T04:44:09,60,94,0.89,1
2026-09-27T04:44:10,64,97,0.93,1
2026-09-27T04:44:11,65,95,0.85,1
2026-09-27T04:44:12,66,94,0.93,1
2026-09-27T04:44:13,61,96,0.93,1
2026-09-27T04:44:14,66,97,0.93,1
2026-09-27T04:44:15,64,95,0.95,1
2026-09-27T04:44:16,60,94,0.92,1
2026-09-27T04:44:17,65,97,0.87,1
2026-09-27T04:44:18,63,95,0.87,1
2026-09-27T04:44:19,66,96,0.93,1
2026-09-27T04:44:20,60,96,0.85,1
2026-09-27T04:44:21,66,97,0.91,1
2026-09-27T04:44:22,61,95,0.88,1
2026-09-27T04:44:23,66,97,0.94,1
2026-09-27T04:44:24,63,96,0.94,1
2026-09-27T04:44:25,64,95,0.92,1
2026-09-27T04:44:26,61,96,0.91,1
2026-09-27T04:44:27,63,94,0.90,1
2026-09-27T04:44:28,60,95,0.85,1
2026-09-27T04:44:29,60,94,0.92,1
2026-09-27T04:44:30,64,96,0.86,1
2026-09-27T04:44:31,64,94,0.92,1
2026-09-27T04:44:32,63,97,0.92,1
2026-09-27T04:44:33,62,97,0.89,1
2026-09-27T04:44:34,60,94,0.94,1
2026-09-27T04:44:35,64,94,0.90,1
2026-09-27T04:44:36,61,97,0.92,1
2026-09-27T04:44:37,66,94,0.94,1
2026-09-27T04:44:38,61,95,0.89,1
2026-09-27T04:44:39,61,95,0.86,1
2026-09-27T04:44:40,61,95,0.88,1
2026-09-27T04:44:41,62,94,0.94,1
2026-09-27T04:44:42,63,96,0.89,1
2026-09-27T04:44:43,64,95,0.91,1
2026-09-27T04:44:44,65,94,0.92,1
2026-09-27T04:44:45,60,96,0.89,1
2026-09-27T04:44:46,61,96,0.87,1
2026-09-27T04:44:47,60,96,0.88,1
2026-09-27T04:44:48,60,94,0.91,1
2026-09-27T04:44:49,65,95,0.93,1
2026-09-27T04:44:50,65,97,0.92,1
2026-09-27T04:44:51,60,95,0.91,1
2026-09-27T04:44:52,64,95,0.88,1
2026-09-27T04:44:53,63,94,0.88,1
2026-09-27T04:44:54,61,95,0.92,1
2026-09-27T04:44:55,65,94,0.87,1
2026-09-27T04:44:56,66,95,0.95,1
2026-09-27T04:44:57,63,94,0.87,1
2026-09-27T04:44:58,60,94,0.91,1
2026-09-27T04:44:59,62,94,0.88,1
2026-09-27T04:45:00,63,94,0.87,1
2026-09-27T04:45:01,62,97,0.85,1
2026-09-27T04:45:02,64,97,0.95,1
2026-09-27T04:45:03,60,95,0.87,1
2026-09-27T04:45:04,60,95,0.87,1
2026-09-27T04:45:05,65,94,0.93,1
2026-09-27T04:45:06,60,94,0.94,1
2026-09-27T04:45:07,64,96,0.92,1
2026-09-27T04:45:08,64,96,0.90,1
2026-09-27T04:45:09,63,94,0.91,1
2026-09-27T04:45:10,62,97,0.90,1
2026-09-27T04:45:11,65,97,0.93,1
2026-09-27T04:45:12,63,96,0.93,1
2026-09-27T04:45:13,65,95,0.91,1
2026-09-27T04:45:14,62,95,0.94,1
2026-09-27T04:45:15,65,94,0.94,1
2026-09-27T04:45:16,65,95,0.89,1
2026-09-27T04:45:17,66,95,0.91,1
2026-09-27T04:45:18,63,94,0.85,1
2026-09-27T04:45:19,63,95,0.88,1
2026-09-27T04:45:20,60,95,0.95,1
2026-09-27T04:45:21,60,96,0.94,1
2026-09-27T04:45:22,61,96,0.86,1
2026-09-27T04:45:23,66,95,0.92,1
2026-09-27T04:45:24,64,94,0.86,1
2026-09-27T04:45:25,62,97,0.92,1
2026-09-27T04:45:26,61,95,0.85,1
2026-09-27T04:45:27,62,96,0.86,1
2026-09-27T04:45:28,65,96,0.85,1
2026-09-27T04:45:29,61,97,0.89,1
2026-09-27T04:45:30,65,97,0.94,1
2026-09-27T04:45:31,66,97,0.87,1
2026-09-27T04:45:32,65,95,0.89,1
2026-09-27T04:45:33,65,94,0.89,1
2026-09-27T04:45:34,61,95,0.89,1
2026-09-27T04:45:35,65,97,0.95,1
2026-09-27T04:45:36,65,94,0.88,1
2026-09-27T04:45:37,62,96,0.85,1
2026-09-27T04:45:38,62,96,0.94,1
2026-09-27T04:45:39,65,94,0.89,1
2026-09-27T04:45:40,65,94,0.92,1
2026-09-27T04:45:41,60,95,0.91,1
2026-09-27T04:45:42,61,94,0.94,1
2026-09-27T04:45:43,63,95,0.93,1
2026-09-27T04:45:44,64,94,0.87,1
2026-09-27T04:45:45,61,97,0.89,1
2026-09-27T04:45:46,64,97,0.86,1
2026-09-27T04:45:47,66,95,0.89,1
2026-09-27T04:45:48,62,97,0.87,1
2026-09-27T04:45:49,66,96,0.92,1
2026-09-27T04:45:50,63,94,0.90,1
2026-09-27T04:45:51,66,97,0.86,1
2026-09-27T04:45:52,61,97,0.87,1
2026-09-27T04:45:53,60,96,0.93,1
2026-09-27T04:45:54,61,96,0.91,1
2026-09-27T04:45:55,61,97,0.90,1
2026-09-27T04:45:56,62,97,0.94,1
2026-09-27T04:45:57,61,95,0.91,1
2026-09-27T04:45:58,66,97,0.95,1
2026-09-27T04:45:59,63,95,0.90,1
2026-09-27T04:46:00,61,94,0.87,1
2026-09-27T04:46:01,62,95,0.85,1
2026-09-27T04:46:02,62,94,0.89,1
2026-09-27T04:46:03,66,94,0.94,1
2026-09-27T04:46:04,61,96,0.86,1
2026-09-27T04:46:05,64,94,0.95,1
2026-09-27T04:46:06,62,95,0.94,1
2026-09-27T04:46:07,60,95,0.85,1
2026-09-27T04:46:08,65,94,0.88,1
2026-09-27T04:46:09,66,97,0.88,1
2026-09-27T04:46:10,63,95,0.95,1
2026-09-27T04:46:11,65,94,0.91,1
2026-09-27T04:46:12,63,97,0.92,1
2026-09-27T04:46:13,65,96,0.86,1
2026-09-27T04:46:14,66,95,0.91,1
2026-09-27T04:46:15,61,97,0.90,1
2026-09-27T04:46:16,64,94,0.91,1
2026-09-27T04:46:17,61,95,0.91,1
2026-09-27T04:46:18,63,94,0.91,1
2026-09-27T04:46:19,64,95,0.90,1
2026-09-27T04:46:20,66,95,0.86,1
2026-09-27T04:46:21,64,97,0.88,1
2026-09-27T04:46:22,63,96,0.86,1
2026-09-27T04:46:23,61,95,0.94,1
2026-09-27T04:46:24,61,97,0.89,1
2026-09-27T04:46:25,66,95,0.94,1
2026-09-27T04:46:26,66,94,0.92,1
2026-09-27T04:46:27,65,96,0.93,1
2026-09-27T04:46:28,64,94,0.87,1
2026-09-27T04:46:29,63,96,0.94,1
2026-09-27T04:46:30,61,97,0.95,1
2026-09-27T04:46:31,61,94,0.89,1
2026-09-27T04:46:32,63,95,0.88,1
2026-09-27T04:46:33,66,96,0.89,1
2026-09-27T04:46:34,62,95,0.90,1
2026-09-27T04:46:35,66,94,0.88,1
2026-09-27T04:46:36,63,94,0.93,1
2026-09-27T04:46:37,63,96,0.90,1
2026-09-27T04:46:38,60,94,0.92,1
2026-09-27T04:46:39,65,97,0.85,1
2026-09-27T04:46:40,65,94,0.85,1
2026-09-27T04:46:41,64,96,0.93,1
2026-09-27T04:46:42,64,94,0.93,1
2026-09-27T04:46:43,63,95,0.92,1
2026-09-27T04:46:44,62,97,0.89,1
2026-09-27T04:46:45,64,94,0.88,1
2026-09-27T04:46:46,60,96,0.88,1
2026-09-27T04:46:47,64,94,0.86,1
2026-09-27T04:46:48,62,97,0.90,1
2026-09-27T04:46:49,66,97,0.93,1
2026-09-27T04:46:50,65,94,0.86,1
2026-09-27T04:46:51,66,97,0.87,1
2026-09-27T04:46:52,63,96,0.90,1
2026-09-27T04:46:53,60,97,0.93,1
2026-09-27T04:46:54,62,96,0.86,1
2026-09-27T04:46:55,60,97,0.94,1
2026-09-27T04:46:56,61,96,0.94,1
2026-09-27T04:46:57,60,97,0.86,1
2026-09-27T04:46:58,64,97,0.88,1
2026-09-27T04:46:59,62,96,0.90,1
2026-09-27T04:47:00,65,96,0.88,1
2026-09-27T04:47:01,65,97,0.91,1
2026-09-27T04:47:02,61,95,0.94,1
2026-09-27T04:47:03,60,96,0.93,1
2026-09-27T04:47:04,62,94,0.91,1
2026-09-27T04:47:05,61,97,0.86,1
2026-09-27T04:47:06,62,94,0.93,1
2026-09-27T04:47:07,62,94,0.94,1
2026-09-27T04:47:08,61,94,0.88,1
2026-09-27T04:47:09,63,95,0.89,1
2026-09-27T04:47:10,62,97,0.89,1
2026-09-27T04:47:11,63,96,0.91,1
2026-09-27T04:47:12,63,94,0.92,1
2026-09-27T04:47:13,62,96,0.89,1
2026-09-27T04:47:14,66,94,0.92,1
2026-09-27T04:47:15,61,95,0.90,1
2026-09-27T04:47:16,60,96,0.90,1
2026-09-27T04:47:17,61,97,0.92,1
2026-09-27T04:47:18,66,96,0.85,1
2026-09-27T04:47:19,61,95,0.86,1
2026-09-27T04:47:20,66,96,0.87,1
2026-09-27T04:47:21,62,95,0.92,1
2026-09-27T04:47:22,66,96,0.93,1
2026-09-27T04:47:23,66,95,0.92,1
2026-09-27T04:47:24,65,96,0.89,1
2026-09-27T04:47:25,60,97,0.87,1
2026-09-27T04:47:26,63,95,0.89,1
2026-09-27T04:47:27,61,95,0.93,1
2026-09-27T04:47:28,61,96,0.92,1
2026-09-27T04:47:29,61,94,0.86,1
2026-09-27T04:47:30,62,95,0.85,1
2026-09-27T04:47:31,62,95,0.88,1
2026-09-27T04:47:32,63,95,0.86,1
2026-09-27T04:47:33,65,95,0.93,1
2026-09-27T04:47:34,66,96,0.93,1
2026-09-27T04:47:35,61,94,0.93,1
2026-09-27T04:47:36,60,96,0.93,1
2026-09-27T04:47:37,66,96,0.88,1
2026-09-27T04:47:38,62,97,0.91,1
2026-09-27T04:47:39,61,95,0.89,1
2026-09-27T04:47:40,61,97,0.91,1
2026-09-27T04:47:41,60,96,0.94,1
2026-09-27T04:47:42,63,96,0.85,1
2026-09-27T04:47:43,63,95,0.90,1
2026-09-27T04:47:44,60,95,0.92,1
2026-09-27T04:47:45,60,97,0.92,1
2026-09-27T04:47:46,60,96,0.90,1
2026-09-27T04:47:47,63,95,0.88,1
2026-09-27T04:47:48,60,97,0.86,1
2026-09-27T04:47:49,63,97,0.92,1
2026-09-27T04:47:50,64,94,0.89,1
2026-09-27T04:47:51,61,94,0.92,1
2026-09-27T04:47:52,61,96,0.87,1
2026-09-27T04:47:53,63,95,0.90,1
2026-09-27T04:47:54,62,94,0.89,1
2026-09-27T04:47:55,63,96,0.86,1
2026-09-27T04:47:56,60,94,0.90,1
2026-09-27T04:47:57,63,97,0.95,1
2026-09-27T04:47:58,61,95,0.91,1
2026-09-27T04:47:59,61,97,0.89,1
2026-09-27T04:48:00,64,95,0.91,1
2026-09-27T04:48:01,64,97,0.94,1
2026-09-27T04:48:02,65,94,0.85,1
2026-09-27T04:48:03,65,94,0.89,1
2026-09-27T04:48:04,61,95,0.92,1
2026-09-27T04:48:05,64,95,0.86,1
2026-09-27T04:48:06,60,96,0.92,1
2026-09-27T04:48:07,63,96,0.95,1
2026-09-27T04:48:08,60,95,0.88,1
2026-09-27T04:48:09,64,97,0.94,1
2026-09-27T04:48:10,61,96,0.91,1
2026-09-27T04:48:11,60,97,0.93,1
2026-09-27T04:48:12,63,97,0.86,1
2026-09-27T04:48:13,65,97,0.93,1
2026-09-27T04:48:14,60,96,0.91,1
2026-09-27T04:48:15,65,97,0.88,1
2026-09-27T04:48:16,65,97,0.86,1
2026-09-27T04:48:17,63,95,0.91,1
2026-09-27T04:48:18,63,97,0.93,1
2026-09-27T04:48:19,61,97,0.93,1
2026-09-27T04:48:20,60,94,0.91,1
2026-09-27T04:48:21,62,95,0.90,1
2026-09-27T04:48:22,64,94,0.87,1
2026-09-27T04:48:23,61,94,0.92,1
2026-09-27T04:48:24,60,94,0.93,1
2026-09-27T04:48:25,65,96,0.93,1
2026-09-27T04:48:26,64,96,0.87,1
2026-09-27T04:48:27,66,95,0.87,1
2026-09-27T04:48:28,61,97,0.94,1
2026-09-27T04:48:29,61,95,0.93,1
2026-09-27T04:48:30,66,97,0.88,1
2026-09-27T04:48:31,64,95,0.87,1
2026-09-27T04:48:32,60,95,0.95,1
2026-09-27T04:48:33,60,95,0.88,1
2026-09-27T04:48:34,66,96,0.89,1
2026-09-27T04:48:35,62,96,0.88,1
2026-09-27T04:48:36,61,97,0.94,1
2026-09-27T04:48:37,60,94,0.88,1
2026-09-27T04:48:38,65,95,0.85,1
2026-09-27T04:48:39,60,97,0.89,1
2026-09-27T04:48:40,62,97,0.87,1
2026-09-27T04:48:41,62,96,0.87,1
2026-09-27T04:48:42,61,96,0.92,1
2026-09-27T04:48:43,66,95,0.95,1
2026-09-27T04:48:44,64,96,0.85,1
2026-09-27T04:48:45,65,95,0.87,1
2026-09-27T04:48:46,61,97,0.89,1
2026-09-27T04:48:47,60,95,0.89,1
2026-09-27T04:48:48,64,94,0.87,1
2026-09-27T04:48:49,64,97,0.93,1
2026-09-27T04:48:50,60,96,0.86,1
2026-09-27T04:48:51,62,95,0.89,1
2026-09-27T04:48:52,62,94,0.94,1
2026-09-27T04:48:53,66,96,0.90,1
2026-09-27T04:48:54,60,95,0.88,1
2026-09-27T04:48:55,64,95,0.94,1
2026-09-27T04:48:56,65,94,0.88,1
2026-09-27T04:48:57,63,95,0.94,1
2026-09-27T04:48:58,65,96,0.91,1
2026-09-27T04:48:59,61,95,0.90,1
2026-09-27T04:49:00,66,97,0.85,1
2026-09-27T04:49:01,62,96,0.86,1
2026-09-27T04:49:02,62,94,0.86,1
2026-09-27T04:49:03,64,95,0.92,1
2026-09-27T04:49:04,60,94,0.92,1
2026-09-27T04:49:05,64,97,0.89,1
2026-09-27T04:49:06,65,95,0.87,1
2026-09-27T04:49:07,65,96,0.91,1
2026-09-27T04:49:08,64,94,0.87,1
2026-09-27T04:49:09,65,95,0.85,1
2026-09-27T04:49:10,65,97,0.90,1
2026-09-27T04:49:11,62,96,0.92,1
2026-09-27T04:49:12,61,97,0.90,1
2026-09-27T04:49:13,65,94,0.93,1
2026-09-27T04:49:14,65,95,0.93,1
2026-09-27T04:49:15,64,97,0.88,1
2026-09-27T04:49:16,61,97,0.89,1
2026-09-27T04:49:17,66,95,0.86,1
2026-09-27T04:49:18,61,96,0.90,1
2026-09-27T04:49:19,61,96,0.92,1
2026-09-27T04:49:20,62,95,0.93,1
2026-09-27T04:49:21,60,96,0.90,1
2026-09-27T04:49:22,63,95,0.85,1
2026-09-27T04:49:23,60,95,0.85,1
2026-09-27T04:49:24,63,96,0.86,1
2026-09-27T04:49:25,65,96,0.92,1
2026-09-27T04:49:26,66,95,0.90,1
2026-09-27T04:49:27,65,95,0.94,1
2026-09-27T04:49:28,64,97,0.95,1
2026-09-27T04:49:29,60,97,0.86,1
2026-09-27T04:49:30,60,97,0.92,1
2026-09-27T04:49:31,60,96,0.92,1
2026-09-27T04:49:32,61,97,0.87,1
2026-09-27T04:49:33,64,94,0.89,1
2026-09-27T04:49:34,61,95,0.91,1
2026-09-27T04:49:35,61,96,0.91,1
2026-09-27T04:49:36,63,94,0.88,1
2026-09-27T04:49:37,62,96,0.88,1
2026-09-27T04:49:38,62,96,0.94,1
2026-09-27T04:49:39,64,94,0.89,1
2026-09-27T04:49:40,64,94,0.92,1
2026-09-27T04:49:41,65,95,0.86,1
2026-09-27T04:49:42,61,94,0.88,1
2026-09-27T04:49:43,64,94,0.87,1
2026-09-27T04:49:44,64,96,0.88,1
2026-09-27T04:49:45,64,94,0.88,1
2026-09-27T04:49:46,62,97,0.90,1
2026-09-27T04:49:47,61,97,0.86,1
2026-09-27T04:49:48,60,96,0.87,1
2026-09-27T04:49:49,64,94,0.95,1
2026-09-27T04:49:50,62,96,0.90,1
2026-09-27T04:49:51,60,96,0.93,1
2026-09-27T04:49:52,66,96,0.88,1
2026-09-27T04:49:53,61,94,0.90,1
2026-09-27T04:49:54,62,97,0.91,1
2026-09-27T04:49:55,61,97,0.94,1
2026-09-27T04:49:56,64,97,0.92,1
2026-09-27T04:49:57,60,97,0.94,1
2026-09-27T04:49:58,65,95,0.91,1
2026-09-27T04:49:59,60,97,0.90,1
2026-09-27T04:50:00,61,94,0.89,1
2026-09-27T04:50:01,63,94,0.85,1
2026-09-27T04:50:02,65,97,0.89,1
2026-09-27T04:50:03,65,94,0.92,1
2026-09-27T04:50:04,65,97,0.94,1
2026-09-27T04:50:05,63,97,0.86,1
2026-09-27T04:50:06,62,94,0.92,1
2026-09-27T04:50:07,66,96,0.92,1
2026-09-27T04:50:08,66,96,0.90,1
2026-09-27T04:50:09,66,96,0.88,1
2026-09-27T04:50:10,64,97,0.87,1
2026-09-27T04:50:11,62,95,0.94,1
2026-09-27T04:50:12,60,94,0.91,1
2026-09-27T04:50:13,64,97,0.86,1
2026-09-27T04:50:14,60,97,0.91,1
2026-09-27T04:50:15,61,96,0.92,1
2026-09-27T04:50:16,60,96,0.93,1
2026-09-27T04:50:17,63,94,0.94,1
2026-09-27T04:50:18,64,94,0.88,1
2026-09-27T04:50:19,65,95,0.86,1
2026-09-27T04:50:20,62,94,0.90,1
2026-09-27T04:50:21,65,95,0.94,1
2026-09-27T04:50:22,64,95,0.86,1
2026-09-27T04:50:23,61,97,0.91,1
2026-09-27T04:50:24,66,95,0.90,1
2026-09-27T04:50:25,64,94,0.93,1
2026-09-27T04:50:26,65,97,0.90,1
2026-09-27T04:50:27,60,94,0.88,1
2026-09-27T04:50:28,63,94,0.92,1
2026-09-27T04:50:29,61,96,0.89,1
2026-09-27T04:50:30,61,97,0.91,1
2026-09-27T04:50:31,62,95,0.89,1
2026-09-27T04:50:32,64,94,0.87,1
2026-09-27T04:50:33,64,96,0.91,1
2026-09-27T04:50:34,65,94,0.91,1
2026-09-27T04:50:35,65,95,0.91,1
2026-09-27T04:50:36,65,94,0.89,1
2026-09-27T04:50:37,65,95,0.88,1
2026-09-27T04:50:38,60,94,0.92,1
2026-09-27T04:50:39,62,94,0.94,1
2026-09-27T04:50:40,66,97,0.85,1
2026-09-27T04:50:41,61,97,0.86,1
2026-09-27T04:50:42,65,96,0.91,1
2026-09-27T04:50:43,60,94,0.87,1
2026-09-27T04:50:44,62,94,0.92,1
2026-09-27T04:50:45,61,96,0.93,1
2026-09-27T04:50:46,65,96,0.91,1
2026-09-27T04:50:47,62,96,0.95,1
2026-09-27T04:50:48,62,96,0.93,1
2026-09-27T04:50:49,60,95,0.91,1
2026-09-27T04:50:50,61,95,0.93,1
2026-09-27T04:50:51,61,96,0.90,1
2026-09-27T04:50:52,65,94,0.85,1
2026-09-27T04:50:53,61,95,0.90,1
2026-09-27T04:50:54,64,95,0.93,1
2026-09-27T04:50:55,65,96,0.93,1
2026-09-27T04:50:56,64,94,0.92,1
2026-09-27T04:50:57,65,96,0.87,1
2026-09-27T04:50:58,61,95,0.88,1
2026-09-27T04:50:59,66,95,0.89,1
2026-09-27T04:51:00,65,97,0.90,1
2026-09-27T04:51:01,66,97,0.93,1
2026-09-27T04:51:02,64,97,0.88,1
2026-09-27T04:51:03,61,95,0.93,1
2026-09-27T04:51:04,60,96,0.90,1
2026-09-27T04:51:05,63,94,0.91,1
2026-09-27T04:51:06,61,96,0.90,1
2026-09-27T04:51:07,66,96,0.90,1
2026-09-27T04:51:08,66,96,0.85,1
2026-09-27T04:51:09,65,97,0.95,1
2026-09-27T04:51:10,63,96,0.87,1
2026-09-27T04:51:11,61,95,0.85,1
2026-09-27T04:51:12,60,94,0.95,1
2026-09-27T04:51:13,62,97,0.90,1
2026-09-27T04:51:14,61,94,0.92,1
2026-09-27T04:51:15,64,95,0.90,1
2026-09-27T04:51:16,62,95,0.91,1
2026-09-27T04:51:17,61,96,0.89,1
2026-09-27T04:51:18,63,97,0.94,1
2026-09-27T04:51:19,62,97,0.94,1
2026-09-27T04:51:20,62,95,0.92,1
2026-09-27T04:51:21,63,97,0.90,1
2026-09-27T04:51:22,65,97,0.94,1
2026-09-27T04:51:23,62,95,0.88,1
2026-09-27T04:51:24,62,95,0.91,1
2026-09-27T04:51:25,66,96,0.94,1
2026-09-27T04:51:26,65,94,0.86,1
2026-09-27T04:51:27,60,95,0.86,1
2026-09-27T04:51:28,60,97,0.89,1
2026-09-27T04:51:29,62,95,0.94,1
2026-09-27T04:51:30,65,97,0.93,1
2026-09-27T04:51:31,61,96,0.90,1
2026-09-27T04:51:32,63,96,0.91,1
2026-09-27T04:51:33,65,95,0.85,1
2026-09-27T04:51:34,66,94,0.90,1
2026-09-27T04:51:35,61,96,0.94,1
2026-09-27T04:51:36,61,96,0.89,1
2026-09-27T04:51:37,61,94,0.90,1
2026-09-27T04:51:38,64,95,0.88,1
2026-09-27T04:51:39,60,95,0.89,1
2026-09-27T04:51:40,60,97,0.89,1
2026-09-27T04:51:41,61,97,0.90,1
2026-09-27T04:51:42,63,97,0.90,1
2026-09-27T04:51:43,61,94,0.94,1
2026-09-27T04:51:44,61,94,0.91,1
2026-09-27T04:51:45,61,96,0.88,1
2026-09-27T04:51:46,62,95,0.89,1
2026-09-27T04:51:47,60,94,0.95,1
2026-09-27T04:51:48,61,95,0.95,1
2026-09-27T04:51:49,60,94,0.92,1
2026-09-27T04:51:50,66,96,0.92,1
2026-09-27T04:51:51,60,96,0.91,1
2026-09-27T04:51:52,63,97,0.87,1
2026-09-27T04:51:53,61,95,0.87,1
2026-09-27T04:51:54,60,95,0.95,1
2026-09-27T04:51:55,63,96,0.92,1
2026-09-27T04:51:56,65,97,0.86,1
2026-09-27T04:51:57,61,96,0.91,1
2026-09-27T04:51:58,65,94,0.89,1
2026-09-27T04:51:59,64,96,0.94,1
2026-09-27T04:52:00,61,96,0.87,1
2026-09-27T04:52:01,64,97,0.89,1
2026-09-27T04:52:02,64,94,0.89,1
2026-09-27T04:52:03,62,97,0.89,1
2026-09-27T04:52:04,65,96,0.92,1
2026-09-27T04:52:05,61,96,0.85,1
2026-09-27T04:52:06,60,97,0.89,1
2026-09-27T04:52:07,62,94,0.90,1
2026-09-27T04:52:08,63,95,0.87,1
2026-09-27T04:52:09,65,95,0.89,1
2026-09-27T04:52:10,66,94,0.95,1
2026-09-27T04:52:11,60,96,0.87,1
2026-09-27T04:52:12,65,95,0.95,1
2026-09-27T04:52:13,63,94,0.89,1
2026-09-27T04:52:14,63,97,0.86,1
2026-09-27T04:52:15,64,97,0.92,1
2026-09-27T04:52:16,64,95,0.94,1
2026-09-27T04:52:17,64,96,0.87,1
2026-09-27T04:52:18,62,95,0.89,1
2026-09-27T04:52:19,64,94,0.93,1
2026-09-27T04:52:20,63,95,0.94,1
2026-09-27T04:52:21,63,96,0.91,1
2026-09-27T04:52:22,61,97,0.90,1
2026-09-27T04:52:23,64,97,0.95,1
2026-09-27T04:52:24,61,96,0.94,1
2026-09-27T04:52:25,66,95,0.90,1
2026-09-27T04:52:26,62,97,0.94,1
2026-09-27T04:52:27,62,95,0.93,1
2026-09-27T04:52:28,64,95,0.93,1
2026-09-27T04:52:29,62,95,0.91,1
2026-09-27T04:52:30,66,95,0.89,1
2026-09-27T04:52:31,62,95,0.90,1
2026-09-27T04:52:32,64,95,0.90,1
2026-09-27T04:52:33,62,96,0.90,1
2026-09-27T04:52:34,63,97,0.86,1
2026-09-27T04:52:35,61,97,0.88,1
2026-09-27T04:52:36,63,95,0.94,1
2026-09-27T04:52:37,61,96,0.92,1
2026-09-27T04:52:38,65,97,0.85,1
2026-09-27T04:52:39,64,94,0.91,1
2026-09-27T04:52:40,62,95,0.91,1
2026-09-27T04:52:41,65,97,0.89,1
2026-09-27T04:52:42,63,96,0.95,1
2026-09-27T04:52:43,60,96,0.91,1
2026-09-27T04:52:44,65,94,0.90,1
2026-09-27T04:52:45,61,96,0.87,1
2026-09-27T04:52:46,64,96,0.94,1
2026-09-27T04:52:47,66,94,0.88,1
2026-09-27T04:52:48,65,94,0.94,1
2026-09-27T04:52:49,61,95,0.86,1
2026-09-27T04:52:50,60,96,0.94,1
2026-09-27T04:52:51,60,96,0.88,1
2026-09-27T04:52:52,60,96,0.85,1
2026-09-27T04:52:53,66,97,0.95,1
2026-09-27T04:52:54,61,94,0.86,1
2026-09-27T04:52:55,63,95,0.87,1
2026-09-27T04:52:56,61,94,0.86,1
2026-09-27T04:52:57,64,94,0.89,1
2026-09-27T04:52:58,65,94,0.94,1
2026-09-27T04:52:59,61,96,0.87,1
2026-09-27T04:53:00,62,96,0.86,1
2026-09-27T04:53:01,62,97,0.93,1
2026-09-27T04:53:02,66,96,0.85,1
2026-09-27T04:53:03,60,97,0.93,1
2026-09-27T04:53:04,65,96,0.90,1
2026-09-27T04:53:05,66,97,0.90,1
2026-09-27T04:53:06,60,94,0.89,1
2026-09-27T04:53:07,62,95,0.86,1
2026-09-27T04:53:08,66,94,0.87,1
2026-09-27T04:53:09,62,95,0.90,1
2026-09-27T04:53:10,60,94,0.91,1
2026-09-27T04:53:11,64,96,0.86,1
2026-09-27T04:53:12,63,97,0.90,1
2026-09-27T04:53:13,64,94,0.94,1
2026-09-27T04:53:14,66,96,0.86,1
2026-09-27T04:53:15,63,97,0.93,1
2026-09-27T04:53:16,65,97,0.85,1
2026-09-27T04:53:17,60,94,0.92,1
2026-09-27T04:53:18,64,94,0.85,1
2026-09-27T04:53:19,65,97,0.87,1
2026-09-27T04:53:20,61,94,0.92,1
2026-09-27T04:53:21,61,97,0.87,1
2026-09-27T04:53:22,66,97,0.93,1
2026-09-27T04:53:23,61,97,0.93,1
2026-09-27T04:53:24,63,95,0.88,1
2026-09-27T04:53:25,63,95,0.90,1
2026-09-27T04:53:26,62,96,0.86,1
2026-09-27T04:53:27,63,94,0.95,1
2026-09-27T04:53:28,61,95,0.87,1
2026-09-27T04:53:29,65,94,0.95,1
2026-09-27T04:53:30,62,97,0.87,1
2026-09-27T04:53:31,60,96,0.94,1
2026-09-27T04:53:32,60,94,0.89,1
2026-09-27T04:53:33,64,95,0.95,1
2026-09-27T04:53:34,62,94,0.89,1
2026-09-27T04:53:35,62,95,0.91,1
2026-09-27T04:53:36,63,96,0.88,1
2026-09-27T04:53:37,64,97,0.93,1
2026-09-27T04:53:38,65,97,0.93,1
2026-09-27T04:53:39,64,97,0.87,1
2026-09-27T04:53:40,60,97,0.90,1
2026-09-27T04:53:41,60,97,0.94,1
2026-09-27T04:53:42,66,95,0.86,1
2026-09-27T04:53:43,60,96,0.91,1
2026-09-27T04:53:44,66,95,0.91,1
2026-09-27T04:53:45,61,95,0.91,1
2026-09-27T04:53:46,66,96,0.95,1
2026-09-27T04:53:47,66,94,0.86,1
2026-09-27T04:53:48,60,94,0.89,1
2026-09-27T04:53:49,66,97,0.92,1
2026-09-27T04:53:50,61,96,0.86,1
2026-09-27T04:53:51,62,94,0.88,1
2026-09-27T04:53:52,60,96,0.89,1
2026-09-27T04:53:53,65,94,0.89,1
2026-09-27T04:53:54,63,96,0.95,1
2026-09-27T04:53:55,66,96,0.90,1
2026-09-27T04:53:56,64,94,0.88,1
2026-09-27T04:53:57,63,95,0.91,1
2026-09-27T04:53:58,64,95,0.94,1
2026-09-27T04:53:59,64,96,0.86,1
2026-09-27T04:54:00,60,94,0.87,1
2026-09-27T04:54:01,60,95,0.95,1
2026-09-27T04:54:02,60,95,0.95,1
2026-09-27T04:54:03,64,97,0.89,1
2026-09-27T04:54:04,62,97,0.94,1
2026-09-27T04:54:05,66,97,0.88,1
2026-09-27T04:54:06,61,96,0.94,1
2026-09-27T04:54:07,61,94,0.88,1
2026-09-27T04:54:08,61,94,0.86,1
2026-09-27T04:54:09,66,94,0.86,1
2026-09-27T04:54:10,61,97,0.90,1
2026-09-27T04:54:11,64,97,0.92,1
2026-09-27T04:54:12,65,95,0.91,1
2026-09-27T04:54:13,64,97,0.91,1
2026-09-27T04:54:14,61,96,0.91,1
2026-09-27T04:54:15,61,94,0.95,1
2026-09-27T04:54:16,65,95,0.95,1
2026-09-27T04:54:17,63,95,0.86,1
2026-09-27T04:54:18,65,95,0.86,1
2026-09-27T04:54:19,66,96,0.90,1
2026-09-27T04:54:20,66,95,0.93,1
2026-09-27T04:54:21,60,97,0.93,1
2026-09-27T04:54:22,62,96,0.91,1
2026-09-27T04:54:23,60,94,0.93,1
2026-09-27T04:54:24,65,95,0.95,1
2026-09-27T04:54:25,61,95,0.91,1
2026-09-27T04:54:26,62,95,0.93,1
2026-09-27T04:54:27,64,95,0.92,1
2026-09-27T04:54:28,62,94,0.89,1
2026-09-27T04:54:29,61,97,0.91,1
2026-09-27T04:54:30,63,96,0.93,1
2026-09-27T04:54:31,66,96,0.89,1
2026-09-27T04:54:32,60,95,0.86,1
2026-09-27T04:54:33,63,94,0.90,1
2026-09-27T04:54:34,62,96,0.89,1
2026-09-27T04:54:35,65,94,0.85,1
2026-09-27T04:54:36,65,96,0.94,1
2026-09-27T04:54:37,61,97,0.95,1
2026-09-27T04:54:38,60,94,0.88,1
2026-09-27T04:54:39,61,97,0.88,1
2026-09-27T04:54:40,62,95,0.94,1
2026-09-27T04:54:41,60,96,0.92,1
2026-09-27T04:54:42,62,94,0.95,1
2026-09-27T04:54:43,66,96,0.94,1
2026-09-27T04:54:44,64,96,0.93,1
2026-09-27T04:54:45,65,95,0.89,1
2026-09-27T04:54:46,61,96,0.86,1
2026-09-27T04:54:47,66,94,0.90,1
2026-09-27T04:54:48,61,96,0.90,1
2026-09-27T04:54:49,60,96,0.94,1
2026-09-27T04:54:50,62,95,0.88,1
2026-09-27T04:54:51,64,95,0.93,1
2026-09-27T04:54:52,61,94,0.88,1
2026-09-27T04:54:53,61,95,0.87,1
2026-09-27T04:54:54,60,96,0.88,1
2026-09-27T04:54:55,66,96,0.91,1
2026-09-27T04:54:56,62,95,0.88,1
2026-09-27T04:54:57,62,96,0.87,1
2026-09-27T04:54:58,61,94,0.87,1
2026-09-27T04:54:59,66,96,0.86,1
2026-09-27T04:55:00,62,96,0.88,1
2026-09-27T04:55:01,65,97,0.92,1
2026-09-27T04:55:02,62,96,0.91,1
2026-09-27T04:55:03,63,94,0.88,1
2026-09-27T04:55:04,62,95,0.88,1
2026-09-27T04:55:05,64,94,0.88,1
2026-09-27T04:55:06,64,97,0.86,1
2026-09-27T04:55:07,62,97,0.90,1
2026-09-27T04:55:08,66,97,0.92,1
2026-09-27T04:55:09,61,95,0.93,1
2026-09-27T04:55:10,60,97,0.89,1
2026-09-27T04:55:11,66,95,0.95,1
2026-09-27T04:55:12,60,94,0.95,1
2026-09-27T04:55:13,65,96,0.94,1
2026-09-27T04:55:14,65,96,0.85,1
2026-09-27T04:55:15,62,94,0.87,1
2026-09-27T04:55:16,65,94,0.87,1
2026-09-27T04:55:17,65,96,0.95,1
2026-09-27T04:55:18,63,95,0.87,1
2026-09-27T04:55:19,62,95,0.89,1
2026-09-27T04:55:20,66,94,0.89,1
2026-09-27T04:55:21,63,97,0.93,1
2026-09-27T04:55:22,64,97,0.93,1
2026-09-27T04:55:23,63,94,0.89,1
2026-09-27T04:55:24,65,97,0.90,1
2026-09-27T04:55:25,60,97,0.86,1
2026-09-27T04:55:26,64,94,0.95,1
2026-09-27T04:55:27,65,96,0.89,1
2026-09-27T04:55:28,60,97,0.91,1
2026-09-27T04:55:29,66,94,0.94,1
2026-09-27T04:55:30,64,97,0.85,1
2026-09-27T04:55:31,63,94,0.92,1
2026-09-27T04:55:32,65,95,0.92,1
2026-09-27T04:55:33,60,97,0.86,1
2026-09-27T04:55:34,63,94,0.88,1
2026-09-27T04:55:35,61,97,0.94,1
2026-09-27T04:55:36,66,97,0.94,1
2026-09-27T04:55:37,62,97,0.90,1
2026-09-27T04:55:38,62,97,0.95,1
2026-09-27T04:55:39,63,95,0.87,1
2026-09-27T04:55:40,60,96,0.94,1
2026-09-27T04:55:41,60,96,0.92,1
2026-09-27T04:55:42,64,94,0.89,1
2026-09-27T04:55:43,62,94,0.89,1
2026-09-27T04:55:44,60,95,0.91,1
2026-09-27T04:55:45,65,96,0.87,1
2026-09-27T04:55:46,66,96,0.87,1
2026-09-27T04:55:47,61,97,0.86,1
2026-09-27T04:55:48,66,94,0.93,1
2026-09-27T04:55:49,66,96,0.89,1
2026-09-27T04:55:50,62,96,0.85,1
2026-09-27T04:55:51,65,97,0.89,1
2026-09-27T04:55:52,65,95,0.94,1
2026-09-27T04:55:53,60,97,0.93,1
2026-09-27T04:55:54,65,95,0.90,1
2026-09-27T04:55:55,64,96,0.85,1
2026-09-27T04:55:56,60,94,0.91,1
2026-09-27T04:55:57,60,97,0.90,1
2026-09-27T04:55:58,64,95,0.88,1
2026-09-27T04:55:59,60,94,0.94,1
2026-09-27T04:56:00,64,96,0.87,1
2026-09-27T04:56:01,60,97,0.94,1
2026-09-27T04:56:02,66,94,0.85,1
2026-09-27T04:56:03,66,95,0.94,1
2026-09-27T04:56:04,66,96,0.90,1
2026-09-27T04:56:05,61,97,0.90,1
2026-09-27T04:56:06,64,96,0.92,1
2026-09-27T04:56:07,64,94,0.93,1
2026-09-27T04:56:08,65,96,0.89,1
2026-09-27T04:56:09,62,96,0.92,1
2026-09-27T04:56:10,66,95,0.88,1
2026-09-27T04:56:11,62,95,0.91,1
2026-09-27T04:56:12,62,95,0.85,1
2026-09-27T04:56:13,61,97,0.85,1
2026-09-27T04:56:14,66,97,0.92,1
2026-09-27T04:56:15,66,95,0.88,1
2026-09-27T04:56:16,61,97,0.88,1
2026-09-27T04:56:17,66,95,0.87,1
2026-09-27T04:56:18,64,94,0.91,1
2026-09-27T04:56:19,62,97,0.90,1
2026-09-27T04:56:20,60,95,0.93,1
2026-09-27T04:56:21,65,96,0.91,1
2026-09-27T04:56:22,66,97,0.91,1
2026-09-27T04:56:23,65,96,0.89,1
2026-09-27T04:56:24,64,96,0.92,1
2026-09-27T04:56:25,60,96,0.94,1
2026-09-27T04:56:26,61,94,0.90,1
2026-09-27T04:56:27,63,95,0.88,1
2026-09-27T04:56:28,62,97,0.93,1
2026-09-27T04:56:29,63,94,0.94,1
2026-09-27T04:56:30,64,95,0.89,1
2026-09-27T04:56:31,60,97,0.92,1
2026-09-27T04:56:32,61,94,0.90,1
2026-09-27T04:56:33,64,95,0.93,1
2026-09-27T04:56:34,64,97,0.89,1
2026-09-27T04:56:35,66,97,0.87,1
2026-09-27T04:56:36,63,94,0.91,1
2026-09-27T04:56:37,65,94,0.94,1
2026-09-27T04:56:38,62,96,0.92,1
2026-09-27T04:56:39,66,96,0.88,1
2026-09-27T04:56:40,63,96,0.95,1
2026-09-27T04:56:41,63,97,0.91,1
2026-09-27T04:56:42,64,95,0.87,1
2026-09-27T04:56:43,61,96,0.85,1
2026-09-27T04:56:44,65,95,0.87,1
2026-09-27T04:56:45,66,94,0.87,1
2026-09-27T04:56:46,64,95,0.90,1
2026-09-27T04:56:47,64,96,0.91,1
2026-09-27T04:56:48,66,97,0.92,1
2026-09-27T04:56:49,60,95,0.86,1
2026-09-27T04:56:50,66,97,0.90,1
2026-09-27T04:56:51,62,95,0.86,1
2026-09-27T04:56:52,63,96,0.94,1
2026-09-27T04:56:53,66,96,0.87,1
2026-09-27T04:56:54,60,96,0.92,1
2026-09-27T04:56:55,60,94,0.91,1
2026-09-27T04:56:56,60,94,0.95,1
2026-09-27T04:56:57,66,96,0.91,1
2026-09-27T04:56:58,64,94,0.85,1
2026-09-27T04:56:59,66,95,0.93,1
2026-09-27T04:57:00,65,95,0.88,1
2026-09-27T04:57:01,61,94,0.86,1
2026-09-27T04:57:02,63,95,0.85,1
2026-09-27T04:57:03,65,94,0.86,1
2026-09-27T04:57:04,61,96,0.92,1
2026-09-27T04:57:05,63,97,0.91,1
2026-09-27T04:57:06,65,95,0.89,1
2026-09-27T04:57:07,65,97,0.87,1
2026-09-27T04:57:08,65,97,0.89,1
2026-09-27T04:57:09,61,97,0.93,1
2026-09-27T04:57:10,60,94,0.92,1
2026-09-27T04:57:11,60,94,0.91,1
2026-09-27T04:57:12,63,97,0.88,1
2026-09-27T04:57:13,60,95,0.94,1
2026-09-27T04:57:14,62,95,0.92,1
2026-09-27T04:57:15,61,97,0.87,1
2026-09-27T04:57:16,66,94,0.93,1
2026-09-27T04:57:17,62,95,0.94,1
2026-09-27T04:57:18,61,95,0.92,1
2026-09-27T04:57:19,65,94,0.95,1
2026-09-27T04:57:20,65,94,0.95,1
2026-09-27T04:57:21,62,95,0.91,1
2026-09-27T04:57:22,60,97,0.92,1
2026-09-27T04:57:23,66,96,0.90,1
2026-09-27T04:57:24,63,97,0.85,1
2026-09-27T04:57:25,65,96,0.93,1
2026-09-27T04:57:26,65,95,0.93,1
2026-09-27T04:57:27,62,97,0.86,1
2026-09-27T04:57:28,65,94,0.92,1
2026-09-27T04:57:29,61,95,0.91,1
2026-09-27T04:57:30,65,95,0.87,1
2026-09-27T04:57:31,63,96,0.92,1
2026-09-27T04:57:32,63,96,0.91,1
2026-09-27T04:57:33,64,95,0.93,1
2026-09-27T04:57:34,63,95,0.87,1
2026-09-27T04:57:35,66,97,0.85,1
2026-09-27T04:57:36,64,94,0.85,1
2026-09-27T04:57:37,65,96,0.86,1
2026-09-27T04:57:38,60,95,0.90,1
2026-09-27T04:57:39,62,97,0.89,1
2026-09-27T04:57:40,61,96,0.95,1
2026-09-27T04:57:41,61,96,0.89,1
2026-09-27T04:57:42,65,95,0.86,1
2026-09-27T04:57:43,63,94,0.93,1
2026-09-27T04:57:44,64,95,0.85,1
2026-09-27T04:57:45,60,94,0.91,1
2026-09-27T04:57:46,60,97,0.94,1
2026-09-27T04:57:47,65,97,0.94,1
2026-09-27T04:57:48,66,94,0.94,1
2026-09-27T04:57:49,64,94,0.91,1
2026-09-27T04:57:50,62,95,0.94,1
2026-09-27T04:57:51,60,94,0.89,1
2026-09-27T04:57:52,66,94,0.93,1
2026-09-27T04:57:53,63,97,0.93,1
2026-09-27T04:57:54,66,97,0.93,1
2026-09-27T04:57:55,66,97,0.85,1
2026-09-27T04:57:56,62,97,0.88,1
2026-09-27T04:57:57,65,94,0.89,1
2026-09-27T04:57:58,63,95,0.92,1
2026-09-27T04:57:59,66,95,0.94,1
2026-09-27T04:58:00,65,95,0.95,1
2026-09-27T04:58:01,63,95,0.85,1
2026-09-27T04:58:02,62,97,0.88,1
2026-09-27T04:58:03,61,94,0.87,1
2026-09-27T04:58:04,66,95,0.88,1
2026-09-27T04:58:05,64,97,0.88,1
2026-09-27T04:58:06,61,94,0.93,1
2026-09-27T04:58:07,61,97,0.90,1
2026-09-27T04:58:08,62,96,0.87,1
2026-09-27T04:58:09,62,95,0.85,1
2026-09-27T04:58:10,64,94,0.86,1
2026-09-27T04:58:11,60,97,0.85,1
2026-09-27T04:58:12,63,94,0.94,1
2026-09-27T04:58:13,63,97,0.94,1
2026-09-27T04:58:14,65,94,0.87,1
2026-09-27T04:58:15,66,94,0.87,1
2026-09-27T04:58:16,63,95,0.87,1
2026-09-27T04:58:17,65,96,0.91,1
2026-09-27T04:58:18,65,96,0.91,1
2026-09-27T04:58:19,65,96,0.87,1
2026-09-27T04:58:20,64,97,0.87,1
2026-09-27T04:58:21,64,94,0.94,1
2026-09-27T04:58:22,61,97,0.93,1
2026-09-27T04:58:23,60,95,0.85,1
2026-09-27T04:58:24,66,95,0.86,1
2026-09-27T04:58:25,65,94,0.94,1
2026-09-27T04:58:26,60,94,0.86,1
2026-09-27T04:58:27,64,96,0.93,1
2026-09-27T04:58:28,65,95,0.94,1
2026-09-27T04:58:29,66,97,0.95,1
2026-09-27T04:58:30,61,95,0.86,1
2026-09-27T04:58:31,64,97,0.89,1
2026-09-27T04:58:32,63,97,0.89,1
2026-09-27T04:58:33,60,97,0.85,1
2026-09-27T04:58:34,61,94,0.92,1
2026-09-27T04:58:35,65,95,0.91,1
2026-09-27T04:58:36,62,94,0.94,1
2026-09-27T04:58:37,61,94,0.89,1
2026-09-27T04:58:38,66,97,0.90,1
2026-09-27T04:58:39,66,95,0.91,1
2026-09-27T04:58:40,65,95,0.89,1
2026-09-27T04:58:41,66,97,0.88,1
2026-09-27T04:58:42,65,96,0.86,1
2026-09-27T04:58:43,60,94,0.90,1
2026-09-27T04:58:44,65,95,0.89,1
2026-09-27T04:58:45,60,97,0.92,1
2026-09-27T04:58:46,61,95,0.89,1
2026-09-27T04:58:47,64,97,0.92,1
2026-09-27T04:58:48,65,95,0.86,1
2026-09-27T04:58:49,62,94,0.94,1
2026-09-27T04:58:50,60,94,0.91,1
2026-09-27T04:58:51,64,97,0.88,1
2026-09-27T04:58:52,64,95,0.87,1
2026-09-27T04:58:53,65,97,0.89,1
2026-09-27T04:58:54,63,94,0.95,1
2026-09-27T04:58:55,61,94,0.91,1
2026-09-27T04:58:56,66,95,0.94,1
2026-09-27T04:58:57,61,95,0.91,1
2026-09-27T04:58:58,64,95,0.92,1
2026-09-27T04:58:59,63,96,0.89,1
2026-09-27T04:59:00,66,95,0.95,1
2026-09-27T04:59:01,61,95,0.85,1
2026-09-27T04:59:02,65,94,0.92,1
2026-09-27T04:59:03,63,96,0.92,1
2026-09-27T04:59:04,65,97,0.91,1
2026-09-27T04:59:05,63,95,0.90,1
2026-09-27T04:59:06,65,95,0.92,1
2026-09-27T04:59:07,60,95,0.85,1
2026-09-27T04:59:08,64,96,0.94,1
2026-09-27T04:59:09,65,97,0.89,1
2026-09-27T04:59:10,64,95,0.88,1
2026-09-27T04:59:11,61,95,0.89,1
2026-09-27T04:59:12,63,95,0.86,1
2026-09-27T04:59:13,63,94,0.90,1
2026-09-27T04:59:14,63,95,0.94,1
2026-09-27T04:59:15,60,96,0.93,1
2026-09-27T04:59:16,65,95,0.89,1
2026-09-27T04:59:17,63,97,0.85,1
2026-09-27T04:59:18,61,95,0.91,1
2026-09-27T04:59:19,61,94,0.85,1
2026-09-27T04:59:20,61,96,0.86,1
2026-09-27T04:59:21,61,94,0.88,1
2026-09-27T04:59:22,60,97,0.87,1
2026-09-27T04:59:23,62,96,0.86,1
2026-09-27T04:59:24,61,96,0.90,1
2026-09-27T04:59:25,64,95,0.86,1
2026-09-27T04:59:26,62,97,0.92,1
2026-09-27T04:59:27,63,95,0.91,1
2026-09-27T04:59:28,64,95,0.94,1
2026-09-27T04:59:29,66,94,0.94,1
2026-09-27T04:59:30,65,96,0.85,1
2026-09-27T04:59:31,65,97,0.86,1
2026-09-27T04:59:32,62,97,0.87,1
2026-09-27T04:59:33,64,97,0.89,1
2026-09-27T04:59:34,64,96,0.88,1
2026-09-27T04:59:35,66,94,0.90,1
2026-09-27T04:59:36,61,97,0.92,1
2026-09-27T04:59:37,62,96,0.85,1
2026-09-27T04:59:38,64,95,0.88,1
2026-09-27T04:59:39,65,97,0.86,1
2026-09-27T04:59:40,66,97,0.92,1
2026-09-27T04:59:41,63,97,0.87,1
2026-09-27T04:59:42,65,95,0.86,1
2026-09-27T04:59:43,60,94,0.90,1
2026-09-27T04:59:44,61,97,0.92,1
2026-09-27T04:59:45,61,94,0.90,1
2026-09-27T04:59:46,63,97,0.94,1
2026-09-27T04:59:47,62,94,0.87,1
2026-09-27T04:59:48,64,96,0.89,1
2026-09-27T04:59:49,64,97,0.95,1
2026-09-27T04:59:50,65,96,0.91,1
2026-09-27T04:59:51,63,96,0.88,1
2026-09-27T04:59:52,65,96,0.93,1
2026-09-27T04:59:53,66,97,0.87,1
2026-09-27T04:59:54,64,94,0.89,1
2026-09-27T04:59:55,60,95,0.91,1
2026-09-27T04:59:56,62,96,0.85,1
2026-09-27T04:59:57,63,95,0.89,1
2026-09-27T04:59:58,65,97,0.92,1
2026-09-27T04:59:59,60,97,0.90,1
2026-09-27T05:00:00,60,97,0.90,1
2026-09-27T05:00:01,64,94,0.93,1
2026-09-27T05:00:02,64,96,0.86,1
2026-09-27T05:00:03,61,97,0.85,1
2026-09-27T05:00:04,66,94,0.91,1
2026-09-27T05:00:05,66,97,0.91,1
2026-09-27T05:00:06,60,95,0.86,1
2026-09-27T05:00:07,62,94,0.87,1
2026-09-27T05:00:08,62,95,0.87,1
2026-09-27T05:00:09,61,97,0.92,1
2026-09-27T05:00:10,62,97,0.94,1
2026-09-27T05:00:11,64,94,0.86,1
2026-09-27T05:00:12,63,97,0.92,1
2026-09-27T05:00:13,61,96,0.89,1
2026-09-27T05:00:14,66,97,0.86,1
2026-09-27T05:00:15,61,96,0.86,1
2026-09-27T05:00:16,64,96,0.90,1
2026-09-27T05:00:17,65,96,0.91,1
2026-09-27T05:00:18,65,97,0.91,1
2026-09-27T05:00:19,65,95,0.94,1
2026-09-27T05:00:20,65,94,0.86,1
2026-09-27T05:00:21,65,94,0.88,1
2026-09-27T05:00:22,61,95,0.93,1
2026-09-27T05:00:23,64,97,0.88,1
2026-09-27T05:00:24,62,96,0.85,1
2026-09-27T05:00:25,61,95,0.88,1
2026-09-27T05:00:26,61,97,0.91,1
2026-09-27T05:00:27,64,94,0.88,1
2026-09-27T05:00:28,61,96,0.90,1
2026-09-27T05:00:29,66,95,0.88,1
2026-09-27T05:00:30,65,95,0.88,1
2026-09-27T05:00:31,60,95,0.86,1
2026-09-27T05:00:32,64,95,0.89,1
2026-09-27T05:00:33,65,95,0.85,1
2026-09-27T05:00:34,60,95,0.94,1
2026-09-27T05:00:35,64,97,0.94,1
2026-09-27T05:00:36,65,96,0.93,1
2026-09-27T05:00:37,61,94,0.93,1
2026-09-27T05:00:38,60,97,0.92,1
2026-09-27T05:00:39,66,96,0.86,1
2026-09-27T05:00:40,64,97,0.92,1
2026-09-27T05:00:41,66,94,0.93,1
2026-09-27T05:00:42,63,97,0.87,1
2026-09-27T05:00:43,65,95,0.92,1
2026-09-27T05:00:44,64,96,0.88,1
2026-09-27T05:00:45,62,94,0.86,1
2026-09-27T05:00:46,66,96,0.88,1
2026-09-27T05:00:47,64,97,0.91,1
2026-09-27T05:00:48,60,95,0.90,1
2026-09-27T05:00:49,64,96,0.93,1
2026-09-27T05:00:50,66,94,0.90,1
2026-09-27T05:00:51,66,96,0.86,1
2026-09-27T05:00:52,64,94,0.90,1
2026-09-27T05:00:53,61,96,0.93,1
2026-09-27T05:00:54,61,97,0.87,1
2026-09-27T05:00:55,65,94,0.94,1
2026-09-27T05:00:56,62,97,0.93,1
2026-09-27T05:00:57,63,95,0.87,1
2026-09-27T05:00:58,61,97,0.85,1
2026-09-27T05:00:59,66,97,0.91,1
2026-09-27T05:01:00,66,95,0.88,1
2026-09-27T05:01:01,63,96,0.86,1
2026-09-27T05:01:02,66,94,0.85,1
2026-09-27T05:01:03,64,94,0.94,1
2026-09-27T05:01:04,66,96,0.89,1
2026-09-27T05:01:05,63,97,0.89,1
2026-09-27T05:01:06,62,95,0.90,1
2026-09-27T05:01:07,62,97,0.86,1
2026-09-27T05:01:08,65,97,0.87,1
2026-09-27T05:01:09,63,97,0.90,1
2026-09-27T05:01:10,63,96,0.87,1
2026-09-27T05:01:11,64,94,0.94,1
2026-09-27T05:01:12,65,95,0.87,1
2026-09-27T05:01:13,61,97,0.89,1
2026-09-27T05:01:14,66,96,0.87,1
2026-09-27T05:01:15,61,94,0.92,1
2026-09-27T05:01:16,61,94,0.89,1
2026-09-27T05:01:17,60,94,0.89,1
2026-09-27T05:01:18,63,96,0.89,1
2026-09-27T05:01:19,61,94,0.95,1
2026-09-27T05:01:20,64,97,0.86,1
2026-09-27T05:01:21,61,96,0.93,1
2026-09-27T05:01:22,66,94,0.93,1
2026-09-27T05:01:23,65,96,0.87,1
2026-09-27T05:01:24,62,95,0.93,1
2026-09-27T05:01:25,62,97,0.94,1
2026-09-27T05:01:26,60,96,0.90,1
2026-09-27T05:01:27,61,96,0.91,1
2026-09-27T05:01:28,61,94,0.91,1
2026-09-27T05:01:29,63,95,0.92,1
2026-09-27T05:01:30,61,96,0.93,1
2026-09-27T05:01:31,60,94,0.91,1
2026-09-27T05:01:32,61,96,0.85,1
2026-09-27T05:01:33,60,96,0.88,1
2026-09-27T05:01:34,66,97,0.85,1
2026-09-27T05:01:35,66,95,0.87,1
2026-09-27T05:01:36,62,95,0.92,1
2026-09-27T05:01:37,65,97,0.90,1
2026-09-27T05:01:38,60,95,0.85,1
2026-09-27T05:01:39,61,96,0.86,1
2026-09-27T05:01:40,64,96,0.85,1
2026-09-27T05:01:41,62,96,0.92,1
2026-09-27T05:01:42,60,94,0.88,1
2026-09-27T05:01:43,66,97,0.93,1
2026-09-27T05:01:44,60,97,0.90,1
2026-09-27T05:01:45,60,94,0.95,1
2026-09-27T05:01:46,63,96,0.88,1
2026-09-27T05:01:47,65,96,0.90,1
2026-09-27T05:01:48,63,96,0.92,1
2026-09-27T05:01:49,62,97,0.86,1
2026-09-27T05:01:50,66,97,0.89,1
2026-09-27T05:01:51,65,95,0.85,1
2026-09-27T05:01:52,65,96,0.85,1
2026-09-27T05:01:53,61,97,0.94,1
2026-09-27T05:01:54,61,94,0.94,1
2026-09-27T05:01:55,66,94,0.89,1
2026-09-27T05:01:56,63,94,0.91,1
2026-09-27T05:01:57,65,94,0.91,1
2026-09-27T05:01:58,62,94,0.93,1
2026-09-27T05:01:59,64,96,0.85,1
2026-09-27T05:02:00,63,96,0.91,1
2026-09-27T05:02:01,63,97,0.94,1
2026-09-27T05:02:02,61,94,0.87,1
2026-09-27T05:02:03,60,94,0.88,1
2026-09-27T05:02:04,64,95,0.86,1
2026-09-27T05:02:05,60,96,0.85,1
2026-09-27T05:02:06,65,96,0.93,1
2026-09-27T05:02:07,61,94,0.86,1
2026-09-27T05:02:08,63,95,0.87,1
2026-09-27T05:02:09,64,95,0.86,1
2026-09-27T05:02:10,66,97,0.86,1
2026-09-27T05:02:11,61,97,0.89,1
2026-09-27T05:02:12,66,95,0.86,1
2026-09-27T05:02:13,64,97,0.95,1
2026-09-27T05:02:14,61,97,0.86,1
2026-09-27T05:02:15,62,97,0.95,1
2026-09-27T05:02:16,62,96,0.94,1
2026-09-27T05:02:17,60,96,0.86,1
2026-09-27T05:02:18,60,96,0.86,1
2026-09-27T05:02:19,60,94,0.89,1
2026-09-27T05:02:20,62,94,0.94,1
2026-09-27T05:02:21,60,97,0.86,1
2026-09-27T05:02:22,62,96,0.89,1
2026-09-27T05:02:23,63,95,0.86,1
2026-09-27T05:02:24,62,96,0.86,1
2026-09-27T05:02:25,61,96,0.86,1
2026-09-27T05:02:26,60,96,0.91,1
2026-09-27T05:02:27,63,95,0.90,1
2026-09-27T05:02:28,63,95,0.88,1
2026-09-27T05:02:29,61,95,0.95,1
2026-09-27T05:02:30,64,97,0.89,1
2026-09-27T05:02:31,64,96,0.89,1
2026-09-27T05:02:32,65,94,0.93,1
2026-09-27T05:02:33,65,96,0.93,1
2026-09-27T05:02:34,63,97,0.94,1
2026-09-27T05:02:35,65,97,0.90,1
2026-09-27T05:02:36,61,94,0.91,1
2026-09-27T05:02:37,61,94,0.93,1
2026-09-27T05:02:38,61,95,0.92,1
2026-09-27T05:02:39,60,95,0.88,1
2026-09-27T05:02:40,63,94,0.86,1
2026-09-27T05:02:41,65,97,0.94,1
2026-09-27T05:02:42,65,96,0.94,1
2026-09-27T05:02:43,60,95,0.86,1
2026-09-27T05:02:44,63,95,0.87,1
2026-09-27T05:02:45,65,96,0.88,1
2026-09-27T05:02:46,61,97,0.87,1
2026-09-27T05:02:47,61,97,0.94,1
2026-09-27T05:02:48,65,95,0.90,1
2026-09-27T05:02:49,60,94,0.88,1
2026-09-27T05:02:50,60,97,0.93,1
2026-09-27T05:02:51,63,97,0.93,1
2026-09-27T05:02:52,62,97,0.86,1
2026-09-27T05:02:53,63,95,0.85,1
2026-09-27T05:02:54,62,94,0.92,1
2026-09-27T05:02:55,64,97,0.93,1
2026-09-27T05:02:56,61,97,0.89,1
2026-09-27T05:02:57,66,94,0.91,1
2026-09-27T05:02:58,60,97,0.90,1
2026-09-27T05:02:59,63,97,0.93,1
2026-09-27T05:03:00,66,97,0.86,1
2026-09-27T05:03:01,65,96,0.87,1
2026-09-27T05:03:02,61,94,0.88,1
2026-09-27T05:03:03,60,95,0.94,1
2026-09-27T05:03:04,65,95,0.86,1
2026-09-27T05:03:05,62,96,0.85,1
2026-09-27T05:03:06,61,95,0.90,1
2026-09-27T05:03:07,66,94,0.94,1
2026-09-27T05:03:08,65,96,0.94,1
2026-09-27T05:03:09,62,97,0.95,1
2026-09-27T05:03:10,66,95,0.93,1
2026-09-27T05:03:11,64,96,0.94,1
2026-09-27T05:03:12,66,95,0.94,1
2026-09-27T05:03:13,66,97,0.94,1
2026-09-27T05:03:14,62,95,0.91,1
2026-09-27T05:03:15,62,95,0.94,1
2026-09-27T05:03:16,61,94,0.89,1
2026-09-27T05:03:17,63,95,0.94,1
2026-09-27T05:03:18,61,96,0.94,1
2026-09-27T05:03:19,66,94,0.92,1
2026-09-27T05:03:20,63,97,0.87,1
2026-09-27T05:03:21,60,96,0.86,1
2026-09-27T05:03:22,66,97,0.88,1
2026-09-27T05:03:23,64,95,0.95,1
2026-09-27T05:03:24,60,94,0.93,1
2026-09-27T05:03:25,66,97,0.94,1
2026-09-27T05:03:26,61,97,0.93,1
2026-09-27T05:03:27,65,95,0.94,1
2026-09-27T05:03:28,63,94,0.94,1
2026-09-27T05:03:29,64,94,0.91,1
2026-09-27T05:03:30,65,95,0.93,1
2026-09-27T05:03:31,61,94,0.89,1
2026-09-27T05:03:32,61,95,0.85,1
2026-09-27T05:03:33,64,96,0.90,1
2026-09-27T05:03:34,61,97,0.89,1
2026-09-27T05:03:35,65,97,0.92,1
2026-09-27T05:03:36,61,95,0.95,1
2026-09-27T05:03:37,65,94,0.89,1
2026-09-27T05:03:38,62,97,0.86,1
2026-09-27T05:03:39,62,96,0.93,1
2026-09-27T05:03:40,60,97,0.92,1
2026-09-27T05:03:41,63,94,0.94,1
2026-09-27T05:03:42,65,97,0.93,1
2026-09-27T05:03:43,61,95,0.94,1
2026-09-27T05:03:44,60,97,0.90,1
2026-09-27T05:03:45,60,96,0.87,1
2026-09-27T05:03:46,64,96,0.87,1
2026-09-27T05:03:47,66,97,0.91,1
2026-09-27T05:03:48,62,94,0.87,1
2026-09-27T05:03:49,64,97,0.90,1
2026-09-27T05:03:50,63,95,0.92,1
2026-09-27T05:03:51,63,94,0.87,1
2026-09-27T05:03:52,66,94,0.95,1
2026-09-27T05:03:53,63,94,0.89,1
2026-09-27T05:03:54,66,95,0.92,1
2026-09-27T05:03:55,60,97,0.90,1
2026-09-27T05:03:56,63,96,0.93,1
2026-09-27T05:03:57,66,94,0.91,1
2026-09-27T05:03:58,63,97,0.86,1
2026-09-27T05:03:59,65,94,0.91,1
2026-09-27T05:04:00,64,95,0.87,1
2026-09-27T05:04:01,61,94,0.93,1
2026-09-27T05:04:02,60,96,0.94,1
2026-09-27T05:04:03,63,97,0.88,1
2026-09-27T05:04:04,62,94,0.92,1
2026-09-27T05:04:05,63,94,0.89,1
2026-09-27T05:04:06,62,95,0.91,1
2026-09-27T05:04:07,61,96,0.90,1
2026-09-27T05:04:08,65,95,0.94,1
2026-09-27T05:04:09,65,95,0.85,1
2026-09-27T05:04:10,63,94,0.93,1
2026-09-27T05:04:11,61,94,0.87,1
2026-09-27T05:04:12,64,97,0.85,1
2026-09-27T05:04:13,60,94,0.92,1
2026-09-27T05:04:14,65,97,0.88,1
2026-09-27T05:04:15,64,94,0.87,1
2026-09-27T05:04:16,61,94,0.88,1
2026-09-27T05:04:17,64,97,0.91,1
2026-09-27T05:04:18,65,95,0.93,1
2026-09-27T05:04:19,60,95,0.93,1
2026-09-27T05:04:20,60,97,0.94,1
2026-09-27T05:04:21,61,97,0.94,1
2026-09-27T05:04:22,65,94,0.88,1
2026-09-27T05:04:23,66,96,0.88,1
2026-09-27T05:04:24,63,96,0.94,1
2026-09-27T05:04:25,62,94,0.93,1
2026-09-27T05:04:26,60,95,0.90,1
2026-09-27T05:04:27,61,94,0.92,1
2026-09-27T05:04:28,66,95,0.90,1
2026-09-27T05:04:29,63,96,0.89,1
2026-09-27T05:04:30,62,96,0.85,1
2026-09-27T05:04:31,66,95,0.88,1
2026-09-27T05:04:32,61,96,0.86,1
2026-09-27T05:04:33,64,95,0.95,1
2026-09-27T05:04:34,62,94,0.91,1
2026-09-27T05:04:35,66,95,0.85,1
2026-09-27T05:04:36,65,97,0.86,1
2026-09-27T05:04:37,63,97,0.94,1
2026-09-27T05:04:38,60,95,0.89,1
2026-09-27T05:04:39,62,95,0.95,1
2026-09-27T05:04:40,62,95,0.94,1
2026-09-27T05:04:41,63,97,0.93,1
2026-09-27T05:04:42,63,94,0.89,1
2026-09-27T05:04:43,61,95,0.89,1
2026-09-27T05:04:44,61,96,0.94,1
2026-09-27T05:04:45,63,95,0.86,1
2026-09-27T05:04:46,62,94,0.88,1
2026-09-27T05:04:47,61,94,0.85,1
2026-09-27T05:04:48,64,96,0.94,1
2026-09-27T05:04:49,63,95,0.90,1
2026-09-27T05:04:50,63,96,0.91,1
2026-09-27T05:04:51,65,97,0.91,1
2026-09-27T05:04:52,62,94,0.95,1
2026-09-27T05:04:53,66,94,0.92,1
2026-09-27T05:04:54,60,97,0.90,1
2026-09-27T05:04:55,61,94,0.88,1
2026-09-27T05:04:56,60,95,0.89,1
2026-09-27T05:04:57,64,94,0.89,1
2026-09-27T05:04:58,63,95,0.86,1
2026-09-27T05:04:59,61,95,0.87,1
2026-09-27T05:05:00,61,97,0.91,1
2026-09-27T05:05:01,65,97,0.92,1
2026-09-27T05:05:02,66,95,0.93,1
2026-09-27T05:05:03,63,96,0.93,1
2026-09-27T05:05:04,62,97,0.92,1
2026-09-27T05:05:05,61,95,0.94,1
2026-09-27T05:05:06,60,95,0.91,1
2026-09-27T05:05:07,60,94,0.87,1
2026-09-27T05:05:08,62,94,0.90,1
2026-09-27T05:05:09,64,94,0.86,1
2026-09-27T05:05:10,60,97,0.89,1
2026-09-27T05:05:11,60,97,0.92,1
2026-09-27T05:05:12,61,96,0.89,1
2026-09-27T05:05:13,61,94,0.87,1
2026-09-27T05:05:14,60,96,0.87,1
2026-09-27T05:05:15,65,94,0.90,1
2026-09-27T05:05:16,62,94,0.86,1
2026-09-27T05:05:17,65,94,0.87,1
2026-09-27T05:05:18,63,95,0.90,1
2026-09-27T05:05:19,66,96,0.85,1
2026-09-27T05:05:20,62,95,0.85,1
2026-09-27T05:05:21,64,95,0.91,1
2026-09-27T05:05:22,64,94,0.86,1
2026-09-27T05:05:23,66,95,0.92,1
2026-09-27T05:05:24,66,95,0.89,1
2026-09-27T05:05:25,61,96,0.85,1
2026-09-27T05:05:26,62,96,0.93,1
2026-09-27T05:05:27,63,97,0.91,1
2026-09-27T05:05:28,65,94,0.93,1
2026-09-27T05:05:29,64,94,0.88,1
2026-09-27T05:05:30,65,94,0.86,1
2026-09-27T05:05:31,66,97,0.86,1
2026-09-27T05:05:32,65,94,0.92,1
2026-09-27T05:05:33,61,97,0.94,1
2026-09-27T05:05:34,63,97,0.92,1
2026-09-27T05:05:35,64,94,0.94,1
2026-09-27T05:05:36,66,97,0.95,1
2026-09-27T05:05:37,65,95,0.91,1
2026-09-27T05:05:38,65,96,0.91,1
2026-09-27T05:05:39,66,94,0.85,1
2026-09-27T05:05:40,64,97,0.94,1
2026-09-27T05:05:41,64,97,0.87,1
2026-09-27T05:05:42,63,95,0.88,1
2026-09-27T05:05:43,64,94,0.90,1
2026-09-27T05:05:44,65,97,0.90,1
2026-09-27T05:05:45,63,94,0.86,1
2026-09-27T05:05:46,63,97,0.86,1
2026-09-27T05:05:47,66,97,0.87,1
2026-09-27T05:05:48,63,94,0.87,1
2026-09-27T05:05:49,66,95,0.88,1
2026-09-27T05:05:50,65,97,0.85,1
2026-09-27T05:05:51,62,94,0.92,1
2026-09-27T05:05:52,60,95,0.94,1
2026-09-27T05:05:53,65,96,0.85,1
2026-09-27T05:05:54,65,95,0.91,1
2026-09-27T05:05:55,66,95,0.91,1
2026-09-27T05:05:56,62,96,0.91,1
2026-09-27T05:05:57,61,95,0.91,1
2026-09-27T05:05:58,61,95,0.91,1
2026-09-27T05:05:59,66,96,0.92,1
2026-09-27T05:06:00,64,95,0.89,1
2026-09-27T05:06:01,60,95,0.90,1
2026-09-27T05:06:02,62,95,0.88,1
2026-09-27T05:06:03,62,97,0.87,1
2026-09-27T05:06:04,66,97,0.90,1
2026-09-27T05:06:05,64,95,0.91,1
2026-09-27T05:06:06,63,97,0.89,1
2026-09-27T05:06:07,60,96,0.88,1
2026-09-27T05:06:08,65,97,0.92,1
2026-09-27T05:06:09,61,94,0.90,1
2026-09-27T05:06:10,60,97,0.86,1
2026-09-27T05:06:11,63,95,0.90,1
2026-09-27T05:06:12,65,97,0.86,1
2026-09-27T05:06:13,66,95,0.95,1
2026-09-27T05:06:14,63,94,0.86,1
2026-09-27T05:06:15,66,97,0.90,1
2026-09-27T05:06:16,61,97,0.94,1
2026-09-27T05:06:17,64,94,0.86,1
2026-09-27T05:06:18,60,95,0.91,1
2026-09-27T05:06:19,66,95,0.86,1
2026-09-27T05:06:20,62,95,0.95,1
2026-09-27T05:06:21,64,95,0.88,1
2026-09-27T05:06:22,61,97,0.89,1
2026-09-27T05:06:23,62,97,0.89,1
2026-09-27T05:06:24,63,94,0.89,1
2026-09-27T05:06:25,64,96,0.92,1
2026-09-27T05:06:26,64,94,0.86,1
2026-09-27T05:06:27,60,94,0.93,1
2026-09-27T05:06:28,62,95,0.94,1
2026-09-27T05:06:29,64,94,0.87,1
2026-09-27T05:06:30,66,95,0.86,1
2026-09-27T05:06:31,64,95,0.87,1
2026-09-27T05:06:32,61,95,0.94,1
2026-09-27T05:06:33,63,97,0.91,1
2026-09-27T05:06:34,62,95,0.91,1
2026-09-27T05:06:35,64,94,0.88,1
2026-09-27T05:06:36,64,94,0.90,1
2026-09-27T05:06:37,64,97,0.88,1
2026-09-27T05:06:38,61,97,0.87,1
2026-09-27T05:06:39,63,94,0.87,1
2026-09-27T05:06:40,63,97,0.92,1
2026-09-27T05:06:41,60,94,0.90,1
2026-09-27T05:06:42,63,96,0.93,1
2026-09-27T05:06:43,61,97,0.85,1
2026-09-27T05:06:44,66,94,0.87,1
2026-09-27T05:06:45,63,96,0.90,1
2026-09-27T05:06:46,65,97,0.90,1
2026-09-27T05:06:47,63,96,0.89,1
2026-09-27T05:06:48,61,94,0.89,1
2026-09-27T05:06:49,63,97,0.90,1
2026-09-27T05:06:50,60,95,0.92,1
2026-09-27T05:06:51,66,95,0.94,1
2026-09-27T05:06:52,62,95,0.94,1
2026-09-27T05:06:53,60,96,0.90,1
2026-09-27T05:06:54,65,97,0.88,1
2026-09-27T05:06:55,63,97,0.90,1
2026-09-27T05:06:56,62,94,0.91,1
2026-09-27T05:06:57,64,95,0.93,1
2026-09-27T05:06:58,60,95,0.93,1
2026-09-27T05:06:59,65,94,0.85,1
2026-09-27T05:07:00,66,97,0.89,1
2026-09-27T05:07:01,64,97,0.88,1
2026-09-27T05:07:02,64,95,0.87,1
2026-09-27T05:07:03,66,95,0.88,1
2026-09-27T05:07:04,61,95,0.89,1
2026-09-27T05:07:05,64,96,0.90,1
2026-09-27T05:07:06,64,96,0.88,1
2026-09-27T05:07:07,61,97,0.89,1
2026-09-27T05:07:08,64,94,0.90,1
2026-09-27T05:07:09,60,96,0.88,1
2026-09-27T05:07:10,63,94,0.88,1
2026-09-27T05:07:11,64,94,0.86,1
2026-09-27T05:07:12,60,96,0.88,1
2026-09-27T05:07:13,60,97,0.88,1
2026-09-27T05:07:14,66,94,0.93,1
2026-09-27T05:07:15,62,95,0.89,1
2026-09-27T05:07:16,63,96,0.93,1
2026-09-27T05:07:17,63,95,0.91,1
2026-09-27T05:07:18,60,96,0.92,1
2026-09-27T05:07:19,64,96,0.90,1
2026-09-27T05:07:20,65,94,0.89,1
2026-09-27T05:07:21,61,95,0.86,1
2026-09-27T05:07:22,63,95,0.87,1
2026-09-27T05:07:23,63,96,0.92,1
2026-09-27T05:07:24,61,94,0.94,1
2026-09-27T05:07:25,64,94,0.89,1
2026-09-27T05:07:26,63,97,0.88,1
2026-09-27T05:07:27,64,97,0.92,1
2026-09-27T05:07:28,66,96,0.89,1
2026-09-27T05:07:29,62,95,0.92,1
2026-09-27T05:07:30,66,97,0.94,1
2026-09-27T05:07:31,63,95,0.86,1
2026-09-27T05:07:32,66,94,0.87,1
2026-09-27T05:07:33,63,95,0.87,1
2026-09-27T05:07:34,62,94,0.90,1
2026-09-27T05:07:35,60,97,0.92,1
2026-09-27T05:07:36,63,96,0.92,1
2026-09-27T05:07:37,60,95,0.93,1
2026-09-27T05:07:38,63,95,0.94,1
2026-09-27T05:07:39,61,97,0.85,1
2026-09-27T05:07:40,65,97,0.92,1
2026-09-27T05:07:41,61,96,0.93,1
2026-09-27T05:07:42,62,95,0.90,1
2026-09-27T05:07:43,62,94,0.87,1
2026-09-27T05:07:44,64,96,0.93,1
2026-09-27T05:07:45,61,94,0.94,1
2026-09-27T05:07:46,60,94,0.91,1
2026-09-27T05:07:47,65,96,0.94,1
2026-09-27T05:07:48,66,96,0.91,1
2026-09-27T05:07:49,64,96,0.88,1
2026-09-27T05:07:50,62,97,0.93,1
2026-09-27T05:07:51,64,95,0.92,1
2026-09-27T05:07:52,61,95,0.94,1
2026-09-27T05:07:53,66,95,0.91,1
2026-09-27T05:07:54,66,97,0.89,1
2026-09-27T05:07:55,64,96,0.92,1
2026-09-27T05:07:56,61,95,0.87,1
2026-09-27T05:07:57,66,94,0.94,1
2026-09-27T05:07:58,63,96,0.88,1
2026-09-27T05:07:59,66,96,0.88,1
2026-09-27T05:08:00,61,96,0.89,1
2026-09-27T05:08:01,61,97,0.93,1
2026-09-27T05:08:02,60,96,0.90,1
2026-09-27T05:08:03,66,94,0.88,1
2026-09-27T05:08:04,66,94,0.93,1
2026-09-27T05:08:05,61,94,0.86,1
2026-09-27T05:08:06,64,94,0.91,1
2026-09-27T05:08:07,65,97,0.95,1
2026-09-27T05:08:08,61,97,0.94,1
2026-09-27T05:08:09,65,94,0.90,1
2026-09-27T05:08:10,60,95,0.94,1
2026-09-27T05:08:11,61,94,0.92,1
2026-09-27T05:08:12,61,96,0.89,1
2026-09-27T05:08:13,62,94,0.94,1
2026-09-27T05:08:14,64,96,0.85,1
2026-09-27T05:08:15,61,96,0.87,1
2026-09-27T05:08:16,62,97,0.90,1
2026-09-27T05:08:17,63,96,0.91,1
2026-09-27T05:08:18,63,95,0.95,1
2026-09-27T05:08:19,60,94,0.91,1
2026-09-27T05:08:20,60,96,0.90,1
2026-09-27T05:08:21,64,95,0.87,1
2026-09-27T05:08:22,60,94,0.93,1
2026-09-27T05:08:23,60,94,0.92,1
2026-09-27T05:08:24,65,95,0.86,1
2026-09-27T05:08:25,65,97,0.88,1
2026-09-27T05:08:26,60,96,0.89,1
2026-09-27T05:08:27,62,95,0.91,1
2026-09-27T05:08:28,62,96,0.87,1
2026-09-27T05:08:29,64,95,0.94,1
2026-09-27T05:08:30,62,97,0.94,1
2026-09-27T05:08:31,61,96,0.90,1
2026-09-27T05:08:32,65,96,0.92,1
2026-09-27T05:08:33,62,94,0.94,1
2026-09-27T05:08:34,62,97,0.89,1
2026-09-27T05:08:35,65,97,0.86,1
2026-09-27T05:08:36,62,95,0.91,1
2026-09-27T05:08:37,62,96,0.92,1
2026-09-27T05:08:38,62,96,0.93,1
2026-09-27T05:08:39,66,95,0.93,1
2026-09-27T05:08:40,60,95,0.86,1
2026-09-27T05:08:41,60,95,0.90,1
2026-09-27T05:08:42,66,97,0.92,1
2026-09-27T05:08:43,63,97,0.91,1
2026-09-27T05:08:44,64,95,0.92,1
2026-09-27T05:08:45,64,96,0.87,1
2026-09-27T05:08:46,66,94,0.86,1
2026-09-27T05:08:47,66,96,0.94,1
2026-09-27T05:08:48,60,95,0.90,1
2026-09-27T05:08:49,61,95,0.94,1
2026-09-27T05:08:50,61,94,0.93,1
2026-09-27T05:08:51,66,95,0.86,1
2026-09-27T05:08:52,66,97,0.92,1
2026-09-27T05:08:53,63,94,0.91,1
2026-09-27T05:08:54,62,95,0.93,1
2026-09-27T05:08:55,63,95,0.88,1
2026-09-27T05:08:56,63,97,0.91,1
2026-09-27T05:08:57,64,97,0.87,1
2026-09-27T05:08:58,61,94,0.90,1
2026-09-27T05:08:59,62,97,0.86,1
2026-09-27T05:09:00,66,94,0.87,1
2026-09-27T05:09:01,64,94,0.89,1
2026-09-27T05:09:02,62,95,0.89,1
2026-09-27T05:09:03,62,94,0.86,1
2026-09-27T05:09:04,61,97,0.92,1
2026-09-27T05:09:05,61,97,0.88,1
2026-09-27T05:09:06,61,96,0.93,1
2026-09-27T05:09:07,66,95,0.89,1
2026-09-27T05:09:08,63,94,0.94,1
2026-09-27T05:09:09,60,95,0.87,1
2026-09-27T05:09:10,60,95,0.93,1
2026-09-27T05:09:11,62,97,0.89,1
2026-09-27T05:09:12,62,94,0.92,1
2026-09-27T05:09:13,65,94,0.89,1
2026-09-27T05:09:14,64,96,0.88,1
2026-09-27T05:09:15,66,95,0.92,1
2026-09-27T05:09:16,60,96,0.93,1
2026-09-27T05:09:17,63,97,0.91,1
2026-09-27T05:09:18,64,97,0.91,1
2026-09-27T05:09:19,64,97,0.93,1
2026-09-27T05:09:20,64,94,0.87,1
2026-09-27T05:09:21,66,97,0.85,1
2026-09-27T05:09:22,64,97,0.87,1
2026-09-27T05:09:23,60,94,0.91,1
2026-09-27T05:09:24,65,97,0.91,1
2026-09-27T05:09:25,60,97,0.92,1
2026-09-27T05:09:26,60,94,0.86,1
2026-09-27T05:09:27,65,96,0.85,1
2026-09-27T05:09:28,61,97,0.90,1
2026-09-27T05:09:29,66,95,0.90,1
2026-09-27T05:09:30,60,96,0.85,1
2026-09-27T05:09:31,65,97,0.91,1
2026-09-27T05:09:32,66,96,0.93,1
2026-09-27T05:09:33,61,96,0.89,1
2026-09-27T05:09:34,63,96,0.92,1
2026-09-27T05:09:35,62,95,0.91,1
2026-09-27T05:09:36,61,96,0.92,1
2026-09-27T05:09:37,62,96,0.89,1
2026-09-27T05:09:38,63,96,0.86,1
2026-09-27T05:09:39,60,96,0.87,1
2026-09-27T05:09:40,63,95,0.93,1
2026-09-27T05:09:41,63,94,0.86,1
2026-09-27T05:09:42,64,95,0.88,1
2026-09-27T05:09:43,60,94,0.92,1
2026-09-27T05:09:44,65,95,0.93,1
2026-09-27T05:09:45,60,94,0.91,1
2026-09-27T05:09:46,62,97,0.89,1
2026-09-27T05:09:47,60,95,0.94,1
2026-09-27T05:09:48,61,95,0.86,1
2026-09-27T05:09:49,62,96,0.85,1
2026-09-27T05:09:50,65,96,0.87,1
2026-09-27T05:09:51,61,94,0.93,1
2026-09-27T05:09:52,63,95,0.89,1
2026-09-27T05:09:53,64,95,0.90,1
2026-09-27T05:09:54,62,96,0.88,1
2026-09-27T05:09:55,61,97,0.94,1
2026-09-27T05:09:56,62,94,0.90,1
2026-09-27T05:09:57,62,95,0.85,1
2026-09-27T05:09:58,60,95,0.94,1
2026-09-27T05:09:59,64,97,0.94,1
2026-09-27T05:10:00,61,96,0.90,1
2026-09-27T05:10:01,64,94,0.93,1
2026-09-27T05:10:02,61,97,0.95,1
2026-09-27T05:10:03,66,96,0.86,1
2026-09-27T05:10:04,60,95,0.90,1
2026-09-27T05:10:05,61,96,0.90,1
2026-09-27T05:10:06,63,95,0.89,1
2026-09-27T05:10:07,61,97,0.88,1
2026-09-27T05:10:08,60,97,0.92,1
2026-09-27T05:10:09,63,96,0.86,1
2026-09-27T05:10:10,62,96,0.93,1
2026-09-27T05:10:11,65,96,0.93,1
2026-09-27T05:10:12,65,95,0.93,1
2026-09-27T05:10:13,62,97,0.89,1
2026-09-27T05:10:14,66,97,0.86,1
2026-09-27T05:10:15,64,96,0.87,1
2026-09-27T05:10:16,66,96,0.92,1
2026-09-27T05:10:17,65,94,0.94,1
2026-09-27T05:10:18,66,95,0.85,1
2026-09-27T05:10:19,61,94,0.89,1
2026-09-27T05:10:20,62,97,0.90,1
2026-09-27T05:10:21,63,96,0.92,1
2026-09-27T05:10:22,60,96,0.88,1
2026-09-27T05:10:23,63,94,0.86,1
2026-09-27T05:10:24,62,94,0.93,1
2026-09-27T05:10:25,62,96,0.89,1
2026-09-27T05:10:26,66,97,0.91,1
2026-09-27T05:10:27,64,97,0.85,1
2026-09-27T05:10:28,65,96,0.92,1
2026-09-27T05:10:29,60,95,0.90,1
2026-09-27T05:10:30,61,94,0.91,1
2026-09-27T05:10:31,66,94,0.89,1
2026-09-27T05:10:32,62,97,0.86,1
2026-09-27T05:10:33,60,94,0.90,1
2026-09-27T05:10:34,64,94,0.91,1
2026-09-27T05:10:35,64,96,0.87,1
2026-09-27T05:10:36,62,96,0.89,1
2026-09-27T05:10:37,61,97,0.93,1
2026-09-27T05:10:38,64,97,0.95,1
2026-09-27T05:10:39,66,96,0.89,1
2026-09-27T05:10:40,66,96,0.89,1
2026-09-27T05:10:41,64,95,0.86,1
2026-09-27T05:10:42,63,97,0.86,1
2026-09-27T05:10:43,62,96,0.87,1
2026-09-27T05:10:44,62,97,0.89,1
2026-09-27T05:10:45,63,97,0.93,1
2026-09-27T05:10:46,61,96,0.88,1
2026-09-27T05:10:47,63,96,0.86,1
2026-09-27T05:10:48,65,97,0.90,1
2026-09-27T05:10:49,61,97,0.90,1
2026-09-27T05:10:50,62,96,0.95,1
2026-09-27T05:10:51,64,95,0.89,1
2026-09-27T05:10:52,64,95,0.86,1
2026-09-27T05:10:53,60,96,0.90,1
2026-09-27T05:10:54,64,95,0.91,1
2026-09-27T05:10:55,65,94,0.94,1
2026-09-27T05:10:56,62,96,0.95,1
2026-09-27T05:10:57,61,95,0.88,1
2026-09-27T05:10:58,61,95,0.86,1
2026-09-27T05:10:59,66,95,0.88,1
2026-09-27T05:11:00,61,95,0.89,1
2026-09-27T05:11:01,61,94,0.94,1
2026-09-27T05:11:02,64,94,0.94,1
2026-09-27T05:11:03,65,96,0.86,1
2026-09-27T05:11:04,62,96,0.87,1
2026-09-27T05:11:05,60,95,0.88,1
2026-09-27T05:11:06,60,96,0.87,1
2026-09-27T05:11:07,63,97,0.86,1
2026-09-27T05:11:08,63,95,0.86,1
2026-09-27T05:11:09,61,95,0.88,1
2026-09-27T05:11:10,62,97,0.94,1
2026-09-27T05:11:11,61,96,0.91,1
2026-09-27T05:11:12,61,95,0.89,1
2026-09-27T05:11:13,62,94,0.86,1
2026-09-27T05:11:14,61,95,0.90,1
2026-09-27T05:11:15,63,95,0.94,1
2026-09-27T05:11:16,60,96,0.90,1
2026-09-27T05:11:17,63,97,0.91,1
2026-09-27T05:11:18,63,96,0.95,1
2026-09-27T05:11:19,62,95,0.85,1
2026-09-27T05:11:20,66,94,0.90,1
2026-09-27T05:11:21,62,95,0.88,1
2026-09-27T05:11:22,63,97,0.95,1
2026-09-27T05:11:23,66,94,0.95,1
2026-09-27T05:11:24,64,94,0.85,1
2026-09-27T05:11:25,64,97,0.88,1
2026-09-27T05:11:26,64,94,0.88,1
2026-09-27T05:11:27,66,96,0.92,1
2026-09-27T05:11:28,62,97,0.92,1
2026-09-27T05:11:29,63,97,0.92,1
2026-09-27T05:11:30,63,96,0.94,1
2026-09-27T05:11:31,65,94,0.86,1
2026-09-27T05:11:32,66,97,0.86,1
2026-09-27T05:11:33,62,95,0.89,1
2026-09-27T05:11:34,60,97,0.89,1
2026-09-27T05:11:35,63,94,0.92,1
2026-09-27T05:11:36,62,94,0.86,1
2026-09-27T05:11:37,65,96,0.91,1
2026-09-27T05:11:38,66,97,0.89,1
2026-09-27T05:11:39,66,96,0.86,1
2026-09-27T05:11:40,66,97,0.89,1
2026-09-27T05:11:41,60,95,0.92,1
2026-09-27T05:11:42,66,97,0.91,1
2026-09-27T05:11:43,60,97,0.95,1
2026-09-27T05:11:44,62,94,0.85,1
2026-09-27T05:11:45,64,96,0.89,1
2026-09-27T05:11:46,65,95,0.93,1
2026-09-27T05:11:47,62,95,0.93,1
2026-09-27T05:11:48,64,96,0.87,1
2026-09-27T05:11:49,62,96,0.93,1
2026-09-27T05:11:50,62,95,0.93,1
2026-09-27T05:11:51,64,95,0.92,1
2026-09-27T05:11:52,66,95,0.91,1
2026-09-27T05:11:53,62,96,0.92,1
2026-09-27T05:11:54,61,97,0.85,1
2026-09-27T05:11:55,63,97,0.87,1
2026-09-27T05:11:56,65,97,0.88,1
2026-09-27T05:11:57,63,94,0.93,1
2026-09-27T05:11:58,62,94,0.86,1
2026-09-27T05:11:59,62,94,0.89,1
2026-09-27T05:12:00,62,96,0.91,1
2026-09-27T05:12:01,60,94,0.92,1
2026-09-27T05:12:02,66,97,0.90,1
2026-09-27T05:12:03,64,95,0.92,1
2026-09-27T05:12:04,63,95,0.93,1
2026-09-27T05:12:05,65,95,0.90,1
2026-09-27T05:12:06,61,94,0.94,1
2026-09-27T05:12:07,62,97,0.92,1
2026-09-27T05:12:08,65,94,0.91,1
2026-09-27T05:12:09,64,96,0.95,1
2026-09-27T05:12:10,61,94,0.86,1
2026-09-27T05:12:11,63,94,0.91,1
2026-09-27T05:12:12,60,94,0.87,1
2026-09-27T05:12:13,62,97,0.88,1
2026-09-27T05:12:14,62,96,0.95,1
2026-09-27T05:12:15,62,97,0.93,1
2026-09-27T05:12:16,65,96,0.95,1
2026-09-27T05:12:17,62,94,0.90,1
2026-09-27T05:12:18,65,97,0.87,1
2026-09-27T05:12:19,66,95,0.85,1
2026-09-27T05:12:20,63,94,0.93,1
2026-09-27T05:12:21,63,97,0.87,1
2026-09-27T05:12:22,66,97,0.92,1
2026-09-27T05:12:23,64,95,0.88,1
2026-09-27T05:12:24,66,97,0.89,1
2026-09-27T05:12:25,66,97,0.86,1
2026-09-27T05:12:26,65,97,0.88,1
2026-09-27T05:12:27,66,97,0.91,1
2026-09-27T05:12:28,63,95,0.94,1
2026-09-27T05:12:29,65,97,0.93,1
2026-09-27T05:12:30,62,95,0.87,1
2026-09-27T05:12:31,65,95,0.90,1
2026-09-27T05:12:32,63,95,0.88,1
2026-09-27T05:12:33,61,96,0.88,1
2026-09-27T05:12:34,63,97,0.87,1
2026-09-27T05:12:35,61,95,0.90,1
2026-09-27T05:12:36,63,97,0.86,1
2026-09-27T05:12:37,60,97,0.88,1
2026-09-27T05:12:38,63,94,0.87,1
2026-09-27T05:12:39,61,97,0.86,1
2026-09-27T05:12:40,62,96,0.95,1
2026-09-27T05:12:41,62,94,0.87,1
2026-09-27T05:12:42,65,94,0.87,1
2026-09-27T05:12:43,60,97,0.91,1
2026-09-27T05:12:44,60,94,0.89,1
2026-09-27T05:12:45,62,95,0.86,1
2026-09-27T05:12:46,60,94,0.88,1
2026-09-27T05:12:47,60,95,0.91,1
2026-09-27T05:12:48,60,97,0.91,1
2026-09-27T05:12:49,66,94,0.86,1
2026-09-27T05:12:50,60,95,0.88,1
2026-09-27T05:12:51,62,96,0.90,1
2026-09-27T05:12:52,64,95,0.93,1
2026-09-27T05:12:53,64,97,0.93,1
2026-09-27T05:12:54,63,95,0.89,1
2026-09-27T05:12:55,61,94,0.87,1
2026-09-27T05:12:56,66,95,0.90,1
2026-09-27T05:12:57,66,94,0.93,1
2026-09-27T05:12:58,61,95,0.89,1
2026-09-27T05:12:59,60,95,0.95,1
2026-09-27T05:13:00,65,96,0.87,1
2026-09-27T05:13:01,60,95,0.89,1
2026-09-27T05:13:02,66,96,0.94,1
2026-09-27T05:13:03,63,94,0.87,1
2026-09-27T05:13:04,60,96,0.94,1
2026-09-27T05:13:05,65,96,0.92,1
2026-09-27T05:13:06,65,95,0.95,1
2026-09-27T05:13:07,61,96,0.88,1
2026-09-27T05:13:08,63,96,0.90,1
2026-09-27T05:13:09,61,95,0.87,1
2026-09-27T05:13:10,63,95,0.92,1
2026-09-27T05:13:11,64,94,0.90,1
2026-09-27T05:13:12,65,97,0.95,1
2026-09-27T05:13:13,60,96,0.86,1
2026-09-27T05:13:14,64,94,0.93,1
2026-09-27T05:13:15,65,95,0.92,1
2026-09-27T05:13:16,61,96,0.88,1
2026-09-27T05:13:17,64,95,0.87,1
2026-09-27T05:13:18,65,94,0.95,1
2026-09-27T05:13:19,62,97,0.86,1
2026-09-27T05:13:20,62,94,0.94,1
2026-09-27T05:13:21,61,97,0.88,1
2026-09-27T05:13:22,63,95,0.92,1
2026-09-27T05:13:23,60,94,0.86,1
2026-09-27T05:13:24,63,96,0.89,1
2026-09-27T05:13:25,66,97,0.94,1
2026-09-27T05:13:26,60,96,0.89,1
2026-09-27T05:13:27,64,97,0.87,1
2026-09-27T05:13:28,61,96,0.94,1
2026-09-27T05:13:29,62,94,0.86,1
2026-09-27T05:13:30,61,96,0.92,1
2026-09-27T05:13:31,65,95,0.87,1
2026-09-27T05:13:32,62,94,0.94,1
2026-09-27T05:13:33,60,96,0.91,1
2026-09-27T05:13:34,64,95,0.90,1
2026-09-27T05:13:35,63,96,0.95,1
2026-09-27T05:13:36,65,95,0.91,1
2026-09-27T05:13:37,60,96,0.89,1
2026-09-27T05:13:38,61,95,0.87,1
2026-09-27T05:13:39,62,96,0.86,1
2026-09-27T05:13:40,61,97,0.95,1
2026-09-27T05:13:41,66,94,0.92,1
2026-09-27T05:13:42,61,96,0.86,1
2026-09-27T05:13:43,64,96,0.90,1
2026-09-27T05:13:44,63,95,0.91,1
2026-09-27T05:13:45,62,94,0.92,1
2026-09-27T05:13:46,64,94,0.90,1
2026-09-27T05:13:47,60,95,0.92,1
2026-09-27T05:13:48,60,94,0.90,1
2026-09-27T05:13:49,61,94,0.87,1
2026-09-27T05:13:50,65,96,0.89,1
2026-09-27T05:13:51,64,96,0.91,1
2026-09-27T05:13:52,60,97,0.91,1
2026-09-27T05:13:53,66,96,0.87,1
2026-09-27T05:13:54,61,95,0.94,1
2026-09-27T05:13:55,65,96,0.86,1
2026-09-27T05:13:56,66,97,0.88,1
2026-09-27T05:13:57,65,97,0.93,1
2026-09-27T05:13:58,61,95,0.85,1
2026-09-27T05:13:59,64,94,0.94,1
2026-09-27T05:14:00,60,95,0.93,1
2026-09-27T05:14:01,66,95,0.89,1
2026-09-27T05:14:02,61,96,0.86,1
2026-09-27T05:14:03,60,95,0.95,1
2026-09-27T05:14:04,60,95,0.89,1
2026-09-27T05:14:05,60,94,0.92,1
2026-09-27T05:14:06,66,94,0.86,1
2026-09-27T05:14:07,66,97,0.94,1
2026-09-27T05:14:08,63,95,0.90,1
2026-09-27T05:14:09,66,94,0.91,1
2026-09-27T05:14:10,63,97,0.91,1
2026-09-27T05:14:11,65,94,0.86,1
2026-09-27T05:14:12,65,94,0.87,1
2026-09-27T05:14:13,66,94,0.93,1
2026-09-27T05:14:14,64,96,0.88,1
2026-09-27T05:14:15,64,97,0.85,1
2026-09-27T05:14:16,62,97,0.93,1
2026-09-27T05:14:17,64,97,0.85,1
2026-09-27T05:14:18,64,95,0.88,1
2026-09-27T05:14:19,60,97,0.85,1
2026-09-27T05:14:20,62,96,0.88,1
2026-09-27T05:14:21,60,96,0.89,1
2026-09-27T05:14:22,64,94,0.88,1
2026-09-27T05:14:23,63,95,0.94,1
2026-09-27T05:14:24,60,96,0.85,1
2026-09-27T05:14:25,62,97,0.86,1
2026-09-27T05:14:26,63,96,0.90,1
2026-09-27T05:14:27,64,96,0.86,1
2026-09-27T05:14:28,62,96,0.93,1
2026-09-27T05:14:29,66,96,0.85,1
2026-09-27T05:14:30,66,94,0.95,1
2026-09-27T05:14:31,60,94,0.91,1
2026-09-27T05:14:32,66,96,0.95,1
2026-09-27T05:14:33,65,95,0.90,1
2026-09-27T05:14:34,65,94,0.88,1
2026-09-27T05:14:35,60,95,0.89,1
2026-09-27T05:14:36,66,95,0.85,1
2026-09-27T05:14:37,60,97,0.87,1
2026-09-27T05:14:38,66,96,0.91,1
2026-09-27T05:14:39,64,94,0.90,1
2026-09-27T05:14:40,63,95,0.86,1
2026-09-27T05:14:41,66,97,0.87,1
2026-09-27T05:14:42,60,94,0.93,1
2026-09-27T05:14:43,62,94,0.88,1
2026-09-27T05:14:44,64,97,0.93,1
2026-09-27T05:14:45,60,97,0.94,1
2026-09-27T05:14:46,60,94,0.92,1
2026-09-27T05:14:47,66,94,0.91,1
2026-09-27T05:14:48,65,96,0.87,1
2026-09-27T05:14:49,60,95,0.93,1
2026-09-27T05:14:50,65,95,0.90,1
2026-09-27T05:14:51,61,95,0.94,1
2026-09-27T05:14:52,63,95,0.95,1
2026-09-27T05:14:53,65,94,0.89,1
2026-09-27T05:14:54,66,94,0.88,1
2026-09-27T05:14:55,63,97,0.85,1
2026-09-27T05:14:56,64,97,0.89,1
2026-09-27T05:14:57,64,94,0.85,1
2026-09-27T05:14:58,61,95,0.89,1
2026-09-27T05:14:59,61,97,0.87,1
2026-09-27T05:15:00,61,94,0.89,1
2026-09-27T05:15:01,62,95,0.90,1
2026-09-27T05:15:02,63,94,0.86,1
2026-09-27T05:15:03,65,95,0.86,1
2026-09-27T05:15:04,66,95,0.88,1
2026-09-27T05:15:05,65,95,0.92,1
2026-09-27T05:15:06,60,94,0.86,1
2026-09-27T05:15:07,65,96,0.87,1
2026-09-27T05:15:08,63,97,0.89,1
2026-09-27T05:15:09,63,97,0.88,1
2026-09-27T05:15:10,61,96,0.88,1
2026-09-27T05:15:11,61,94,0.86,1
2026-09-27T05:15:12,64,97,0.87,1
2026-09-27T05:15:13,65,94,0.86,1
2026-09-27T05:15:14,63,95,0.94,1
2026-09-27T05:15:15,60,97,0.86,1
2026-09-27T05:15:16,64,95,0.89,1
2026-09-27T05:15:17,61,96,0.89,1
2026-09-27T05:15:18,63,94,0.88,1
2026-09-27T05:15:19,63,96,0.92,1
2026-09-27T05:15:20,62,97,0.86,1
2026-09-27T05:15:21,66,96,0.87,1
2026-09-27T05:15:22,60,97,0.92,1
2026-09-27T05:15:23,66,94,0.88,1
2026-09-27T05:15:24,65,94,0.90,1
2026-09-27T05:15:25,66,97,0.88,1
2026-09-27T05:15:26,63,95,0.87,1
2026-09-27T05:15:27,65,95,0.87,1
2026-09-27T05:15:28,60,97,0.94,1
2026-09-27T05:15:29,60,94,0.92,1
2026-09-27T05:15:30,63,95,0.93,1
2026-09-27T05:15:31,66,95,0.88,1
2026-09-27T05:15:32,64,95,0.87,1
2026-09-27T05:15:33,66,95,0.94,1
2026-09-27T05:15:34,63,97,0.90,1
2026-09-27T05:15:35,65,97,0.90,1
2026-09-27T05:15:36,60,96,0.93,1
2026-09-27T05:15:37,64,94,0.88,1
2026-09-27T05:15:38,60,95,0.87,1
2026-09-27T05:15:39,65,96,0.89,1
2026-09-27T05:15:40,64,95,0.90,1
2026-09-27T05:15:41,60,95,0.86,1
2026-09-27T05:15:42,65,95,0.92,1
2026-09-27T05:15:43,65,97,0.85,1
2026-09-27T05:15:44,63,94,0.88,1
2026-09-27T05:15:45,65,94,0.94,1
2026-09-27T05:15:46,65,96,0.93,1
2026-09-27T05:15:47,64,96,0.91,1
2026-09-27T05:15:48,60,95,0.93,1
2026-09-27T05:15:49,62,96,0.94,1
2026-09-27T05:15:50,63,94,0.89,1
2026-09-27T05:15:51,61,97,0.93,1
2026-09-27T05:15:52,64,95,0.95,1
2026-09-27T05:15:53,61,94,0.88,1
2026-09-27T05:15:54,63,95,0.87,1
2026-09-27T05:15:55,65,97,0.89,1
2026-09-27T05:15:56,61,95,0.91,1
2026-09-27T05:15:57,60,97,0.92,1
2026-09-27T05:15:58,61,96,0.95,1
2026-09-27T05:15:59,65,97,0.87,1
2026-09-27T05:16:00,66,94,0.92,1
2026-09-27T05:16:01,62,96,0.90,1
2026-09-27T05:16:02,61,94,0.88,1
2026-09-27T05:16:03,64,95,0.86,1
2026-09-27T05:16:04,60,94,0.92,1
2026-09-27T05:16:05,66,97,0.86,1
2026-09-27T05:16:06,66,96,0.89,1
2026-09-27T05:16:07,65,94,0.85,1
2026-09-27T05:16:08,62,97,0.94,1
2026-09-27T05:16:09,61,96,0.92,1
2026-09-27T05:16:10,62,95,0.88,1
2026-09-27T05:16:11,60,95,0.94,1
2026-09-27T05:16:12,64,94,0.88,1
2026-09-27T05:16:13,66,94,0.91,1
2026-09-27T05:16:14,63,94,0.85,1
2026-09-27T05:16:15,61,94,0.92,1
2026-09-27T05:16:16,61,96,0.88,1
2026-09-27T05:16:17,61,95,0.95,1
2026-09-27T05:16:18,66,94,0.94,1
2026-09-27T05:16:19,65,94,0.89,1
2026-09-27T05:16:20,63,96,0.92,1
2026-09-27T05:16:21,60,96,0.89,1
2026-09-27T05:16:22,66,94,0.94,1
2026-09-27T05:16:23,60,96,0.93,1
2026-09-27T05:16:24,61,94,0.93,1
2026-09-27T05:16:25,64,95,0.89,1
2026-09-27T05:16:26,63,97,0.85,1
2026-09-27T05:16:27,60,95,0.91,1
2026-09-27T05:16:28,64,94,0.88,1
2026-09-27T05:16:29,66,96,0.91,1
2026-09-27T05:16:30,64,96,0.87,1
2026-09-27T05:16:31,63,96,0.92,1
2026-09-27T05:16:32,63,97,0.86,1
2026-09-27T05:16:33,66,96,0.86,1
2026-09-27T05:16:34,62,95,0.95,1
2026-09-27T05:16:35,66,95,0.93,1
2026-09-27T05:16:36,65,95,0.87,1
2026-09-27T05:16:37,62,95,0.92,1
2026-09-27T05:16:38,65,97,0.93,1
2026-09-27T05:16:39,65,96,0.86,1
2026-09-27T05:16:40,61,97,0.86,1
2026-09-27T05:16:41,64,96,0.94,1
2026-09-27T05:16:42,66,94,0.86,1
2026-09-27T05:16:43,61,95,0.91,1
2026-09-27T05:16:44,60,95,0.91,1
2026-09-27T05:16:45,61,95,0.90,1
2026-09-27T05:16:46,62,97,0.85,1
2026-09-27T05:16:47,64,97,0.92,1
2026-09-27T05:16:48,60,96,0.89,1
2026-09-27T05:16:49,65,97,0.88,1
2026-09-27T05:16:50,60,97,0.88,1
2026-09-27T05:16:51,64,97,0.86,1
2026-09-27T05:16:52,63,97,0.88,1
2026-09-27T05:16:53,66,95,0.92,1
2026-09-27T05:16:54,63,94,0.94,1
2026-09-27T05:16:55,61,97,0.88,1
2026-09-27T05:16:56,60,97,0.93,1
2026-09-27T05:16:57,66,96,0.85,1
2026-09-27T05:16:58,65,97,0.86,1
2026-09-27T05:16:59,66,94,0.87,1
2026-09-27T05:17:00,64,97,0.93,1
2026-09-27T05:17:01,66,96,0.87,1
2026-09-27T05:17:02,60,94,0.86,1
2026-09-27T05:17:03,60,94,0.86,1
2026-09-27T05:17:04,61,97,0.92,1
2026-09-27T05:17:05,60,97,0.94,1
2026-09-27T05:17:06,61,94,0.86,1
2026-09-27T05:17:07,61,96,0.94,1
2026-09-27T05:17:08,60,96,0.93,1
2026-09-27T05:17:09,61,94,0.88,1
2026-09-27T05:17:10,61,95,0.92,1
2026-09-27T05:17:11,62,94,0.93,1
2026-09-27T05:17:12,66,94,0.93,1
2026-09-27T05:17:13,63,94,0.87,1
2026-09-27T05:17:14,61,97,0.91,1
2026-09-27T05:17:15,61,94,0.88,1
2026-09-27T05:17:16,60,97,0.87,1
2026-09-27T05:17:17,65,94,0.95,1
2026-09-27T05:17:18,64,94,0.92,1
2026-09-27T05:17:19,66,97,0.93,1
2026-09-27T05:17:20,66,94,0.95,1
2026-09-27T05:17:21,60,97,0.90,1
2026-09-27T05:17:22,66,94,0.89,1
2026-09-27T05:17:23,62,95,0.87,1
2026-09-27T05:17:24,65,94,0.91,1
2026-09-27T05:17:25,61,95,0.88,1
2026-09-27T05:17:26,61,95,0.94,1
2026-09-27T05:17:27,66,95,0.89,1
2026-09-27T05:17:28,61,97,0.92,1
2026-09-27T05:17:29,63,94,0.93,1
2026-09-27T05:17:30,62,94,0.90,1
2026-09-27T05:17:31,62,96,0.93,1
2026-09-27T05:17:32,65,94,0.87,1
2026-09-27T05:17:33,61,96,0.85,1
2026-09-27T05:17:34,66,96,0.91,1
2026-09-27T05:17:35,66,94,0.85,1
2026-09-27T05:17:36,65,96,0.86,1
2026-09-27T05:17:37,61,96,0.93,1
2026-09-27T05:17:38,64,95,0.85,1
2026-09-27T05:17:39,66,95,0.89,1
2026-09-27T05:17:40,61,96,0.92,1
2026-09-27T05:17:41,61,96,0.87,1
2026-09-27T05:17:42,66,94,0.87,1
2026-09-27T05:17:43,64,94,0.90,1
2026-09-27T05:17:44,65,95,0.86,1
2026-09-27T05:17:45,64,95,0.94,1
2026-09-27T05:17:46,66,95,0.87,1
2026-09-27T05:17:47,66,94,0.86,1
2026-09-27T05:17:48,62,96,0.86,1
2026-09-27T05:17:49,65,94,0.86,1
2026-09-27T05:17:50,62,97,0.87,1
2026-09-27T05:17:51,66,95,0.88,1
2026-09-27T05:17:52,62,96,0.87,1
2026-09-27T05:17:53,64,95,0.94,1
2026-09-27T05:17:54,64,95,0.88,1
2026-09-27T05:17:55,66,96,0.94,1
2026-09-27T05:17:56,65,97,0.86,1
2026-09-27T05:17:57,60,96,0.88,1
2026-09-27T05:17:58,63,97,0.87,1
2026-09-27T05:17:59,66,97,0.93,1
2026-09-27T05:18:00,66,94,0.86,1
2026-09-27T05:18:01,66,97,0.92,1
2026-09-27T05:18:02,62,94,0.89,1
2026-09-27T05:18:03,64,97,0.95,1
2026-09-27T05:18:04,62,95,0.92,1
2026-09-27T05:18:05,64,97,0.92,1
2026-09-27T05:18:06,66,96,0.93,1
2026-09-27T05:18:07,60,97,0.85,1
2026-09-27T05:18:08,65,96,0.89,1
2026-09-27T05:18:09,61,96,0.94,1
2026-09-27T05:18:10,64,94,0.91,1
2026-09-27T05:18:11,62,96,0.93,1
2026-09-27T05:18:12,60,95,0.91,1
2026-09-27T05:18:13,63,94,0.95,1
2026-09-27T05:18:14,65,96,0.93,1
2026-09-27T05:18:15,61,95,0.85,1
2026-09-27T05:18:16,62,94,0.93,1
2026-09-27T05:18:17,64,95,0.95,1
2026-09-27T05:18:18,64,94,0.86,1
2026-09-27T05:18:19,64,95,0.91,1
2026-09-27T05:18:20,62,97,0.91,1
2026-09-27T05:18:21,63,94,0.95,1
2026-09-27T05:18:22,62,97,0.91,1
2026-09-27T05:18:23,66,95,0.95,1
2026-09-27T05:18:24,65,96,0.87,1
2026-09-27T05:18:25,62,95,0.91,1
2026-09-27T05:18:26,66,96,0.85,1
2026-09-27T05:18:27,63,96,0.88,1
2026-09-27T05:18:28,60,97,0.86,1
2026-09-27T05:18:29,66,96,0.88,1
2026-09-27T05:18:30,61,96,0.86,1
2026-09-27T05:18:31,63,96,0.89,1
2026-09-27T05:18:32,64,94,0.86,1
2026-09-27T05:18:33,66,95,0.85,1
2026-09-27T05:18:34,64,97,0.95,1
2026-09-27T05:18:35,61,96,0.86,1
2026-09-27T05:18:36,61,97,0.92,1
2026-09-27T05:18:37,62,95,0.95,1
2026-09-27T05:18:38,60,94,0.87,1
2026-09-27T05:18:39,63,97,0.86,1
2026-09-27T05:18:40,63,95,0.90,1
2026-09-27T05:18:41,65,95,0.93,1
2026-09-27T05:18:42,65,95,0.95,1
2026-09-27T05:18:43,60,94,0.89,1
2026-09-27T05:18:44,61,96,0.94,1
2026-09-27T05:18:45,60,95,0.87,1
2026-09-27T05:18:46,61,94,0.86,1
2026-09-27T05:18:47,62,95,0.87,1
2026-09-27T05:18:48,64,95,0.93,1
2026-09-27T05:18:49,61,97,0.88,1
2026-09-27T05:18:50,64,94,0.85,1
2026-09-27T05:18:51,64,94,0.94,1
2026-09-27T05:18:52,62,94,0.90,1
2026-09-27T05:18:53,62,95,0.88,1
2026-09-27T05:18:54,65,96,0.90,1
2026-09-27T05:18:55,66,95,0.93,1
2026-09-27T05:18:56,65,94,0.87,1
2026-09-27T05:18:57,64,96,0.90,1
2026-09-27T05:18:58,62,96,0.91,1
2026-09-27T05:18:59,63,95,0.88,1
2026-09-27T05:19:00,66,95,0.89,1
2026-09-27T05:19:01,64,97,0.95,1
2026-09-27T05:19:02,65,95,0.89,1
2026-09-27T05:19:03,61,95,0.94,1
2026-09-27T05:19:04,61,97,0.88,1
2026-09-27T05:19:05,62,95,0.93,1
2026-09-27T05:19:06,66,95,0.94,1
2026-09-27T05:19:07,60,97,0.87,1
2026-09-27T05:19:08,60,97,0.90,1
2026-09-27T05:19:09,61,97,0.86,1
2026-09-27T05:19:10,66,94,0.92,1
2026-09-27T05:19:11,60,96,0.93,1
2026-09-27T05:19:12,62,96,0.91,1
2026-09-27T05:19:13,65,96,0.88,1
2026-09-27T05:19:14,61,97,0.94,1
2026-09-27T05:19:15,61,94,0.86,1
2026-09-27T05:19:16,63,97,0.87,1
2026-09-27T05:19:17,60,94,0.93,1
2026-09-27T05:19:18,60,97,0.91,1
2026-09-27T05:19:19,66,96,0.92,1
2026-09-27T05:19:20,66,97,0.90,1
2026-09-27T05:19:21,65,96,0.91,1
2026-09-27T05:19:22,62,95,0.91,1
2026-09-27T05:19:23,65,95,0.89,1
2026-09-27T05:19:24,61,96,0.89,1
2026-09-27T05:19:25,63,96,0.93,1
2026-09-27T05:19:26,62,96,0.94,1
2026-09-27T05:19:27,66,97,0.89,1
2026-09-27T05:19:28,61,95,0.87,1
2026-09-27T05:19:29,61,96,0.94,1
2026-09-27T05:19:30,65,94,0.91,1
2026-09-27T05:19:31,66,94,0.87,1
2026-09-27T05:19:32,62,94,0.93,1
2026-09-27T05:19:33,63,96,0.93,1
2026-09-27T05:19:34,60,97,0.92,1
2026-09-27T05:19:35,64,96,0.88,1
2026-09-27T05:19:36,65,95,0.87,1
2026-09-27T05:19:37,65,97,0.92,1
2026-09-27T05:19:38,62,97,0.87,1
2026-09-27T05:19:39,65,94,0.92,1
2026-09-27T05:19:40,64,96,0.86,1
2026-09-27T05:19:41,63,97,0.87,1
2026-09-27T05:19:42,66,96,0.95,1
2026-09-27T05:19:43,62,97,0.92,1
2026-09-27T05:19:44,60,96,0.85,1
2026-09-27T05:19:45,60,94,0.88,1
2026-09-27T05:19:46,61,96,0.85,1
2026-09-27T05:19:47,63,96,0.92,1
2026-09-27T05:19:48,62,95,0.94,1
2026-09-27T05:19:49,62,96,0.86,1
2026-09-27T05:19:50,65,97,0.92,1
2026-09-27T05:19:51,63,95,0.93,1
2026-09-27T05:19:52,64,94,0.90,1
2026-09-27T05:19:53,62,95,0.95,1
2026-09-27T05:19:54,66,96,0.85,1
2026-09-27T05:19:55,63,94,0.86,1
2026-09-27T05:19:56,65,94,0.93,1
2026-09-27T05:19:57,62,95,0.87,1
2026-09-27T05:19:58,65,96,0.86,1
2026-09-27T05:19:59,66,96,0.88,1
2026-09-27T05:20:00,65,96,0.94,1
2026-09-27T05:20:01,61,94,0.88,1
2026-09-27T05:20:02,61,94,0.88,1
2026-09-27T05:20:03,60,94,0.91,1
2026-09-27T05:20:04,62,95,0.89,1
2026-09-27T05:20:05,63,94,0.93,1
2026-09-27T05:20:06,64,96,0.89,1
2026-09-27T05:20:07,66,96,0.93,1
2026-09-27T05:20:08,62,94,0.94,1
2026-09-27T05:20:09,63,95,0.92,1
2026-09-27T05:20:10,61,95,0.89,1
2026-09-27T05:20:11,60,95,0.88,1
2026-09-27T05:20:12,62,96,0.91,1
2026-09-27T05:20:13,64,94,0.91,1
2026-09-27T05:20:14,60,95,0.88,1
2026-09-27T05:20:15,66,95,0.88,1
2026-09-27T05:20:16,64,94,0.86,1
2026-09-27T05:20:17,60,94,0.89,1
2026-09-27T05:20:18,60,95,0.92,1
2026-09-27T05:20:19,60,95,0.88,1
2026-09-27T05:20:20,60,95,0.89,1
2026-09-27T05:20:21,60,94,0.86,1
2026-09-27T05:20:22,63,97,0.88,1
2026-09-27T05:20:23,62,95,0.86,1
2026-09-27T05:20:24,62,94,0.91,1
2026-09-27T05:20:25,64,94,0.90,1
2026-09-27T05:20:26,64,94,0.94,1
2026-09-27T05:20:27,61,96,0.94,1
2026-09-27T05:20:28,61,97,0.88,1
2026-09-27T05:20:29,60,94,0.95,1
2026-09-27T05:20:30,60,96,0.88,1
2026-09-27T05:20:31,61,95,0.86,1
2026-09-27T05:20:32,61,95,0.87,1
2026-09-27T05:20:33,62,96,0.92,1
2026-09-27T05:20:34,66,97,0.94,1
2026-09-27T05:20:35,65,94,0.92,1
2026-09-27T05:20:36,63,94,0.89,1
2026-09-27T05:20:37,62,96,0.86,1
2026-09-27T05:20:38,64,96,0.88,1
2026-09-27T05:20:39,63,94,0.88,1
2026-09-27T05:20:40,60,95,0.90,1
2026-09-27T05:20:41,60,95,0.87,1
2026-09-27T05:20:42,65,96,0.93,1
2026-09-27T05:20:43,64,94,0.90,1
2026-09-27T05:20:44,62,97,0.85,1
2026-09-27T05:20:45,62,97,0.91,1
2026-09-27T05:20:46,66,96,0.92,1
2026-09-27T05:20:47,63,96,0.87,1
2026-09-27T05:20:48,61,94,0.85,1
2026-09-27T05:20:49,61,97,0.90,1
2026-09-27T05:20:50,65,97,0.89,1
2026-09-27T05:20:51,61,96,0.85,1
2026-09-27T05:20:52,61,95,0.94,1
2026-09-27T05:20:53,62,94,0.86,1
2026-09-27T05:20:54,66,94,0.94,1
2026-09-27T05:20:55,62,94,0.89,1
2026-09-27T05:20:56,62,97,0.93,1
2026-09-27T05:20:57,63,97,0.92,1
2026-09-27T05:20:58,63,96,0.85,1
2026-09-27T05:20:59,60,97,0.91,1
2026-09-27T05:21:00,66,94,0.91,1
2026-09-27T05:21:01,64,94,0.89,1
2026-09-27T05:21:02,64,96,0.90,1
2026-09-27T05:21:03,61,94,0.94,1
2026-09-27T05:21:04,66,97,0.93,1
2026-09-27T05:21:05,60,97,0.85,1
2026-09-27T05:21:06,60,95,0.91,1
2026-09-27T05:21:07,62,95,0.92,1
2026-09-27T05:21:08,64,97,0.93,1
2026-09-27T05:21:09,66,94,0.94,1
2026-09-27T05:21:10,65,96,0.92,1
2026-09-27T05:21:11,61,94,0.92,1
2026-09-27T05:21:12,60,96,0.92,1
2026-09-27T05:21:13,60,95,0.92,1
2026-09-27T05:21:14,62,97,0.94,1
2026-09-27T05:21:15,60,96,0.90,1
2026-09-27T05:21:16,60,97,0.89,1
2026-09-27T05:21:17,61,96,0.93,1
2026-09-27T05:21:18,64,97,0.92,1
2026-09-27T05:21:19,63,97,0.92,1
2026-09-27T05:21:20,61,95,0.92,1
2026-09-27T05:21:21,61,94,0.90,1
2026-09-27T05:21:22,65,94,0.88,1
2026-09-27T05:21:23,62,94,0.90,1
2026-09-27T05:21:24,61,96,0.88,1
2026-09-27T05:21:25,61,94,0.89,1
2026-09-27T05:21:26,64,96,0.87,1
2026-09-27T05:21:27,61,96,0.85,1
2026-09-27T05:21:28,61,96,0.94,1
2026-09-27T05:21:29,62,95,0.90,1
2026-09-27T05:21:30,65,97,0.89,1
2026-09-27T05:21:31,63,97,0.85,1
2026-09-27T05:21:32,66,94,0.94,1
2026-09-27T05:21:33,61,96,0.89,1
2026-09-27T05:21:34,61,95,0.91,1
2026-09-27T05:21:35,63,94,0.87,1
2026-09-27T05:21:36,61,95,0.90,1
2026-09-27T05:21:37,64,94,0.87,1
2026-09-27T05:21:38,64,95,0.87,1
2026-09-27T05:21:39,61,95,0.87,1
2026-09-27T05:21:40,63,97,0.85,1
2026-09-27T05:21:41,64,94,0.88,1
2026-09-27T05:21:42,62,95,0.91,1
2026-09-27T05:21:43,60,95,0.93,1
2026-09-27T05:21:44,64,97,0.92,1
2026-09-27T05:21:45,61,95,0.88,1
2026-09-27T05:21:46,63,97,0.89,1
2026-09-27T05:21:47,65,95,0.86,1
2026-09-27T05:21:48,60,94,0.90,1
2026-09-27T05:21:49,62,97,0.86,1
2026-09-27T05:21:50,62,95,0.94,1
2026-09-27T05:21:51,60,94,0.93,1
2026-09-27T05:21:52,64,97,0.93,1
2026-09-27T05:21:53,63,94,0.87,1
2026-09-27T05:21:54,66,95,0.88,1
2026-09-27T05:21:55,64,94,0.88,1
2026-09-27T05:21:56,64,97,0.91,1
2026-09-27T05:21:57,62,97,0.95,1
2026-09-27T05:21:58,62,95,0.90,1
2026-09-27T05:21:59,60,94,0.89,1
2026-09-27T05:22:00,63,94,0.89,1
2026-09-27T05:22:01,62,96,0.94,1
2026-09-27T05:22:02,64,94,0.86,1
2026-09-27T05:22:03,64,95,0.88,1
2026-09-27T05:22:04,64,95,0.88,1
2026-09-27T05:22:05,65,97,0.86,1
2026-09-27T05:22:06,61,96,0.91,1
2026-09-27T05:22:07,62,94,0.86,1
2026-09-27T05:22:08,62,97,0.87,1
2026-09-27T05:22:09,61,96,0.92,1
2026-09-27T05:22:10,65,97,0.89,1
2026-09-27T05:22:11,60,94,0.91,1
2026-09-27T05:22:12,62,95,0.87,1
2026-09-27T05:22:13,62,95,0.88,1
2026-09-27T05:22:14,64,95,0.94,1
2026-09-27T05:22:15,60,95,0.88,1
2026-09-27T05:22:16,62,96,0.87,1
2026-09-27T05:22:17,63,95,0.86,1
2026-09-27T05:22:18,63,95,0.93,1
2026-09-27T05:22:19,66,95,0.92,1
2026-09-27T05:22:20,66,96,0.92,1
2026-09-27T05:22:21,62,97,0.91,1
2026-09-27T05:22:22,65,96,0.94,1
2026-09-27T05:22:23,65,96,0.86,1
2026-09-27T05:22:24,63,96,0.94,1
2026-09-27T05:22:25,62,97,0.86,1
2026-09-27T05:22:26,65,97,0.95,1
2026-09-27T05:22:27,61,96,0.93,1
2026-09-27T05:22:28,63,94,0.90,1
2026-09-27T05:22:29,63,95,0.88,1
2026-09-27T05:22:30,63,97,0.86,1
2026-09-27T05:22:31,66,97,0.86,1
2026-09-27T05:22:32,64,94,0.95,1
2026-09-27T05:22:33,64,94,0.89,1
2026-09-27T05:22:34,64,94,0.94,1
2026-09-27T05:22:35,63,94,0.95,1
2026-09-27T05:22:36,66,94,0.93,1
2026-09-27T05:22:37,66,97,0.92,1
2026-09-27T05:22:38,64,95,0.90,1
2026-09-27T05:22:39,62,95,0.89,1
2026-09-27T05:22:40,62,94,0.89,1
2026-09-27T05:22:41,61,95,0.91,1
2026-09-27T05:22:42,60,96,0.89,1
2026-09-27T05:22:43,60,95,0.93,1
2026-09-27T05:22:44,60,96,0.87,1
2026-09-27T05:22:45,61,96,0.88,1
2026-09-27T05:22:46,60,97,0.88,1
2026-09-27T05:22:47,62,97,0.95,1
2026-09-27T05:22:48,62,94,0.91,1
2026-09-27T05:22:49,63,94,0.93,1
2026-09-27T05:22:50,66,94,0.90,1
2026-09-27T05:22:51,63,97,0.92,1
2026-09-27T05:22:52,63,94,0.90,1
2026-09-27T05:22:53,63,97,0.93,1
2026-09-27T05:22:54,60,96,0.90,1
2026-09-27T05:22:55,63,97,0.88,1
2026-09-27T05:22:56,64,95,0.94,1
2026-09-27T05:22:57,65,94,0.90,1
2026-09-27T05:22:58,60,95,0.91,1
2026-09-27T05:22:59,64,97,0.92,1
2026-09-27T05:23:00,61,96,0.86,1
2026-09-27T05:23:01,60,94,0.91,1
2026-09-27T05:23:02,65,95,0.88,1
2026-09-27T05:23:03,66,97,0.85,1
2026-09-27T05:23:04,66,95,0.88,1
2026-09-27T05:23:05,60,97,0.91,1
2026-09-27T05:23:06,61,94,0.93,1
2026-09-27T05:23:07,66,97,0.89,1
2026-09-27T05:23:08,63,96,0.94,1
2026-09-27T05:23:09,61,97,0.89,1
2026-09-27T05:23:10,61,94,0.95,1
2026-09-27T05:23:11,63,96,0.95,1
2026-09-27T05:23:12,66,97,0.87,1
2026-09-27T05:23:13,62,97,0.88,1
2026-09-27T05:23:14,65,95,0.93,1
2026-09-27T05:23:15,64,97,0.88,1
2026-09-27T05:23:16,63,94,0.87,1
2026-09-27T05:23:17,60,96,0.93,1
2026-09-27T05:23:18,63,97,0.89,1
2026-09-27T05:23:19,63,97,0.87,1
2026-09-27T05:23:20,60,95,0.89,1
2026-09-27T05:23:21,61,94,0.90,1
2026-09-27T05:23:22,60,95,0.86,1
2026-09-27T05:23:23,66,97,0.89,1
2026-09-27T05:23:24,63,96,0.93,1
2026-09-27T05:23:25,65,97,0.90,1
2026-09-27T05:23:26,60,94,0.90,1
2026-09-27T05:23:27,62,96,0.91,1
2026-09-27T05:23:28,62,95,0.90,1
2026-09-27T05:23:29,65,96,0.87,1
2026-09-27T05:23:30,62,94,0.90,1
2026-09-27T05:23:31,61,97,0.88,1
2026-09-27T05:23:32,60,94,0.85,1
2026-09-27T05:23:33,64,94,0.85,1
2026-09-27T05:23:34,60,95,0.95,1
2026-09-27T05:23:35,62,96,0.88,1
2026-09-27T05:23:36,66,95,0.89,1
2026-09-27T05:23:37,61,97,0.91,1
2026-09-27T05:23:38,66,95,0.88,1
2026-09-27T05:23:39,65,96,0.86,1
2026-09-27T05:23:40,65,95,0.87,1
2026-09-27T05:23:41,66,94,0.91,1
2026-09-27T05:23:42,61,97,0.91,1
2026-09-27T05:23:43,60,96,0.86,1
2026-09-27T05:23:44,62,95,0.91,1
2026-09-27T05:23:45,61,94,0.93,1
2026-09-27T05:23:46,65,97,0.91,1
2026-09-27T05:23:47,61,96,0.87,1
2026-09-27T05:23:48,61,95,0.87,1
2026-09-27T05:23:49,62,97,0.87,1
2026-09-27T05:23:50,64,96,0.87,1
2026-09-27T05:23:51,63,95,0.86,1
2026-09-27T05:23:52,60,94,0.86,1
2026-09-27T05:23:53,62,96,0.94,1
2026-09-27T05:23:54,65,96,0.91,1
2026-09-27T05:23:55,62,96,0.94,1
2026-09-27T05:23:56,64,97,0.92,1
2026-09-27T05:23:57,61,94,0.90,1
2026-09-27T05:23:58,60,97,0.90,1
2026-09-27T05:23:59,66,96,0.90,1
2026-09-27T05:24:00,61,96,0.94,1
2026-09-27T05:24:01,65,95,0.91,1
2026-09-27T05:24:02,61,95,0.93,1
2026-09-27T05:24:03,62,94,0.89,1
2026-09-27T05:24:04,64,95,0.90,1
2026-09-27T05:24:05,60,97,0.86,1
2026-09-27T05:24:06,62,95,0.93,1
2026-09-27T05:24:07,60,97,0.93,1
2026-09-27T05:24:08,61,97,0.92,1
2026-09-27T05:24:09,64,95,0.95,1
2026-09-27T05:24:10,66,96,0.90,1
2026-09-27T05:24:11,65,94,0.89,1
2026-09-27T05:24:12,63,94,0.89,1
2026-09-27T05:24:13,65,97,0.88,1
2026-09-27T05:24:14,61,95,0.94,1
2026-09-27T05:24:15,64,97,0.93,1
2026-09-27T05:24:16,66,94,0.88,1
2026-09-27T05:24:17,65,96,0.93,1
2026-09-27T05:24:18,60,97,0.90,1
2026-09-27T05:24:19,63,95,0.89,1
2026-09-27T05:24:20,61,96,0.87,1
2026-09-27T05:24:21,64,97,0.92,1
2026-09-27T05:24:22,61,94,0.87,1
2026-09-27T05:24:23,65,97,0.87,1
2026-09-27T05:24:24,65,95,0.93,1
2026-09-27T05:24:25,61,95,0.88,1
2026-09-27T05:24:26,61,97,0.94,1
2026-09-27T05:24:27,61,97,0.86,1
2026-09-27T05:24:28,64,96,0.90,1
2026-09-27T05:24:29,65,96,0.88,1
2026-09-27T05:24:30,62,97,0.88,1
2026-09-27T05:24:31,62,97,0.89,1
2026-09-27T05:24:32,62,94,0.93,1
2026-09-27T05:24:33,64,96,0.91,1
2026-09-27T05:24:34,61,95,0.86,1
2026-09-27T05:24:35,64,95,0.93,1
2026-09-27T05:24:36,63,94,0.93,1
2026-09-27T05:24:37,60,97,0.94,1
2026-09-27T05:24:38,63,96,0.94,1
2026-09-27T05:24:39,65,94,0.87,1
2026-09-27T05:24:40,63,95,0.92,1
2026-09-27T05:24:41,64,96,0.89,1
2026-09-27T05:24:42,62,97,0.87,1
2026-09-27T05:24:43,60,97,0.92,1
2026-09-27T05:24:44,63,97,0.89,1
2026-09-27T05:24:45,65,95,0.92,1
2026-09-27T05:24:46,62,94,0.91,1
2026-09-27T05:24:47,60,97,0.89,1
2026-09-27T05:24:48,60,95,0.90,1
2026-09-27T05:24:49,63,96,0.94,1
2026-09-27T05:24:50,65,95,0.91,1
2026-09-27T05:24:51,63,97,0.89,1
2026-09-27T05:24:52,63,95,0.85,1
2026-09-27T05:24:53,64,95,0.91,1
2026-09-27T05:24:54,63,97,0.90,1
2026-09-27T05:24:55,61,94,0.90,1
2026-09-27T05:24:56,65,94,0.88,1
2026-09-27T05:24:57,65,96,0.90,1
2026-09-27T05:24:58,61,97,0.89,1
2026-09-27T05:24:59,63,96,0.88,1
2026-09-27T05:25:00,63,95,0.93,1
2026-09-27T05:25:01,64,97,0.85,1
2026-09-27T05:25:02,61,97,0.92,1
2026-09-27T05:25:03,64,96,0.91,1
2026-09-27T05:25:04,61,97,0.91,1
2026-09-27T05:25:05,61,94,0.94,1
2026-09-27T05:25:06,64,96,0.89,1
2026-09-27T05:25:07,61,96,0.89,1
2026-09-27T05:25:08,62,96,0.90,1
2026-09-27T05:25:09,62,96,0.90,1
2026-09-27T05:25:10,65,97,0.95,1
2026-09-27T05:25:11,66,97,0.90,1
2026-09-27T05:25:12,62,97,0.91,1
2026-09-27T05:25:13,64,94,0.95,1
2026-09-27T05:25:14,63,94,0.88,1
2026-09-27T05:25:15,64,94,0.92,1
2026-09-27T05:25:16,60,97,0.91,1
2026-09-27T05:25:17,64,95,0.94,1
2026-09-27T05:25:18,66,96,0.89,1
2026-09-27T05:25:19,63,96,0.93,1
2026-09-27T05:25:20,65,96,0.93,1
2026-09-27T05:25:21,63,97,0.91,1
2026-09-27T05:25:22,61,95,0.92,1
2026-09-27T05:25:23,64,97,0.86,1
2026-09-27T05:25:24,64,95,0.87,1
2026-09-27T05:25:25,60,96,0.93,1
2026-09-27T05:25:26,66,96,0.85,1
2026-09-27T05:25:27,66,97,0.94,1
2026-09-27T05:25:28,65,95,0.85,1
2026-09-27T05:25:29,60,94,0.94,1
2026-09-27T05:25:30,61,96,0.89,1
2026-09-27T05:25:31,65,97,0.87,1
2026-09-27T05:25:32,63,95,0.95,1
2026-09-27T05:25:33,63,94,0.86,1
2026-09-27T05:25:34,64,97,0.94,1
2026-09-27T05:25:35,63,96,0.88,1
2026-09-27T05:25:36,62,97,0.91,1
2026-09-27T05:25:37,64,94,0.89,1
2026-09-27T05:25:38,64,94,0.94,1
2026-09-27T05:25:39,61,95,0.91,1
2026-09-27T05:25:40,60,96,0.87,1
2026-09-27T05:25:41,63,97,0.91,1
2026-09-27T05:25:42,61,94,0.92,1
2026-09-27T05:25:43,64,94,0.88,1
2026-09-27T05:25:44,61,96,0.85,1
2026-09-27T05:25:45,63,97,0.93,1
2026-09-27T05:25:46,61,96,0.92,1
2026-09-27T05:25:47,62,95,0.89,1
2026-09-27T05:25:48,65,95,0.92,1
2026-09-27T05:25:49,64,96,0.95,1
2026-09-27T05:25:50,60,97,0.92,1
2026-09-27T05:25:51,63,94,0.89,1
2026-09-27T05:25:52,60,97,0.93,1
2026-09-27T05:25:53,62,94,0.92,1
2026-09-27T05:25:54,62,96,0.93,1
2026-09-27T05:25:55,65,96,0.92,1
2026-09-27T05:25:56,62,94,0.92,1
2026-09-27T05:25:57,60,94,0.92,1
2026-09-27T05:25:58,63,97,0.91,1
2026-09-27T05:25:59,63,94,0.95,1
2026-09-27T05:26:00,65,97,0.88,1
2026-09-27T05:26:01,66,95,0.89,1
2026-09-27T05:26:02,61,96,0.92,1
2026-09-27T05:26:03,62,97,0.95,1
2026-09-27T05:26:04,61,97,0.92,1
2026-09-27T05:26:05,63,96,0.88,1
2026-09-27T05:26:06,63,95,0.87,1
2026-09-27T05:26:07,66,96,0.91,1
2026-09-27T05:26:08,64,94,0.93,1
2026-09-27T05:26:09,60,97,0.93,1
2026-09-27T05:26:10,61,95,0.88,1
2026-09-27T05:26:11,65,95,0.93,1
2026-09-27T05:26:12,62,97,0.95,1
2026-09-27T05:26:13,62,94,0.87,1
2026-09-27T05:26:14,66,97,0.93,1
2026-09-27T05:26:15,61,95,0.86,1
2026-09-27T05:26:16,62,95,0.86,1
2026-09-27T05:26:17,60,96,0.90,1
2026-09-27T05:26:18,66,97,0.88,1
2026-09-27T05:26:19,66,94,0.88,1
2026-09-27T05:26:20,64,97,0.90,1
2026-09-27T05:26:21,66,94,0.88,1
2026-09-27T05:26:22,66,97,0.88,1
2026-09-27T05:26:23,66,97,0.95,1
2026-09-27T05:26:24,62,96,0.92,1
2026-09-27T05:26:25,65,95,0.87,1
2026-09-27T05:26:26,61,96,0.94,1
2026-09-27T05:26:27,66,95,0.89,1
2026-09-27T05:26:28,64,94,0.92,1
2026-09-27T05:26:29,62,96,0.93,1
2026-09-27T05:26:30,61,97,0.87,1
2026-09-27T05:26:31,60,95,0.88,1
2026-09-27T05:26:32,61,95,0.88,1
2026-09-27T05:26:33,65,96,0.92,1
2026-09-27T05:26:34,66,95,0.93,1
2026-09-27T05:26:35,64,96,0.86,1
2026-09-27T05:26:36,64,95,0.90,1
2026-09-27T05:26:37,62,96,0.87,1
2026-09-27T05:26:38,65,96,0.93,1
2026-09-27T05:26:39,66,95,0.85,1
2026-09-27T05:26:40,66,97,0.91,1
2026-09-27T05:26:41,65,95,0.92,1
2026-09-27T05:26:42,61,96,0.94,1
2026-09-27T05:26:43,63,97,0.86,1
2026-09-27T05:26:44,66,97,0.91,1
2026-09-27T05:26:45,62,95,0.87,1
2026-09-27T05:26:46,65,97,0.95,1
2026-09-27T05:26:47,62,97,0.93,1
2026-09-27T05:26:48,62,94,0.88,1
2026-09-27T05:26:49,61,96,0.89,1
2026-09-27T05:26:50,60,96,0.94,1
2026-09-27T05:26:51,64,97,0.92,1
2026-09-27T05:26:52,63,97,0.94,1
2026-09-27T05:26:53,61,97,0.88,1
2026-09-27T05:26:54,63,94,0.92,1
2026-09-27T05:26:55,62,96,0.93,1
2026-09-27T05:26:56,65,96,0.87,1
2026-09-27T05:26:57,66,94,0.87,1
2026-09-27T05:26:58,61,96,0.94,1
2026-09-27T05:26:59,64,95,0.90,1
2026-09-27T05:27:00,63,94,0.86,1
2026-09-27T05:27:01,61,94,0.85,1
2026-09-27T05:27:02,66,97,0.93,1
2026-09-27T05:27:03,62,95,0.92,1
2026-09-27T05:27:04,64,95,0.89,1
2026-09-27T05:27:05,62,95,0.90,1
2026-09-27T05:27:06,60,96,0.94,1
2026-09-27T05:27:07,61,96,0.95,1
2026-09-27T05:27:08,64,97,0.94,1
2026-09-27T05:27:09,60,95,0.94,1
2026-09-27T05:27:10,65,97,0.92,1
2026-09-27T05:27:11,60,95,0.91,1
2026-09-27T05:27:12,61,94,0.86,1
2026-09-27T05:27:13,60,96,0.85,1
2026-09-27T05:27:14,66,97,0.91,1
2026-09-27T05:27:15,63,94,0.92,1
2026-09-27T05:27:16,65,94,0.88,1
2026-09-27T05:27:17,64,94,0.90,1
2026-09-27T05:27:18,61,96,0.95,1
2026-09-27T05:27:19,63,95,0.88,1
2026-09-27T05:27:20,61,95,0.95,1
2026-09-27T05:27:21,64,94,0.85,1
2026-09-27T05:27:22,66,96,0.91,1
2026-09-27T05:27:23,62,95,0.87,1
2026-09-27T05:27:24,63,95,0.86,1
2026-09-27T05:27:25,65,94,0.91,1
2026-09-27T05:27:26,62,94,0.87,1
2026-09-27T05:27:27,60,97,0.85,1
2026-09-27T05:27:28,61,97,0.91,1
2026-09-27T05:27:29,63,94,0.94,1
2026-09-27T05:27:30,65,97,0.87,1
2026-09-27T05:27:31,61,95,0.93,1
2026-09-27T05:27:32,61,94,0.91,1
2026-09-27T05:27:33,61,97,0.87,1
2026-09-27T05:27:34,60,97,0.92,1
2026-09-27T05:27:35,63,97,0.90,1
2026-09-27T05:27:36,66,94,0.89,1
2026-09-27T05:27:37,63,96,0.85,1
2026-09-27T05:27:38,62,97,0.87,1
2026-09-27T05:27:39,61,97,0.95,1
2026-09-27T05:27:40,60,95,0.93,1
2026-09-27T05:27:41,63,96,0.87,1
2026-09-27T05:27:42,63,96,0.85,1
2026-09-27T05:27:43,63,95,0.90,1
2026-09-27T05:27:44,66,97,0.95,1
2026-09-27T05:27:45,66,97,0.91,1
2026-09-27T05:27:46,60,94,0.91,1
2026-09-27T05:27:47,63,94,0.90,1
2026-09-27T05:27:48,61,94,0.86,1
2026-09-27T05:27:49,64,94,0.94,1
2026-09-27T05:27:50,66,96,0.86,1
2026-09-27T05:27:51,64,94,0.89,1
2026-09-27T05:27:52,64,94,0.90,1
2026-09-27T05:27:53,65,97,0.93,1
2026-09-27T05:27:54,64,97,0.91,1
2026-09-27T05:27:55,65,94,0.91,1
2026-09-27T05:27:56,65,97,0.90,1
2026-09-27T05:27:57,66,95,0.87,1
2026-09-27T05:27:58,63,97,0.89,1
2026-09-27T05:27:59,66,94,0.89,1
2026-09-27T05:28:00,63,94,0.87,1
2026-09-27T05:28:01,66,94,0.94,1
2026-09-27T05:28:02,63,96,0.93,1
2026-09-27T05:28:03,62,94,0.86,1
2026-09-27T05:28:04,60,95,0.88,1
2026-09-27T05:28:05,66,94,0.92,1
2026-09-27T05:28:06,63,96,0.89,1
2026-09-27T05:28:07,62,94,0.86,1
2026-09-27T05:28:08,61,95,0.93,1
2026-09-27T05:28:09,62,95,0.93,1
2026-09-27T05:28:10,64,97,0.94,1
2026-09-27T05:28:11,64,94,0.93,1
2026-09-27T05:28:12,64,95,0.86,1
2026-09-27T05:28:13,62,95,0.92,1
2026-09-27T05:28:14,64,97,0.88,1
2026-09-27T05:28:15,66,96,0.89,1
2026-09-27T05:28:16,65,97,0.87,1
2026-09-27T05:28:17,66,96,0.95,1
2026-09-27T05:28:18,61,96,0.90,1
2026-09-27T05:28:19,61,97,0.92,1
2026-09-27T05:28:20,63,96,0.92,1
2026-09-27T05:28:21,63,95,0.86,1
2026-09-27T05:28:22,65,96,0.89,1
2026-09-27T05:28:23,64,97,0.88,1
2026-09-27T05:28:24,66,95,0.95,1
2026-09-27T05:28:25,66,94,0.89,1
2026-09-27T05:28:26,60,97,0.88,1
2026-09-27T05:28:27,62,97,0.90,1
2026-09-27T05:28:28,60,95,0.90,1
2026-09-27T05:28:29,66,94,0.91,1
2026-09-27T05:28:30,66,96,0.91,1
2026-09-27T05:28:31,64,96,0.87,1
2026-09-27T05:28:32,62,97,0.94,1
2026-09-27T05:28:33,62,96,0.90,1
2026-09-27T05:28:34,63,97,0.90,1
2026-09-27T05:28:35,66,95,0.90,1
2026-09-27T05:28:36,63,95,0.87,1
2026-09-27T05:28:37,62,95,0.95,1
2026-09-27T05:28:38,60,97,0.88,1
2026-09-27T05:28:39,65,95,0.89,1
2026-09-27T05:28:40,63,95,0.90,1
2026-09-27T05:28:41,66,96,0.87,1
2026-09-27T05:28:42,62,97,0.94,1
2026-09-27T05:28:43,65,95,0.92,1
2026-09-27T05:28:44,60,96,0.90,1
2026-09-27T05:28:45,60,95,0.93,1
2026-09-27T05:28:46,63,95,0.91,1
2026-09-27T05:28:47,63,97,0.87,1
2026-09-27T05:28:48,66,95,0.92,1
2026-09-27T05:28:49,61,96,0.88,1
2026-09-27T05:28:50,65,94,0.86,1
2026-09-27T05:28:51,63,94,0.92,1
2026-09-27T05:28:52,61,94,0.94,1
2026-09-27T05:28:53,66,96,0.95,1
2026-09-27T05:28:54,62,96,0.94,1
2026-09-27T05:28:55,64,95,0.90,1
2026-09-27T05:28:56,65,95,0.89,1
2026-09-27T05:28:57,61,97,0.86,1
2026-09-27T05:28:58,61,97,0.86,1
2026-09-27T05:28:59,60,96,0.88,1
2026-09-27T05:29:00,63,97,0.88,1
2026-09-27T05:29:01,63,95,0.88,1
2026-09-27T05:29:02,63,94,0.92,1
2026-09-27T05:29:03,66,96,0.87,1
2026-09-27T05:29:04,63,97,0.87,1
2026-09-27T05:29:05,64,96,0.90,1
2026-09-27T05:29:06,64,94,0.94,1
2026-09-27T05:29:07,63,96,0.89,1
2026-09-27T05:29:08,65,97,0.86,1
2026-09-27T05:29:09,65,97,0.93,1
2026-09-27T05:29:10,61,94,0.90,1
2026-09-27T05:29:11,63,95,0.89,1
2026-09-27T05:29:12,60,95,0.95,1
2026-09-27T05:29:13,63,96,0.93,1
2026-09-27T05:29:14,61,97,0.93,1
2026-09-27T05:29:15,66,95,0.86,1
2026-09-27T05:29:16,60,95,0.87,1
2026-09-27T05:29:17,63,97,0.90,1
2026-09-27T05:29:18,60,94,0.91,1
2026-09-27T05:29:19,66,96,0.92,1
2026-09-27T05:29:20,62,96,0.92,1
2026-09-27T05:29:21,61,95,0.92,1
2026-09-27T05:29:22,65,94,0.85,1
2026-09-27T05:29:23,60,97,0.93,1
2026-09-27T05:29:24,60,95,0.87,1
2026-09-27T05:29:25,65,94,0.93,1
2026-09-27T05:29:26,64,95,0.92,1
2026-09-27T05:29:27,63,96,0.87,1
2026-09-27T05:29:28,66,94,0.85,1
2026-09-27T05:29:29,64,97,0.94,1
2026-09-27T05:29:30,60,94,0.94,1
2026-09-27T05:29:31,66,95,0.89,1
2026-09-27T05:29:32,65,97,0.90,1
2026-09-27T05:29:33,60,96,0.93,1
2026-09-27T05:29:34,60,97,0.88,1
2026-09-27T05:29:35,66,97,0.90,1
2026-09-27T05:29:36,62,95,0.87,1
2026-09-27T05:29:37,64,97,0.92,1
2026-09-27T05:29:38,66,97,0.91,1
2026-09-27T05:29:39,65,94,0.87,1
2026-09-27T05:29:40,63,95,0.89,1
2026-09-27T05:29:41,66,97,0.92,1
2026-09-27T05:29:42,62,96,0.85,1
2026-09-27T05:29:43,60,95,0.92,1
2026-09-27T05:29:44,61,96,0.95,1
2026-09-27T05:29:45,60,97,0.95,1
2026-09-27T05:29:46,63,96,0.94,1
2026-09-27T05:29:47,61,96,0.90,1
2026-09-27T05:29:48,66,94,0.87,1
2026-09-27T05:29:49,63,96,0.94,1
2026-09-27T05:29:50,65,96,0.92,1
2026-09-27T05:29:51,60,97,0.87,1
2026-09-27T05:29:52,60,96,0.91,1
2026-09-27T05:29:53,60,96,0.94,1
2026-09-27T05:29:54,62,94,0.86,1
2026-09-27T05:29:55,60,94,0.88,1
2026-09-27T05:29:56,65,95,0.93,1
2026-09-27T05:29:57,60,94,0.92,1
2026-09-27T05:29:58,66,94,0.88,1
2026-09-27T05:29:59,65,97,0.92,1
2026-09-27T05:30:00,60,97,0.88,1
2026-09-27T05:30:01,62,94,0.87,1
2026-09-27T05:30:02,65,94,0.93,1
2026-09-27T05:30:03,63,95,0.85,1
2026-09-27T05:30:04,64,96,0.88,1
2026-09-27T05:30:05,62,94,0.91,1
2026-09-27T05:30:06,60,94,0.86,1
2026-09-27T05:30:07,66,97,0.87,1
2026-09-27T05:30:08,60,97,0.86,1
2026-09-27T05:30:09,62,95,0.89,1
2026-09-27T05:30:10,62,95,0.89,1
2026-09-27T05:30:11,62,95,0.90,1
2026-09-27T05:30:12,62,97,0.88,1
2026-09-27T05:30:13,65,97,0.90,1
2026-09-27T05:30:14,61,94,0.91,1
2026-09-27T05:30:15,66,95,0.95,1
2026-09-27T05:30:16,65,95,0.87,1
2026-09-27T05:30:17,60,94,0.94,1
2026-09-27T05:30:18,66,96,0.91,1
2026-09-27T05:30:19,62,96,0.90,1
2026-09-27T05:30:20,62,95,0.92,1
2026-09-27T05:30:21,62,97,0.93,1
2026-09-27T05:30:22,64,96,0.90,1
2026-09-27T05:30:23,64,97,0.93,1
2026-09-27T05:30:24,66,94,0.89,1
2026-09-27T05:30:25,60,94,0.88,1
2026-09-27T05:30:26,65,95,0.86,1
2026-09-27T05:30:27,65,97,0.92,1
2026-09-27T05:30:28,63,94,0.86,1
2026-09-27T05:30:29,63,94,0.88,1
2026-09-27T05:30:30,66,95,0.86,1
2026-09-27T05:30:31,60,97,0.87,1
2026-09-27T05:30:32,62,94,0.93,1
2026-09-27T05:30:33,66,95,0.90,1
2026-09-27T05:30:34,64,94,0.91,1
2026-09-27T05:30:35,60,96,0.85,1
2026-09-27T05:30:36,62,97,0.93,1
2026-09-27T05:30:37,63,97,0.93,1
2026-09-27T05:30:38,66,95,0.86,1
2026-09-27T05:30:39,60,94,0.92,1
2026-09-27T05:30:40,62,95,0.87,1
2026-09-27T05:30:41,60,94,0.87,1
2026-09-27T05:30:42,63,95,0.95,1
2026-09-27T05:30:43,63,95,0.94,1
2026-09-27T05:30:44,62,97,0.90,1
2026-09-27T05:30:45,64,96,0.87,1
2026-09-27T05:30:46,60,95,0.86,1
2026-09-27T05:30:47,64,94,0.95,1
2026-09-27T05:30:48,62,94,0.92,1
2026-09-27T05:30:49,64,97,0.93,1
2026-09-27T05:30:50,61,97,0.85,1
2026-09-27T05:30:51,66,94,0.92,1
2026-09-27T05:30:52,61,95,0.87,1
2026-09-27T05:30:53,66,95,0.86,1
2026-09-27T05:30:54,66,97,0.89,1
2026-09-27T05:30:55,60,94,0.88,1
2026-09-27T05:30:56,63,96,0.87,1
2026-09-27T05:30:57,62,94,0.93,1
2026-09-27T05:30:58,64,95,0.94,1
2026-09-27T05:30:59,65,95,0.88,1
2026-09-27T05:31:00,62,96,0.92,1
2026-09-27T05:31:01,64,95,0.94,1
2026-09-27T05:31:02,63,94,0.87,1
2026-09-27T05:31:03,62,94,0.94,1
2026-09-27T05:31:04,60,97,0.85,1
2026-09-27T05:31:05,63,97,0.85,1
2026-09-27T05:31:06,65,95,0.88,1
2026-09-27T05:31:07,63,94,0.92,1
2026-09-27T05:31:08,65,96,0.86,1
2026-09-27T05:31:09,60,95,0.91,1
2026-09-27T05:31:10,60,97,0.85,1
2026-09-27T05:31:11,64,97,0.86,1
2026-09-27T05:31:12,66,96,0.89,1
2026-09-27T05:31:13,65,95,0.94,1
2026-09-27T05:31:14,64,97,0.87,1
2026-09-27T05:31:15,63,94,0.88,1
2026-09-27T05:31:16,62,95,0.86,1
2026-09-27T05:31:17,64,94,0.92,1
2026-09-27T05:31:18,62,96,0.91,1
2026-09-27T05:31:19,61,96,0.86,1
2026-09-27T05:31:20,61,95,0.91,1
2026-09-27T05:31:21,60,95,0.89,1
2026-09-27T05:31:22,61,94,0.89,1
2026-09-27T05:31:23,64,97,0.90,1
2026-09-27T05:31:24,62,97,0.92,1
2026-09-27T05:31:25,66,96,0.92,1
2026-09-27T05:31:26,62,97,0.94,1
2026-09-27T05:31:27,60,94,0.94,1
2026-09-27T05:31:28,66,95,0.88,1
2026-09-27T05:31:29,60,94,0.91,1
2026-09-27T05:31:30,62,96,0.88,1
2026-09-27T05:31:31,66,97,0.93,1
2026-09-27T05:31:32,62,94,0.90,1
2026-09-27T05:31:33,60,95,0.85,1
2026-09-27T05:31:34,66,96,0.85,1
2026-09-27T05:31:35,60,96,0.92,1
2026-09-27T05:31:36,66,97,0.88,1
2026-09-27T05:31:37,63,96,0.92,1
2026-09-27T05:31:38,61,95,0.88,1
2026-09-27T05:31:39,62,97,0.91,1
2026-09-27T05:31:40,66,97,0.95,1
2026-09-27T05:31:41,61,96,0.94,1
2026-09-27T05:31:42,63,96,0.88,1
2026-09-27T05:31:43,60,94,0.87,1
2026-09-27T05:31:44,63,97,0.88,1
2026-09-27T05:31:45,62,97,0.87,1
2026-09-27T05:31:46,64,95,0.87,1
2026-09-27T05:31:47,65,96,0.87,1
2026-09-27T05:31:48,66,94,0.90,1
2026-09-27T05:31:49,65,97,0.94,1
2026-09-27T05:31:50,62,94,0.86,1
2026-09-27T05:31:51,62,95,0.95,1
2026-09-27T05:31:52,62,96,0.89,1
2026-09-27T05:31:53,60,94,0.87,1
2026-09-27T05:31:54,63,94,0.89,1
2026-09-27T05:31:55,66,96,0.87,1
2026-09-27T05:31:56,62,97,0.90,1
2026-09-27T05:31:57,61,96,0.93,1
2026-09-27T05:31:58,62,96,0.94,1
2026-09-27T05:31:59,61,97,0.94,1
2026-09-27T05:32:00,60,95,0.93,1
2026-09-27T05:32:01,61,97,0.90,1
2026-09-27T05:32:02,61,95,0.91,1
2026-09-27T05:32:03,61,96,0.94,1
2026-09-27T05:32:04,63,96,0.94,1
2026-09-27T05:32:05,66,94,0.85,1
2026-09-27T05:32:06,63,97,0.86,1
2026-09-27T05:32:07,62,95,0.92,1
2026-09-27T05:32:08,65,97,0.88,1
2026-09-27T05:32:09,62,95,0.86,1
2026-09-27T05:32:10,63,95,0.89,1
2026-09-27T05:32:11,62,95,0.86,1
2026-09-27T05:32:12,62,94,0.91,1
2026-09-27T05:32:13,61,95,0.90,1
2026-09-27T05:32:14,66,95,0.87,1
2026-09-27T05:32:15,63,95,0.92,1
2026-09-27T05:32:16,63,96,0.90,1
2026-09-27T05:32:17,61,96,0.87,1
2026-09-27T05:32:18,64,97,0.90,1
2026-09-27T05:32:19,60,96,0.94,1
2026-09-27T05:32:20,65,95,0.94,1
2026-09-27T05:32:21,61,94,0.94,1
2026-09-27T05:32:22,60,96,0.90,1
2026-09-27T05:32:23,65,96,0.89,1
2026-09-27T05:32:24,61,97,0.91,1
2026-09-27T05:32:25,65,95,0.92,1
2026-09-27T05:32:26,60,96,0.86,1
2026-09-27T05:32:27,61,95,0.93,1
2026-09-27T05:32:28,60,94,0.91,1
2026-09-27T05:32:29,66,95,0.93,1
2026-09-27T05:32:30,63,95,0.92,1
2026-09-27T05:32:31,60,96,0.95,1
2026-09-27T05:32:32,64,95,0.94,1
2026-09-27T05:32:33,66,97,0.85,1
2026-09-27T05:32:34,62,94,0.95,1
2026-09-27T05:32:35,61,97,0.95,1
2026-09-27T05:32:36,60,94,0.92,1
2026-09-27T05:32:37,66,94,0.94,1
2026-09-27T05:32:38,61,95,0.90,1
2026-09-27T05:32:39,65,94,0.92,1
2026-09-27T05:32:40,61,97,0.87,1
2026-09-27T05:32:41,65,96,0.90,1
2026-09-27T05:32:42,61,94,0.85,1
2026-09-27T05:32:43,66,96,0.89,1
2026-09-27T05:32:44,63,95,0.88,1
2026-09-27T05:32:45,65,97,0.93,1
2026-09-27T05:32:46,60,96,0.87,1
2026-09-27T05:32:47,60,97,0.93,1
2026-09-27T05:32:48,60,94,0.87,1
2026-09-27T05:32:49,65,95,0.92,1
2026-09-27T05:32:50,66,95,0.94,1
2026-09-27T05:32:51,66,94,0.91,1
2026-09-27T05:32:52,61,95,0.91,1
2026-09-27T05:32:53,66,95,0.87,1
2026-09-27T05:32:54,63,97,0.88,1
2026-09-27T05:32:55,60,96,0.91,1
2026-09-27T05:32:56,65,95,0.90,1
2026-09-27T05:32:57,66,95,0.93,1
2026-09-27T05:32:58,60,94,0.90,1
2026-09-27T05:32:59,62,97,0.93,1
2026-09-27T05:33:00,62,97,0.88,1
2026-09-27T05:33:01,62,97,0.94,1
2026-09-27T05:33:02,66,94,0.89,1
2026-09-27T05:33:03,66,94,0.87,1
2026-09-27T05:33:04,65,94,0.92,1
2026-09-27T05:33:05,60,97,0.95,1
2026-09-27T05:33:06,61,95,0.86,1
2026-09-27T05:33:07,63,95,0.89,1
2026-09-27T05:33:08,61,94,0.88,1
2026-09-27T05:33:09,64,96,0.91,1
2026-09-27T05:33:10,61,94,0.93,1
2026-09-27T05:33:11,60,94,0.92,1
2026-09-27T05:33:12,62,95,0.87,1
2026-09-27T05:33:13,62,96,0.92,1
2026-09-27T05:33:14,61,97,0.95,1
2026-09-27T05:33:15,65,97,0.91,1
2026-09-27T05:33:16,60,95,0.91,1
2026-09-27T05:33:17,65,97,0.86,1
2026-09-27T05:33:18,65,96,0.95,1
2026-09-27T05:33:19,60,95,0.87,1
2026-09-27T05:33:20,64,96,0.94,1
2026-09-27T05:33:21,60,97,0.91,1
2026-09-27T05:33:22,65,96,0.95,1
2026-09-27T05:33:23,62,95,0.94,1
2026-09-27T05:33:24,62,96,0.85,1
2026-09-27T05:33:25,64,97,0.86,1
2026-09-27T05:33:26,66,96,0.89,1
2026-09-27T05:33:27,61,96,0.90,1
2026-09-27T05:33:28,62,96,0.92,1
2026-09-27T05:33:29,65,96,0.94,1
2026-09-27T05:33:30,61,97,0.88,1
2026-09-27T05:33:31,64,96,0.86,1
2026-09-27T05:33:32,65,97,0.90,1
2026-09-27T05:33:33,63,96,0.94,1
2026-09-27T05:33:34,60,96,0.93,1
2026-09-27T05:33:35,64,94,0.90,1
2026-09-27T05:33:36,63,94,0.92,1
2026-09-27T05:33:37,65,96,0.85,1
2026-09-27T05:33:38,65,94,0.92,1
2026-09-27T05:33:39,66,94,0.92,1
2026-09-27T05:33:40,62,94,0.92,1
2026-09-27T05:33:41,60,95,0.94,1
2026-09-27T05:33:42,60,95,0.87,1
2026-09-27T05:33:43,64,97,0.94,1
2026-09-27T05:33:44,62,95,0.93,1
2026-09-27T05:33:45,63,97,0.91,1
2026-09-27T05:33:46,60,95,0.95,1
2026-09-27T05:33:47,66,94,0.87,1
2026-09-27T05:33:48,65,96,0.85,1
2026-09-27T05:33:49,66,96,0.87,1
2026-09-27T05:33:50,62,97,0.88,1
2026-09-27T05:33:51,62,95,0.88,1
2026-09-27T05:33:52,60,96,0.95,1
2026-09-27T05:33:53,64,96,0.93,1
2026-09-27T05:33:54,62,96,0.87,1
2026-09-27T05:33:55,60,97,0.91,1
2026-09-27T05:33:56,64,95,0.85,1
2026-09-27T05:33:57,62,94,0.90,1
2026-09-27T05:33:58,62,94,0.89,1
2026-09-27T05:33:59,61,97,0.92,1
2026-09-27T05:34:00,64,95,0.91,1
2026-09-27T05:34:01,63,94,0.87,1
2026-09-27T05:34:02,66,96,0.94,1
2026-09-27T05:34:03,64,95,0.87,1
2026-09-27T05:34:04,63,95,0.91,1
2026-09-27T05:34:05,66,95,0.94,1
2026-09-27T05:34:06,65,96,0.93,1
2026-09-27T05:34:07,63,96,0.90,1
2026-09-27T05:34:08,62,94,0.90,1
2026-09-27T05:34:09,66,96,0.93,1
2026-09-27T05:34:10,63,96,0.93,1
2026-09-27T05:34:11,60,96,0.89,1
2026-09-27T05:34:12,60,97,0.89,1
2026-09-27T05:34:13,60,96,0.91,1
2026-09-27T05:34:14,63,97,0.85,1
2026-09-27T05:34:15,61,95,0.93,1
2026-09-27T05:34:16,65,94,0.89,1
2026-09-27T05:34:17,61,96,0.91,1
2026-09-27T05:34:18,66,94,0.94,1
2026-09-27T05:34:19,64,95,0.88,1
2026-09-27T05:34:20,66,97,0.90,1
2026-09-27T05:34:21,65,95,0.94,1
2026-09-27T05:34:22,60,95,0.88,1
2026-09-27T05:34:23,64,97,0.95,1
2026-09-27T05:34:24,61,97,0.86,1
2026-09-27T05:34:25,60,94,0.94,1
2026-09-27T05:34:26,60,94,0.86,1
2026-09-27T05:34:27,61,95,0.94,1
2026-09-27T05:34:28,60,95,0.89,1
2026-09-27T05:34:29,62,95,0.93,1
2026-09-27T05:34:30,65,95,0.92,1
2026-09-27T05:34:31,60,95,0.91,1
2026-09-27T05:34:32,64,94,0.85,1
2026-09-27T05:34:33,60,96,0.93,1
2026-09-27T05:34:34,65,97,0.85,1
2026-09-27T05:34:35,65,96,0.92,1
2026-09-27T05:34:36,64,97,0.89,1
2026-09-27T05:34:37,63,95,0.89,1
2026-09-27T05:34:38,61,95,0.91,1
2026-09-27T05:34:39,66,94,0.91,1
2026-09-27T05:34:40,64,94,0.86,1
2026-09-27T05:34:41,64,94,0.87,1
2026-09-27T05:34:42,63,97,0.95,1
2026-09-27T05:34:43,65,96,0.86,1
2026-09-27T05:34:44,61,97,0.85,1
2026-09-27T05:34:45,65,97,0.92,1
2026-09-27T05:34:46,66,94,0.87,1
2026-09-27T05:34:47,61,96,0.90,1
2026-09-27T05:34:48,66,94,0.92,1
2026-09-27T05:34:49,63,94,0.87,1
2026-09-27T05:34:50,60,96,0.86,1
2026-09-27T05:34:51,62,95,0.91,1
2026-09-27T05:34:52,64,94,0.90,1
2026-09-27T05:34:53,65,94,0.94,1
2026-09-27T05:34:54,63,96,0.91,1
2026-09-27T05:34:55,65,96,0.86,1
2026-09-27T05:34:56,60,94,0.87,1
2026-09-27T05:34:57,63,94,0.89,1
2026-09-27T05:34:58,65,97,0.91,1
2026-09-27T05:34:59,62,96,0.91,1
2026-09-27T05:35:00,62,95,0.87,1
2026-09-27T05:35:01,66,96,0.86,1
2026-09-27T05:35:02,60,94,0.94,1
2026-09-27T05:35:03,61,95,0.85,1
2026-09-27T05:35:04,63,94,0.90,1
2026-09-27T05:35:05,60,95,0.85,1
2026-09-27T05:35:06,63,97,0.94,1
2026-09-27T05:35:07,63,94,0.93,1
2026-09-27T05:35:08,66,96,0.89,1
2026-09-27T05:35:09,61,96,0.95,1
2026-09-27T05:35:10,60,97,0.95,1
2026-09-27T05:35:11,63,94,0.94,1
2026-09-27T05:35:12,65,97,0.85,1
2026-09-27T05:35:13,61,97,0.92,1
2026-09-27T05:35:14,63,94,0.94,1
2026-09-27T05:35:15,63,94,0.94,1
2026-09-27T05:35:16,65,94,0.94,1
2026-09-27T05:35:17,65,95,0.94,1
2026-09-27T05:35:18,61,94,0.91,1
2026-09-27T05:35:19,65,96,0.91,1
2026-09-27T05:35:20,64,97,0.91,1
2026-09-27T05:35:21,63,97,0.92,1
2026-09-27T05:35:22,64,94,0.88,1
2026-09-27T05:35:23,63,97,0.93,1
2026-09-27T05:35:24,64,95,0.91,1
2026-09-27T05:35:25,61,95,0.89,1
2026-09-27T05:35:26,65,97,0.92,1
2026-09-27T05:35:27,63,95,0.87,1
2026-09-27T05:35:28,66,97,0.92,1
2026-09-27T05:35:29,63,94,0.95,1
2026-09-27T05:35:30,62,95,0.87,1
2026-09-27T05:35:31,63,97,0.87,1
2026-09-27T05:35:32,64,94,0.90,1
2026-09-27T05:35:33,62,96,0.92,1
2026-09-27T05:35:34,62,96,0.88,1
2026-09-27T05:35:35,62,95,0.89,1
2026-09-27T05:35:36,61,96,0.94,1
2026-09-27T05:35:37,60,96,0.87,1
2026-09-27T05:35:38,64,97,0.92,1
2026-09-27T05:35:39,66,96,0.90,1
2026-09-27T05:35:40,61,97,0.91,1
2026-09-27T05:35:41,60,96,0.87,1
2026-09-27T05:35:42,60,97,0.86,1
2026-09-27T05:35:43,63,94,0.94,1
2026-09-27T05:35:44,64,96,0.93,1
2026-09-27T05:35:45,65,95,0.91,1
2026-09-27T05:35:46,65,95,0.90,1
2026-09-27T05:35:47,66,96,0.93,1
2026-09-27T05:35:48,66,96,0.92,1
2026-09-27T05:35:49,63,95,0.86,1
2026-09-27T05:35:50,66,95,0.94,1
2026-09-27T05:35:51,62,95,0.92,1
2026-09-27T05:35:52,61,96,0.93,1
2026-09-27T05:35:53,61,94,0.87,1
2026-09-27T05:35:54,62,95,0.90,1
2026-09-27T05:35:55,61,96,0.91,1
2026-09-27T05:35:56,62,94,0.93,1
2026-09-27T05:35:57,64,97,0.86,1
2026-09-27T05:35:58,64,95,0.88,1
2026-09-27T05:35:59,66,95,0.94,1
2026-09-27T05:36:00,66,96,0.91,1
2026-09-27T05:36:01,66,97,0.90,1
2026-09-27T05:36:02,60,95,0.87,1
2026-09-27T05:36:03,60,97,0.89,1
2026-09-27T05:36:04,60,95,0.95,1
2026-09-27T05:36:05,63,95,0.94,1
2026-09-27T05:36:06,66,94,0.85,1
2026-09-27T05:36:07,66,97,0.87,1
2026-09-27T05:36:08,60,97,0.87,1
2026-09-27T05:36:09,63,97,0.94,1
2026-09-27T05:36:10,63,97,0.91,1
2026-09-27T05:36:11,64,96,0.89,1
2026-09-27T05:36:12,60,95,0.86,1
2026-09-27T05:36:13,60,95,0.90,1
2026-09-27T05:36:14,65,94,0.89,1
2026-09-27T05:36:15,61,94,0.92,1
2026-09-27T05:36:16,60,97,0.92,1
2026-09-27T05:36:17,64,96,0.90,1
2026-09-27T05:36:18,63,96,0.92,1
2026-09-27T05:36:19,60,97,0.92,1
2026-09-27T05:36:20,61,95,0.87,1
2026-09-27T05:36:21,60,94,0.88,1
2026-09-27T05:36:22,62,94,0.95,1
2026-09-27T05:36:23,66,96,0.90,1
2026-09-27T05:36:24,66,97,0.88,1
2026-09-27T05:36:25,60,94,0.92,1
2026-09-27T05:36:26,63,96,0.90,1
2026-09-27T05:36:27,61,95,0.86,1
2026-09-27T05:36:28,60,95,0.95,1
2026-09-27T05:36:29,60,97,0.93,1
2026-09-27T05:36:30,63,95,0.88,1
2026-09-27T05:36:31,65,94,0.88,1
2026-09-27T05:36:32,62,95,0.94,1
2026-09-27T05:36:33,64,94,0.94,1
2026-09-27T05:36:34,66,95,0.89,1
2026-09-27T05:36:35,60,95,0.87,1
2026-09-27T05:36:36,65,97,0.90,1
2026-09-27T05:36:37,65,97,0.91,1
2026-09-27T05:36:38,63,96,0.91,1
2026-09-27T05:36:39,66,95,0.88,1
2026-09-27T05:36:40,61,96,0.90,1
2026-09-27T05:36:41,63,95,0.90,1
2026-09-27T05:36:42,66,96,0.94,1
2026-09-27T05:36:43,66,97,0.93,1
2026-09-27T05:36:44,66,94,0.88,1
2026-09-27T05:36:45,64,95,0.85,1
2026-09-27T05:36:46,61,96,0.93,1
2026-09-27T05:36:47,61,96,0.93,1
2026-09-27T05:36:48,62,94,0.94,1
2026-09-27T05:36:49,62,97,0.89,1
2026-09-27T05:36:50,61,95,0.89,1
2026-09-27T05:36:51,63,96,0.88,1
2026-09-27T05:36:52,65,96,0.94,1
2026-09-27T05:36:53,63,96,0.88,1
2026-09-27T05:36:54,66,97,0.93,1
2026-09-27T05:36:55,60,94,0.88,1
2026-09-27T05:36:56,66,94,0.92,1
2026-09-27T05:36:57,64,96,0.88,1
2026-09-27T05:36:58,65,95,0.86,1
2026-09-27T05:36:59,61,96,0.91,1
2026-09-27T05:37:00,60,97,0.91,1
2026-09-27T05:37:01,63,96,0.89,1
2026-09-27T05:37:02,60,97,0.86,1
2026-09-27T05:37:03,66,95,0.87,1
2026-09-27T05:37:04,61,95,0.94,1
2026-09-27T05:37:05,63,97,0.91,1
2026-09-27T05:37:06,60,94,0.93,1
2026-09-27T05:37:07,64,95,0.86,1
2026-09-27T05:37:08,64,96,0.90,1
2026-09-27T05:37:09,60,96,0.86,1
2026-09-27T05:37:10,62,96,0.86,1
2026-09-27T05:37:11,65,95,0.95,1
2026-09-27T05:37:12,62,96,0.87,1
2026-09-27T05:37:13,61,94,0.94,1
2026-09-27T05:37:14,61,95,0.91,1
2026-09-27T05:37:15,60,96,0.86,1
2026-09-27T05:37:16,63,97,0.85,1
2026-09-27T05:37:17,60,97,0.94,1
2026-09-27T05:37:18,63,95,0.86,1
2026-09-27T05:37:19,65,94,0.92,1
2026-09-27T05:37:20,65,96,0.86,1
2026-09-27T05:37:21,66,94,0.89,1
2026-09-27T05:37:22,66,94,0.85,1
2026-09-27T05:37:23,62,95,0.92,1
2026-09-27T05:37:24,65,94,0.86,1
2026-09-27T05:37:25,62,97,0.90,1
2026-09-27T05:37:26,60,94,0.94,1
2026-09-27T05:37:27,62,94,0.91,1
2026-09-27T05:37:28,66,95,0.93,1
2026-09-27T05:37:29,65,96,0.88,1
2026-09-27T05:37:30,60,96,0.88,1
2026-09-27T05:37:31,65,97,0.94,1
2026-09-27T05:37:32,63,96,0.93,1
2026-09-27T05:37:33,64,94,0.92,1
2026-09-27T05:37:34,65,97,0.91,1
2026-09-27T05:37:35,66,94,0.87,1
2026-09-27T05:37:36,65,97,0.88,1
2026-09-27T05:37:37,62,94,0.92,1
2026-09-27T05:37:38,61,97,0.93,1
2026-09-27T05:37:39,63,95,0.91,1
2026-09-27T05:37:40,61,95,0.87,1
2026-09-27T05:37:41,64,95,0.90,1
2026-09-27T05:37:42,61,97,0.86,1
2026-09-27T05:37:43,65,94,0.94,1
2026-09-27T05:37:44,61,96,0.86,1
2026-09-27T05:37:45,63,95,0.93,1
2026-09-27T05:37:46,62,96,0.90,1
2026-09-27T05:37:47,66,95,0.88,1
2026-09-27T05:37:48,63,97,0.89,1
2026-09-27T05:37:49,64,96,0.91,1
2026-09-27T05:37:50,65,97,0.92,1
2026-09-27T05:37:51,64,97,0.89,1
2026-09-27T05:37:52,62,94,0.95,1
2026-09-27T05:37:53,61,94,0.91,1
2026-09-27T05:37:54,61,94,0.86,1
2026-09-27T05:37:55,65,97,0.88,1
2026-09-27T05:37:56,61,94,0.87,1
2026-09-27T05:37:57,61,94,0.93,1
2026-09-27T05:37:58,66,96,0.91,1
2026-09-27T05:37:59,62,96,0.87,1
2026-09-27T05:38:00,64,95,0.93,1
2026-09-27T05:38:01,65,95,0.95,1
2026-09-27T05:38:02,63,97,0.90,1
2026-09-27T05:38:03,65,97,0.89,1
2026-09-27T05:38:04,63,96,0.95,1
2026-09-27T05:38:05,62,96,0.85,1
2026-09-27T05:38:06,60,97,0.91,1
2026-09-27T05:38:07,60,97,0.94,1
2026-09-27T05:38:08,61,96,0.87,1
2026-09-27T05:38:09,61,96,0.89,1
2026-09-27T05:38:10,66,96,0.88,1
2026-09-27T05:38:11,63,94,0.91,1
2026-09-27T05:38:12,63,95,0.94,1
2026-09-27T05:38:13,60,95,0.93,1
2026-09-27T05:38:14,60,95,0.87,1
2026-09-27T05:38:15,61,97,0.92,1
2026-09-27T05:38:16,63,95,0.90,1
2026-09-27T05:38:17,62,97,0.92,1
2026-09-27T05:38:18,63,96,0.93,1
2026-09-27T05:38:19,64,95,0.90,1
2026-09-27T05:38:20,63,96,0.86,1
2026-09-27T05:38:21,64,94,0.95,1
2026-09-27T05:38:22,62,96,0.92,1
2026-09-27T05:38:23,64,97,0.94,1
2026-09-27T05:38:24,62,94,0.94,1
2026-09-27T05:38:25,62,97,0.87,1
2026-09-27T05:38:26,61,97,0.93,1
2026-09-27T05:38:27,65,96,0.89,1
2026-09-27T05:38:28,66,95,0.92,1
2026-09-27T05:38:29,64,94,0.88,1
2026-09-27T05:38:30,62,94,0.87,1
2026-09-27T05:38:31,64,97,0.93,1
2026-09-27T05:38:32,61,97,0.89,1
2026-09-27T05:38:33,61,97,0.91,1
2026-09-27T05:38:34,62,97,0.94,1
2026-09-27T05:38:35,60,95,0.89,1
2026-09-27T05:38:36,60,97,0.90,1
2026-09-27T05:38:37,63,96,0.92,1
2026-09-27T05:38:38,66,96,0.85,1
2026-09-27T05:38:39,62,97,0.93,1
2026-09-27T05:38:40,63,95,0.87,1
2026-09-27T05:38:41,66,96,0.92,1
2026-09-27T05:38:42,62,96,0.92,1
2026-09-27T05:38:43,64,95,0.85,1
2026-09-27T05:38:44,64,97,0.89,1
2026-09-27T05:38:45,61,96,0.86,1
2026-09-27T05:38:46,62,94,0.85,1
2026-09-27T05:38:47,66,94,0.88,1
2026-09-27T05:38:48,66,96,0.86,1
2026-09-27T05:38:49,66,95,0.87,1
2026-09-27T05:38:50,60,96,0.89,1
2026-09-27T05:38:51,64,95,0.87,1
2026-09-27T05:38:52,61,96,0.87,1
2026-09-27T05:38:53,65,94,0.92,1
2026-09-27T05:38:54,61,95,0.89,1
2026-09-27T05:38:55,62,94,0.88,1
2026-09-27T05:38:56,62,95,0.93,1
2026-09-27T05:38:57,62,95,0.92,1
2026-09-27T05:38:58,62,96,0.86,1
2026-09-27T05:38:59,65,95,0.92,1
2026-09-27T05:39:00,64,95,0.95,1
2026-09-27T05:39:01,62,97,0.90,1
2026-09-27T05:39:02,60,97,0.86,1
2026-09-27T05:39:03,64,97,0.88,1
2026-09-27T05:39:04,66,94,0.88,1
2026-09-27T05:39:05,60,95,0.89,1
2026-09-27T05:39:06,60,97,0.89,1
2026-09-27T05:39:07,64,95,0.90,1
2026-09-27T05:39:08,63,97,0.94,1
2026-09-27T05:39:09,64,97,0.89,1
2026-09-27T05:39:10,64,95,0.88,1
2026-09-27T05:39:11,63,94,0.91,1
2026-09-27T05:39:12,61,95,0.87,1
2026-09-27T05:39:13,63,94,0.88,1
2026-09-27T05:39:14,61,96,0.85,1
2026-09-27T05:39:15,61,97,0.89,1
2026-09-27T05:39:16,66,96,0.90,1
2026-09-27T05:39:17,66,97,0.86,1
2026-09-27T05:39:18,62,97,0.87,1
2026-09-27T05:39:19,61,94,0.92,1
2026-09-27T05:39:20,63,97,0.89,1
2026-09-27T05:39:21,64,94,0.87,1
2026-09-27T05:39:22,61,96,0.93,1
2026-09-27T05:39:23,60,94,0.89,1
2026-09-27T05:39:24,66,94,0.90,1
2026-09-27T05:39:25,61,96,0.89,1
2026-09-27T05:39:26,61,96,0.93,1
2026-09-27T05:39:27,62,94,0.86,1
2026-09-27T05:39:28,65,94,0.89,1
2026-09-27T05:39:29,63,96,0.93,1
2026-09-27T05:39:30,65,97,0.86,1
2026-09-27T05:39:31,63,94,0.94,1
2026-09-27T05:39:32,63,95,0.86,1
2026-09-27T05:39:33,65,95,0.86,1
2026-09-27T05:39:34,61,94,0.89,1
2026-09-27T05:39:35,64,94,0.88,1
2026-09-27T05:39:36,64,95,0.94,1
2026-09-27T05:39:37,65,94,0.89,1
2026-09-27T05:39:38,65,96,0.94,1
2026-09-27T05:39:39,63,95,0.86,1
2026-09-27T05:39:40,61,94,0.88,1
2026-09-27T05:39:41,65,96,0.87,1
2026-09-27T05:39:42,65,95,0.89,1
2026-09-27T05:39:43,60,97,0.85,1
2026-09-27T05:39:44,63,96,0.95,1
2026-09-27T05:39:45,62,95,0.93,1
2026-09-27T05:39:46,62,95,0.92,1
2026-09-27T05:39:47,60,96,0.87,1
2026-09-27T05:39:48,63,94,0.94,1
2026-09-27T05:39:49,61,96,0.86,1
2026-09-27T05:39:50,66,94,0.91,1
2026-09-27T05:39:51,65,96,0.94,1
2026-09-27T05:39:52,62,94,0.95,1
2026-09-27T05:39:53,61,94,0.89,1
2026-09-27T05:39:54,62,94,0.92,1
2026-09-27T05:39:55,62,94,0.92,1
2026-09-27T05:39:56,64,97,0.89,1
2026-09-27T05:39:57,60,95,0.91,1
2026-09-27T05:39:58,63,95,0.86,1
2026-09-27T05:39:59,61,96,0.90,1
2026-09-27T05:40:00,61,95,0.95,1
2026-09-27T05:40:01,60,96,0.93,1
2026-09-27T05:40:02,64,96,0.87,1
2026-09-27T05:40:03,62,97,0.89,1
2026-09-27T05:40:04,61,97,0.91,1
2026-09-27T05:40:05,62,96,0.93,1
2026-09-27T05:40:06,65,97,0.90,1
2026-09-27T05:40:07,64,97,0.86,1
2026-09-27T05:40:08,61,97,0.92,1
2026-09-27T05:40:09,64,95,0.90,1
2026-09-27T05:40:10,60,96,0.87,1
2026-09-27T05:40:11,62,95,0.87,1
2026-09-27T05:40:12,60,94,0.95,1
2026-09-27T05:40:13,62,96,0.89,1
2026-09-27T05:40:14,60,95,0.92,1
2026-09-27T05:40:15,61,97,0.93,1
2026-09-27T05:40:16,63,97,0.92,1
2026-09-27T05:40:17,64,94,0.93,1
2026-09-27T05:40:18,65,97,0.89,1
2026-09-27T05:40:19,64,96,0.88,1
2026-09-27T05:40:20,63,95,0.95,1
2026-09-27T05:40:21,61,96,0.94,1
2026-09-27T05:40:22,62,94,0.87,1
2026-09-27T05:40:23,60,94,0.94,1
2026-09-27T05:40:24,62,97,0.89,1
2026-09-27T05:40:25,62,94,0.86,1
2026-09-27T05:40:26,66,94,0.88,1
2026-09-27T05:40:27,65,94,0.90,1
2026-09-27T05:40:28,61,94,0.88,1
2026-09-27T05:40:29,63,97,0.94,1
2026-09-27T05:40:30,60,97,0.93,1
2026-09-27T05:40:31,61,95,0.85,1
2026-09-27T05:40:32,60,94,0.90,1
2026-09-27T05:40:33,63,94,0.90,1
2026-09-27T05:40:34,61,94,0.93,1
2026-09-27T05:40:35,66,94,0.93,1
2026-09-27T05:40:36,64,97,0.91,1
2026-09-27T05:40:37,64,95,0.92,1
2026-09-27T05:40:38,62,96,0.87,1
2026-09-27T05:40:39,66,96,0.91,1
2026-09-27T05:40:40,66,95,0.85,1
2026-09-27T05:40:41,60,96,0.92,1
2026-09-27T05:40:42,63,95,0.88,1
2026-09-27T05:40:43,60,95,0.88,1
2026-09-27T05:40:44,60,94,0.88,1
2026-09-27T05:40:45,62,94,0.93,1
2026-09-27T05:40:46,64,97,0.92,1
2026-09-27T05:40:47,64,96,0.88,1
2026-09-27T05:40:48,62,97,0.94,1
2026-09-27T05:40:49,66,94,0.93,1
2026-09-27T05:40:50,65,95,0.93,1
2026-09-27T05:40:51,65,97,0.91,1
2026-09-27T05:40:52,61,95,0.85,1
2026-09-27T05:40:53,62,94,0.93,1
2026-09-27T05:40:54,64,97,0.88,1
2026-09-27T05:40:55,63,95,0.89,1
2026-09-27T05:40:56,66,95,0.91,1
2026-09-27T05:40:57,64,95,0.88,1
2026-09-27T05:40:58,65,95,0.85,1
2026-09-27T05:40:59,64,95,0.94,1
2026-09-27T05:41:00,64,97,0.94,1
2026-09-27T05:41:01,62,95,0.90,1
2026-09-27T05:41:02,66,97,0.89,1
2026-09-27T05:41:03,61,96,0.93,1
2026-09-27T05:41:04,65,94,0.95,1
2026-09-27T05:41:05,66,95,0.89,1
2026-09-27T05:41:06,63,95,0.85,1
2026-09-27T05:41:07,60,96,0.94,1
2026-09-27T05:41:08,62,97,0.95,1
2026-09-27T05:41:09,61,95,0.87,1
2026-09-27T05:41:10,62,97,0.94,1
2026-09-27T05:41:11,62,94,0.91,1
2026-09-27T05:41:12,64,97,0.91,1
2026-09-27T05:41:13,62,94,0.94,1
2026-09-27T05:41:14,60,95,0.89,1
2026-09-27T05:41:15,66,94,0.88,1
2026-09-27T05:41:16,66,94,0.90,1
2026-09-27T05:41:17,66,94,0.95,1
2026-09-27T05:41:18,62,96,0.85,1
2026-09-27T05:41:19,61,96,0.94,1
2026-09-27T05:41:20,64,94,0.88,1
2026-09-27T05:41:21,64,96,0.92,1
2026-09-27T05:41:22,64,94,0.95,1
2026-09-27T05:41:23,60,97,0.86,1
2026-09-27T05:41:24,62,96,0.90,1
2026-09-27T05:41:25,66,96,0.95,1
2026-09-27T05:41:26,60,95,0.87,1
2026-09-27T05:41:27,64,97,0.93,1
2026-09-27T05:41:28,66,97,0.88,1
2026-09-27T05:41:29,60,96,0.92,1
2026-09-27T05:41:30,63,94,0.90,1
2026-09-27T05:41:31,66,97,0.95,1
2026-09-27T05:41:32,64,95,0.91,1
2026-09-27T05:41:33,64,96,0.91,1
2026-09-27T05:41:34,63,94,0.88,1
2026-09-27T05:41:35,62,97,0.94,1
2026-09-27T05:41:36,66,96,0.86,1
2026-09-27T05:41:37,63,94,0.92,1
2026-09-27T05:41:38,66,96,0.88,1
2026-09-27T05:41:39,60,96,0.85,1
2026-09-27T05:41:40,62,94,0.93,1
2026-09-27T05:41:41,60,97,0.93,1
2026-09-27T05:41:42,60,95,0.87,1
2026-09-27T05:41:43,60,95,0.90,1
2026-09-27T05:41:44,62,94,0.92,1
2026-09-27T05:41:45,61,95,0.94,1
2026-09-27T05:41:46,62,94,0.95,1
2026-09-27T05:41:47,63,97,0.89,1
2026-09-27T05:41:48,62,96,0.89,1
2026-09-27T05:41:49,62,95,0.93,1
2026-09-27T05:41:50,65,95,0.93,1
2026-09-27T05:41:51,60,96,0.88,1
2026-09-27T05:41:52,66,95,0.88,1
2026-09-27T05:41:53,61,94,0.93,1
2026-09-27T05:41:54,61,94,0.92,1
2026-09-27T05:41:55,63,96,0.87,1
2026-09-27T05:41:56,62,95,0.90,1
2026-09-27T05:41:57,61,94,0.94,1
2026-09-27T05:41:58,62,96,0.90,1
2026-09-27T05:41:59,66,95,0.92,1
2026-09-27T05:42:00,66,94,0.93,1
2026-09-27T05:42:01,61,97,0.90,1
2026-09-27T05:42:02,65,97,0.93,1
2026-09-27T05:42:03,64,97,0.87,1
2026-09-27T05:42:04,65,94,0.91,1
2026-09-27T05:42:05,66,94,0.92,1
2026-09-27T05:42:06,62,97,0.88,1
2026-09-27T05:42:07,62,97,0.91,1
2026-09-27T05:42:08,63,94,0.88,1
2026-09-27T05:42:09,63,95,0.91,1
2026-09-27T05:42:10,62,96,0.86,1
2026-09-27T05:42:11,63,97,0.94,1
2026-09-27T05:42:12,66,97,0.89,1
2026-09-27T05:42:13,64,95,0.87,1
2026-09-27T05:42:14,63,94,0.89,1
2026-09-27T05:42:15,63,97,0.88,1
2026-09-27T05:42:16,64,97,0.91,1
2026-09-27T05:42:17,63,96,0.86,1
2026-09-27T05:42:18,61,95,0.91,1
2026-09-27T05:42:19,65,97,0.92,1
2026-09-27T05:42:20,62,94,0.94,1
2026-09-27T05:42:21,61,97,0.87,1
2026-09-27T05:42:22,65,97,0.94,1
2026-09-27T05:42:23,66,97,0.91,1
2026-09-27T05:42:24,63,97,0.86,1
2026-09-27T05:42:25,61,96,0.92,1
2026-09-27T05:42:26,65,94,0.90,1
2026-09-27T05:42:27,62,94,0.95,1
2026-09-27T05:42:28,64,97,0.86,1
2026-09-27T05:42:29,64,94,0.94,1
2026-09-27T05:42:30,65,96,0.87,1
2026-09-27T05:42:31,62,95,0.94,1
2026-09-27T05:42:32,66,97,0.91,1
2026-09-27T05:42:33,64,97,0.92,1
2026-09-27T05:42:34,63,96,0.87,1
2026-09-27T05:42:35,63,96,0.89,1
2026-09-27T05:42:36,61,95,0.86,1
2026-09-27T05:42:37,61,94,0.86,1
2026-09-27T05:42:38,61,96,0.91,1
2026-09-27T05:42:39,63,94,0.92,1
2026-09-27T05:42:40,60,96,0.90,1
2026-09-27T05:42:41,65,96,0.89,1
2026-09-27T05:42:42,66,95,0.86,1
2026-09-27T05:42:43,60,97,0.91,1
2026-09-27T05:42:44,61,96,0.87,1
2026-09-27T05:42:45,65,96,0.94,1
2026-09-27T05:42:46,60,97,0.87,1
2026-09-27T05:42:47,63,95,0.87,1
2026-09-27T05:42:48,62,94,0.87,1
2026-09-27T05:42:49,62,95,0.88,1
2026-09-27T05:42:50,61,97,0.90,1
2026-09-27T05:42:51,63,95,0.92,1
2026-09-27T05:42:52,62,96,0.93,1
2026-09-27T05:42:53,60,96,0.86,1
2026-09-27T05:42:54,63,95,0.87,1
2026-09-27T05:42:55,64,94,0.86,1
2026-09-27T05:42:56,64,95,0.86,1
2026-09-27T05:42:57,60,96,0.92,1
2026-09-27T05:42:58,61,97,0.93,1
2026-09-27T05:42:59,65,96,0.86,1
2026-09-27T05:43:00,62,96,0.92,1
2026-09-27T05:43:01,63,95,0.91,1
2026-09-27T05:43:02,60,95,0.88,1
2026-09-27T05:43:03,62,96,0.93,1
2026-09-27T05:43:04,61,94,0.95,1
2026-09-27T05:43:05,62,97,0.90,1
2026-09-27T05:43:06,61,94,0.86,1
2026-09-27T05:43:07,60,96,0.88,1
2026-09-27T05:43:08,61,95,0.90,1
2026-09-27T05:43:09,60,94,0.88,1
2026-09-27T05:43:10,66,94,0.91,1
2026-09-27T05:43:11,66,97,0.85,1
2026-09-27T05:43:12,62,94,0.86,1
2026-09-27T05:43:13,62,94,0.93,1
2026-09-27T05:43:14,60,97,0.85,1
2026-09-27T05:43:15,61,97,0.91,1
2026-09-27T05:43:16,64,96,0.91,1
2026-09-27T05:43:17,63,96,0.90,1
2026-09-27T05:43:18,60,96,0.89,1
2026-09-27T05:43:19,66,96,0.93,1
2026-09-27T05:43:20,65,97,0.90,1
2026-09-27T05:43:21,63,97,0.93,1
2026-09-27T05:43:22,62,96,0.88,1
2026-09-27T05:43:23,62,97,0.93,1
2026-09-27T05:43:24,61,97,0.93,1
2026-09-27T05:43:25,62,95,0.94,1
2026-09-27T05:43:26,62,96,0.90,1
2026-09-27T05:43:27,61,94,0.90,1
2026-09-27T05:43:28,61,95,0.86,1
2026-09-27T05:43:29,63,97,0.85,1
2026-09-27T05:43:30,64,97,0.88,1
2026-09-27T05:43:31,64,94,0.95,1
2026-09-27T05:43:32,62,96,0.92,1
2026-09-27T05:43:33,61,94,0.88,1
2026-09-27T05:43:34,66,96,0.87,1
2026-09-27T05:43:35,62,94,0.88,1
2026-09-27T05:43:36,64,94,0.92,1
2026-09-27T05:43:37,63,94,0.87,1
2026-09-27T05:43:38,66,95,0.92,1
2026-09-27T05:43:39,66,97,0.94,1
2026-09-27T05:43:40,65,94,0.93,1
2026-09-27T05:43:41,61,95,0.92,1
2026-09-27T05:43:42,60,95,0.87,1
2026-09-27T05:43:43,63,95,0.93,1
2026-09-27T05:43:44,66,97,0.93,1
2026-09-27T05:43:45,60,95,0.88,1
2026-09-27T05:43:46,63,94,0.89,1
2026-09-27T05:43:47,64,97,0.93,1
2026-09-27T05:43:48,60,95,0.93,1
2026-09-27T05:43:49,61,96,0.86,1
2026-09-27T05:43:50,62,96,0.87,1
2026-09-27T05:43:51,61,97,0.91,1
2026-09-27T05:43:52,63,97,0.91,1
2026-09-27T05:43:53,60,94,0.88,1
2026-09-27T05:43:54,66,95,0.91,1
2026-09-27T05:43:55,66,94,0.95,1
2026-09-27T05:43:56,62,95,0.88,1
2026-09-27T05:43:57,66,94,0.95,1
2026-09-27T05:43:58,63,96,0.90,1
2026-09-27T05:43:59,60,95,0.94,1
2026-09-27T05:44:00,65,94,0.87,1
2026-09-27T05:44:01,66,94,0.85,1
2026-09-27T05:44:02,64,97,0.87,1
2026-09-27T05:44:03,64,96,0.88,1
2026-09-27T05:44:04,65,95,0.89,1
2026-09-27T05:44:05,66,97,0.87,1
2026-09-27T05:44:06,62,96,0.95,1
2026-09-27T05:44:07,66,97,0.90,1
2026-09-27T05:44:08,63,96,0.87,1
2026-09-27T05:44:09,61,94,0.88,1
2026-09-27T05:44:10,62,94,0.89,1
2026-09-27T05:44:11,61,95,0.94,1
2026-09-27T05:44:12,60,97,0.87,1
2026-09-27T05:44:13,64,94,0.91,1
2026-09-27T05:44:14,60,97,0.89,1
2026-09-27T05:44:15,62,97,0.86,1
2026-09-27T05:44:16,63,94,0.93,1
2026-09-27T05:44:17,61,95,0.95,1
2026-09-27T05:44:18,66,95,0.90,1
2026-09-27T05:44:19,62,97,0.94,1
2026-09-27T05:44:20,61,96,0.90,1
2026-09-27T05:44:21,66,96,0.93,1
2026-09-27T05:44:22,63,94,0.94,1
2026-09-27T05:44:23,63,96,0.87,1
2026-09-27T05:44:24,65,95,0.92,1
2026-09-27T05:44:25,60,96,0.87,1
2026-09-27T05:44:26,61,96,0.90,1
2026-09-27T05:44:27,61,96,0.92,1
2026-09-27T05:44:28,63,95,0.95,1
2026-09-27T05:44:29,63,94,0.92,1
2026-09-27T05:44:30,66,95,0.90,1
2026-09-27T05:44:31,65,94,0.87,1
2026-09-27T05:44:32,61,97,0.87,1
2026-09-27T05:44:33,65,95,0.95,1
2026-09-27T05:44:34,62,97,0.94,1
2026-09-27T05:44:35,60,96,0.93,1
2026-09-27T05:44:36,63,97,0.92,1
2026-09-27T05:44:37,61,94,0.91,1
2026-09-27T05:44:38,64,97,0.87,1
2026-09-27T05:44:39,66,97,0.87,1
2026-09-27T05:44:40,60,95,0.90,1
2026-09-27T05:44:41,62,95,0.94,1
2026-09-27T05:44:42,64,95,0.88,1
2026-09-27T05:44:43,62,96,0.94,1
2026-09-27T05:44:44,60,95,0.90,1
2026-09-27T05:44:45,60,97,0.90,1
2026-09-27T05:44:46,63,96,0.86,1
2026-09-27T05:44:47,60,96,0.93,1
2026-09-27T05:44:48,65,94,0.93,1
2026-09-27T05:44:49,60,94,0.92,1
2026-09-27T05:44:50,64,97,0.91,1
2026-09-27T05:44:51,61,97,0.90,1
2026-09-27T05:44:52,62,96,0.89,1
2026-09-27T05:44:53,65,95,0.91,1
2026-09-27T05:44:54,61,95,0.86,1
2026-09-27T05:44:55,64,95,0.92,1
2026-09-27T05:44:56,61,94,0.89,1
2026-09-27T05:44:57,65,96,0.95,1
2026-09-27T05:44:58,66,97,0.93,1
2026-09-27T05:44:59,60,94,0.94,1
2026-09-27T05:45:00,65,94,0.90,1
2026-09-27T05:45:01,63,95,0.86,1
2026-09-27T05:45:02,66,97,0.89,1
2026-09-27T05:45:03,64,94,0.86,1
2026-09-27T05:45:04,66,97,0.88,1
2026-09-27T05:45:05,65,97,0.86,1
2026-09-27T05:45:06,65,94,0.92,1
2026-09-27T05:45:07,65,95,0.88,1
2026-09-27T05:45:08,63,96,0.93,1
2026-09-27T05:45:09,64,95,0.93,1
2026-09-27T05:45:10,65,96,0.87,1
2026-09-27T05:45:11,63,97,0.86,1
2026-09-27T05:45:12,64,97,0.88,1
2026-09-27T05:45:13,60,96,0.87,1
2026-09-27T05:45:14,66,94,0.89,1
2026-09-27T05:45:15,61,97,0.89,1
2026-09-27T05:45:16,60,97,0.88,1
2026-09-27T05:45:17,61,95,0.89,1
2026-09-27T05:45:18,63,95,0.88,1
2026-09-27T05:45:19,66,95,0.90,1
2026-09-27T05:45:20,64,96,0.91,1
2026-09-27T05:45:21,60,96,0.89,1
2026-09-27T05:45:22,64,95,0.94,1
2026-09-27T05:45:23,60,96,0.87,1
2026-09-27T05:45:24,62,95,0.86,1
2026-09-27T05:45:25,63,96,0.87,1
2026-09-27T05:45:26,66,96,0.94,1
2026-09-27T05:45:27,64,94,0.87,1
2026-09-27T05:45:28,63,94,0.95,1
2026-09-27T05:45:29,64,94,0.89,1
2026-09-27T05:45:30,63,96,0.94,1
2026-09-27T05:45:31,64,97,0.94,1
2026-09-27T05:45:32,63,96,0.93,1
2026-09-27T05:45:33,64,95,0.86,1
2026-09-27T05:45:34,66,94,0.89,1
2026-09-27T05:45:35,62,95,0.88,1
2026-09-27T05:45:36,63,97,0.87,1
2026-09-27T05:45:37,64,96,0.87,1
2026-09-27T05:45:38,60,94,0.89,1
2026-09-27T05:45:39,63,94,0.89,1
2026-09-27T05:45:40,61,95,0.90,1
2026-09-27T05:45:41,62,94,0.92,1
2026-09-27T05:45:42,62,97,0.94,1
2026-09-27T05:45:43,65,97,0.87,1
2026-09-27T05:45:44,60,97,0.85,1
2026-09-27T05:45:45,63,97,0.94,1
2026-09-27T05:45:46,64,95,0.88,1
2026-09-27T05:45:47,66,96,0.87,1
2026-09-27T05:45:48,62,95,0.87,1
2026-09-27T05:45:49,66,96,0.86,1
2026-09-27T05:45:50,64,97,0.91,1
2026-09-27T05:45:51,64,94,0.89,1
2026-09-27T05:45:52,62,96,0.86,1
2026-09-27T05:45:53,62,96,0.86,1
2026-09-27T05:45:54,66,96,0.86,1
2026-09-27T05:45:55,64,96,0.90,1
2026-09-27T05:45:56,62,95,0.85,1
2026-09-27T05:45:57,65,94,0.91,1
2026-09-27T05:45:58,65,96,0.91,1
2026-09-27T05:45:59,61,95,0.87,1
2026-09-27T05:46:00,60,96,0.87,1
2026-09-27T05:46:01,64,94,0.91,1
2026-09-27T05:46:02,62,96,0.89,1
2026-09-27T05:46:03,61,95,0.90,1
2026-09-27T05:46:04,63,94,0.85,1
2026-09-27T05:46:05,60,95,0.91,1
2026-09-27T05:46:06,66,97,0.87,1
2026-09-27T05:46:07,63,96,0.87,1
2026-09-27T05:46:08,66,95,0.91,1
2026-09-27T05:46:09,61,96,0.92,1
2026-09-27T05:46:10,66,97,0.92,1
2026-09-27T05:46:11,60,94,0.93,1
2026-09-27T05:46:12,60,95,0.87,1
2026-09-27T05:46:13,62,96,0.91,1
2026-09-27T05:46:14,62,94,0.85,1
2026-09-27T05:46:15,64,96,0.90,1
2026-09-27T05:46:16,63,97,0.85,1
2026-09-27T05:46:17,62,95,0.91,1
2026-09-27T05:46:18,66,97,0.87,1
2026-09-27T05:46:19,64,96,0.85,1
2026-09-27T05:46:20,66,97,0.90,1
2026-09-27T05:46:21,65,94,0.93,1
2026-09-27T05:46:22,65,97,0.85,1
2026-09-27T05:46:23,65,96,0.93,1
2026-09-27T05:46:24,66,95,0.92,1
2026-09-27T05:46:25,65,94,0.90,1
2026-09-27T05:46:26,63,96,0.90,1
2026-09-27T05:46:27,65,97,0.87,1
2026-09-27T05:46:28,66,97,0.86,1
2026-09-27T05:46:29,60,96,0.88,1
2026-09-27T05:46:30,61,96,0.92,1
2026-09-27T05:46:31,60,94,0.87,1
2026-09-27T05:46:32,60,96,0.85,1
2026-09-27T05:46:33,60,97,0.92,1
2026-09-27T05:46:34,63,97,0.91,1
2026-09-27T05:46:35,65,94,0.95,1
2026-09-27T05:46:36,63,94,0.87,1
2026-09-27T05:46:37,66,97,0.87,1
2026-09-27T05:46:38,63,97,0.94,1
2026-09-27T05:46:39,66,95,0.91,1
2026-09-27T05:46:40,62,94,0.85,1
2026-09-27T05:46:41,62,97,0.86,1
2026-09-27T05:46:42,62,95,0.94,1
2026-09-27T05:46:43,64,95,0.89,1
2026-09-27T05:46:44,63,95,0.87,1
2026-09-27T05:46:45,66,97,0.86,1
2026-09-27T05:46:46,60,95,0.93,1
2026-09-27T05:46:47,63,94,0.85,1
2026-09-27T05:46:48,66,95,0.89,1
2026-09-27T05:46:49,65,94,0.88,1
2026-09-27T05:46:50,65,94,0.88,1
2026-09-27T05:46:51,63,96,0.94,1
2026-09-27T05:46:52,61,97,0.91,1
2026-09-27T05:46:53,64,94,0.92,1
2026-09-27T05:46:54,62,94,0.87,1
2026-09-27T05:46:55,65,95,0.85,1
2026-09-27T05:46:56,61,95,0.91,1
2026-09-27T05:46:57,61,94,0.91,1
2026-09-27T05:46:58,65,97,0.86,1
2026-09-27T05:46:59,64,94,0.89,1
2026-09-27T05:47:00,61,95,0.88,1
2026-09-27T05:47:01,60,97,0.94,1
2026-09-27T05:47:02,64,95,0.86,1
2026-09-27T05:47:03,61,95,0.92,1
2026-09-27T05:47:04,62,97,0.93,1
2026-09-27T05:47:05,60,95,0.90,1
2026-09-27T05:47:06,62,97,0.93,1
2026-09-27T05:47:07,65,96,0.87,1
2026-09-27T05:47:08,62,96,0.94,1
2026-09-27T05:47:09,66,94,0.88,1
2026-09-27T05:47:10,65,94,0.88,1
2026-09-27T05:47:11,60,94,0.91,1
2026-09-27T05:47:12,62,96,0.86,1
2026-09-27T05:47:13,61,96,0.92,1
2026-09-27T05:47:14,66,95,0.94,1
2026-09-27T05:47:15,62,94,0.93,1
2026-09-27T05:47:16,65,96,0.92,1
2026-09-27T05:47:17,61,94,0.93,1
2026-09-27T05:47:18,62,94,0.92,1
2026-09-27T05:47:19,66,96,0.89,1
2026-09-27T05:47:20,65,96,0.87,1
2026-09-27T05:47:21,65,95,0.92,1
2026-09-27T05:47:22,61,97,0.93,1
2026-09-27T05:47:23,62,97,0.91,1
2026-09-27T05:47:24,65,95,0.88,1
2026-09-27T05:47:25,65,95,0.94,1
2026-09-27T05:47:26,63,94,0.88,1
2026-09-27T05:47:27,64,95,0.88,1
2026-09-27T05:47:28,63,96,0.89,1
2026-09-27T05:47:29,61,97,0.85,1
2026-09-27T05:47:30,64,96,0.90,1
2026-09-27T05:47:31,62,94,0.86,1
2026-09-27T05:47:32,63,94,0.90,1
2026-09-27T05:47:33,64,94,0.93,1
2026-09-27T05:47:34,63,96,0.95,1
2026-09-27T05:47:35,63,96,0.93,1
2026-09-27T05:47:36,61,97,0.91,1
2026-09-27T05:47:37,66,97,0.86,1
2026-09-27T05:47:38,65,94,0.86,1
2026-09-27T05:47:39,65,96,0.86,1
2026-09-27T05:47:40,64,96,0.87,1
2026-09-27T05:47:41,66,94,0.92,1
2026-09-27T05:47:42,60,95,0.88,1
2026-09-27T05:47:43,62,96,0.88,1
2026-09-27T05:47:44,64,96,0.90,1
2026-09-27T05:47:45,61,95,0.89,1
2026-09-27T05:47:46,65,95,0.89,1
2026-09-27T05:47:47,65,97,0.92,1
2026-09-27T05:47:48,60,95,0.92,1
2026-09-27T05:47:49,60,96,0.93,1
2026-09-27T05:47:50,63,94,0.87,1
2026-09-27T05:47:51,61,95,0.91,1
2026-09-27T05:47:52,60,94,0.91,1
2026-09-27T05:47:53,64,95,0.92,1
2026-09-27T05:47:54,61,95,0.89,1
2026-09-27T05:47:55,65,95,0.86,1
2026-09-27T05:47:56,66,94,0.85,1
2026-09-27T05:47:57,64,94,0.92,1
2026-09-27T05:47:58,60,97,0.89,1
2026-09-27T05:47:59,65,96,0.86,1
2026-09-27T05:48:00,63,97,0.94,1
2026-09-27T05:48:01,64,95,0.86,1
2026-09-27T05:48:02,60,95,0.88,1
2026-09-27T05:48:03,65,96,0.87,1
2026-09-27T05:48:04,65,97,0.91,1
2026-09-27T05:48:05,66,96,0.85,1
2026-09-27T05:48:06,66,97,0.93,1
2026-09-27T05:48:07,62,96,0.86,1
2026-09-27T05:48:08,66,96,0.88,1
2026-09-27T05:48:09,60,95,0.90,1
2026-09-27T05:48:10,60,94,0.93,1
2026-09-27T05:48:11,66,95,0.93,1
2026-09-27T05:48:12,60,96,0.92,1
2026-09-27T05:48:13,65,97,0.90,1
2026-09-27T05:48:14,66,94,0.89,1
2026-09-27T05:48:15,61,96,0.94,1
2026-09-27T05:48:16,64,96,0.95,1
2026-09-27T05:48:17,64,96,0.95,1
2026-09-27T05:48:18,64,95,0.92,1
2026-09-27T05:48:19,66,94,0.89,1
2026-09-27T05:48:20,63,97,0.85,1
2026-09-27T05:48:21,61,96,0.91,1
2026-09-27T05:48:22,66,94,0.86,1
2026-09-27T05:48:23,65,96,0.87,1
2026-09-27T05:48:24,65,96,0.86,1
2026-09-27T05:48:25,64,97,0.90,1
2026-09-27T05:48:26,60,97,0.91,1
2026-09-27T05:48:27,60,95,0.92,1
2026-09-27T05:48:28,63,94,0.89,1
2026-09-27T05:48:29,60,96,0.93,1
2026-09-27T05:48:30,62,97,0.92,1
2026-09-27T05:48:31,63,94,0.87,1
2026-09-27T05:48:32,66,96,0.95,1
2026-09-27T05:48:33,62,95,0.92,1
2026-09-27T05:48:34,61,97,0.93,1
2026-09-27T05:48:35,65,95,0.86,1
2026-09-27T05:48:36,61,95,0.91,1
2026-09-27T05:48:37,60,96,0.87,1
2026-09-27T05:48:38,63,95,0.87,1
2026-09-27T05:48:39,65,96,0.88,1
2026-09-27T05:48:40,62,95,0.91,1
2026-09-27T05:48:41,61,94,0.91,1
2026-09-27T05:48:42,65,96,0.92,1
2026-09-27T05:48:43,60,96,0.92,1
2026-09-27T05:48:44,62,96,0.93,1
2026-09-27T05:48:45,60,95,0.93,1
2026-09-27T05:48:46,63,95,0.86,1
2026-09-27T05:48:47,60,96,0.89,1
2026-09-27T05:48:48,60,97,0.94,1
2026-09-27T05:48:49,66,94,0.87,1
2026-09-27T05:48:50,66,94,0.93,1
2026-09-27T05:48:51,63,96,0.85,1
2026-09-27T05:48:52,60,94,0.89,1
2026-09-27T05:48:53,61,96,0.87,1
2026-09-27T05:48:54,64,97,0.92,1
2026-09-27T05:48:55,64,96,0.89,1
2026-09-27T05:48:56,63,97,0.88,1
2026-09-27T05:48:57,64,97,0.86,1
2026-09-27T05:48:58,62,96,0.88,1
2026-09-27T05:48:59,63,97,0.87,1
2026-09-27T05:49:00,64,96,0.93,1
2026-09-27T05:49:01,61,94,0.87,1
2026-09-27T05:49:02,62,95,0.91,1
2026-09-27T05:49:03,63,97,0.93,1
2026-09-27T05:49:04,63,97,0.91,1
2026-09-27T05:49:05,61,96,0.93,1
2026-09-27T05:49:06,63,94,0.87,1
2026-09-27T05:49:07,63,95,0.94,1
2026-09-27T05:49:08,62,95,0.93,1
2026-09-27T05:49:09,66,95,0.95,1
2026-09-27T05:49:10,66,97,0.92,1
2026-09-27T05:49:11,66,95,0.87,1
2026-09-27T05:49:12,62,97,0.86,1
2026-09-27T05:49:13,63,96,0.89,1
2026-09-27T05:49:14,61,96,0.87,1
2026-09-27T05:49:15,64,95,0.94,1
2026-09-27T05:49:16,63,96,0.95,1
2026-09-27T05:49:17,65,94,0.92,1
2026-09-27T05:49:18,66,97,0.90,1
2026-09-27T05:49:19,64,94,0.87,1
2026-09-27T05:49:20,63,94,0.86,1
2026-09-27T05:49:21,61,97,0.88,1
2026-09-27T05:49:22,66,95,0.87,1
2026-09-27T05:49:23,61,96,0.92,1
2026-09-27T05:49:24,62,95,0.88,1
2026-09-27T05:49:25,63,96,0.87,1
2026-09-27T05:49:26,64,95,0.90,1
2026-09-27T05:49:27,66,97,0.89,1
2026-09-27T05:49:28,66,97,0.88,1
2026-09-27T05:49:29,62,96,0.90,1
2026-09-27T05:49:30,65,95,0.93,1
2026-09-27T05:49:31,66,97,0.88,1
2026-09-27T05:49:32,61,95,0.88,1
2026-09-27T05:49:33,63,96,0.94,1
2026-09-27T05:49:34,63,97,0.92,1
2026-09-27T05:49:35,60,94,0.86,1
2026-09-27T05:49:36,62,94,0.86,1
2026-09-27T05:49:37,66,95,0.88,1
2026-09-27T05:49:38,63,97,0.93,1
2026-09-27T05:49:39,65,97,0.87,1
2026-09-27T05:49:40,64,96,0.90,1
2026-09-27T05:49:41,63,96,0.93,1
2026-09-27T05:49:42,62,94,0.94,1
2026-09-27T05:49:43,60,96,0.86,1
2026-09-27T05:49:44,64,97,0.87,1
2026-09-27T05:49:45,63,95,0.87,1
2026-09-27T05:49:46,61,96,0.92,1
2026-09-27T05:49:47,61,95,0.86,1
2026-09-27T05:49:48,63,95,0.86,1
2026-09-27T05:49:49,66,95,0.87,1
2026-09-27T05:49:50,65,95,0.90,1
2026-09-27T05:49:51,66,95,0.88,1
2026-09-27T05:49:52,60,97,0.88,1
2026-09-27T05:49:53,60,96,0.87,1
2026-09-27T05:49:54,64,95,0.88,1
2026-09-27T05:49:55,61,95,0.86,1
2026-09-27T05:49:56,61,97,0.88,1
2026-09-27T05:49:57,62,97,0.86,1
2026-09-27T05:49:58,60,96,0.94,1
2026-09-27T05:49:59,63,96,0.86,1
2026-09-27T05:50:00,64,96,0.90,1
2026-09-27T05:50:01,66,94,0.87,1
2026-09-27T05:50:02,63,94,0.85,1
2026-09-27T05:50:03,63,97,0.90,1
2026-09-27T05:50:04,64,96,0.92,1
2026-09-27T05:50:05,65,94,0.87,1
2026-09-27T05:50:06,63,96,0.93,1
2026-09-27T05:50:07,60,95,0.92,1
2026-09-27T05:50:08,64,97,0.87,1
2026-09-27T05:50:09,64,94,0.91,1
2026-09-27T05:50:10,65,95,0.91,1
2026-09-27T05:50:11,60,95,0.89,1
2026-09-27T05:50:12,66,95,0.92,1
2026-09-27T05:50:13,65,96,0.88,1
2026-09-27T05:50:14,64,94,0.85,1
2026-09-27T05:50:15,66,95,0.88,1
2026-09-27T05:50:16,60,95,0.90,1
2026-09-27T05:50:17,63,94,0.94,1
2026-09-27T05:50:18,62,95,0.94,1
2026-09-27T05:50:19,60,97,0.86,1
2026-09-27T05:50:20,63,94,0.93,1
2026-09-27T05:50:21,61,97,0.89,1
2026-09-27T05:50:22,60,95,0.91,1
2026-09-27T05:50:23,66,94,0.91,1
2026-09-27T05:50:24,66,96,0.91,1
2026-09-27T05:50:25,61,97,0.91,1
2026-09-27T05:50:26,64,94,0.88,1
2026-09-27T05:50:27,61,95,0.92,1
2026-09-27T05:50:28,61,97,0.89,1
2026-09-27T05:50:29,61,97,0.90,1
2026-09-27T05:50:30,63,96,0.88,1
2026-09-27T05:50:31,65,95,0.92,1
2026-09-27T05:50:32,66,97,0.88,1
2026-09-27T05:50:33,64,97,0.94,1
2026-09-27T05:50:34,62,95,0.88,1
2026-09-27T05:50:35,66,97,0.88,1
2026-09-27T05:50:36,62,97,0.91,1
2026-09-27T05:50:37,62,97,0.88,1
2026-09-27T05:50:38,62,96,0.94,1
2026-09-27T05:50:39,63,95,0.88,1
2026-09-27T05:50:40,62,95,0.91,1
2026-09-27T05:50:41,62,96,0.89,1
2026-09-27T05:50:42,64,96,0.90,1
2026-09-27T05:50:43,66,94,0.87,1
2026-09-27T05:50:44,65,95,0.90,1
2026-09-27T05:50:45,62,97,0.86,1
2026-09-27T05:50:46,63,96,0.93,1
2026-09-27T05:50:47,66,94,0.91,1
2026-09-27T05:50:48,61,96,0.88,1
2026-09-27T05:50:49,63,96,0.93,1
2026-09-27T05:50:50,66,95,0.91,1
2026-09-27T05:50:51,65,97,0.85,1
2026-09-27T05:50:52,64,96,0.92,1
2026-09-27T05:50:53,60,95,0.87,1
2026-09-27T05:50:54,64,94,0.91,1
2026-09-27T05:50:55,63,97,0.94,1
2026-09-27T05:50:56,60,95,0.93,1
2026-09-27T05:50:57,61,97,0.88,1
2026-09-27T05:50:58,63,94,0.86,1
2026-09-27T05:50:59,63,97,0.86,1
2026-09-27T05:51:00,63,95,0.86,1
2026-09-27T05:51:01,64,94,0.95,1
2026-09-27T05:51:02,65,97,0.87,1
2026-09-27T05:51:03,60,94,0.90,1
2026-09-27T05:51:04,62,94,0.87,1
2026-09-27T05:51:05,60,94,0.92,1
2026-09-27T05:51:06,60,95,0.92,1
2026-09-27T05:51:07,60,97,0.87,1
2026-09-27T05:51:08,63,94,0.89,1
2026-09-27T05:51:09,64,94,0.88,1
2026-09-27T05:51:10,66,97,0.94,1
2026-09-27T05:51:11,63,94,0.86,1
2026-09-27T05:51:12,66,97,0.93,1
2026-09-27T05:51:13,63,95,0.94,1
2026-09-27T05:51:14,65,95,0.85,1
2026-09-27T05:51:15,60,95,0.88,1
2026-09-27T05:51:16,62,94,0.95,1
2026-09-27T05:51:17,61,94,0.88,1
2026-09-27T05:51:18,63,96,0.86,1
2026-09-27T05:51:19,60,96,0.91,1
2026-09-27T05:51:20,63,94,0.90,1
2026-09-27T05:51:21,65,95,0.92,1
2026-09-27T05:51:22,60,97,0.94,1
2026-09-27T05:51:23,63,94,0.90,1
2026-09-27T05:51:24,66,97,0.92,1
2026-09-27T05:51:25,66,94,0.86,1
2026-09-27T05:51:26,60,96,0.91,1
2026-09-27T05:51:27,60,94,0.92,1
2026-09-27T05:51:28,66,94,0.87,1
2026-09-27T05:51:29,60,96,0.87,1
2026-09-27T05:51:30,65,94,0.94,1
2026-09-27T05:51:31,66,97,0.88,1
2026-09-27T05:51:32,66,97,0.89,1
2026-09-27T05:51:33,63,95,0.91,1
2026-09-27T05:51:34,62,96,0.88,1
2026-09-27T05:51:35,63,94,0.90,1
2026-09-27T05:51:36,60,97,0.87,1
2026-09-27T05:51:37,63,94,0.93,1
2026-09-27T05:51:38,60,97,0.88,1
2026-09-27T05:51:39,66,94,0.85,1
2026-09-27T05:51:40,65,97,0.85,1
2026-09-27T05:51:41,61,95,0.91,1
2026-09-27T05:51:42,62,97,0.89,1
2026-09-27T05:51:43,61,95,0.89,1
2026-09-27T05:51:44,63,96,0.90,1
2026-09-27T05:51:45,64,95,0.92,1
2026-09-27T05:51:46,66,97,0.93,1
2026-09-27T05:51:47,65,97,0.91,1
2026-09-27T05:51:48,66,94,0.86,1
2026-09-27T05:51:49,66,96,0.85,1
2026-09-27T05:51:50,66,97,0.95,1
2026-09-27T05:51:51,62,94,0.86,1
2026-09-27T05:51:52,63,96,0.94,1
2026-09-27T05:51:53,62,96,0.87,1
2026-09-27T05:51:54,62,96,0.94,1
2026-09-27T05:51:55,64,97,0.94,1
2026-09-27T05:51:56,60,94,0.86,1
2026-09-27T05:51:57,60,95,0.94,1
2026-09-27T05:51:58,65,96,0.88,1
2026-09-27T05:51:59,64,94,0.89,1
2026-09-27T05:52:00,61,95,0.86,1
2026-09-27T05:52:01,65,95,0.92,1
2026-09-27T05:52:02,60,95,0.90,1
2026-09-27T05:52:03,64,97,0.95,1
2026-09-27T05:52:04,64,96,0.91,1
2026-09-27T05:52:05,60,95,0.90,1
2026-09-27T05:52:06,63,96,0.92,1
2026-09-27T05:52:07,61,97,0.91,1
2026-09-27T05:52:08,63,94,0.85,1
2026-09-27T05:52:09,60,94,0.86,1
2026-09-27T05:52:10,62,97,0.85,1
2026-09-27T05:52:11,63,97,0.92,1
2026-09-27T05:52:12,66,95,0.89,1
2026-09-27T05:52:13,66,97,0.95,1
2026-09-27T05:52:14,65,95,0.87,1
2026-09-27T05:52:15,63,97,0.87,1
2026-09-27T05:52:16,60,95,0.87,1
2026-09-27T05:52:17,60,94,0.95,1
2026-09-27T05:52:18,60,94,0.87,1
2026-09-27T05:52:19,66,96,0.92,1
2026-09-27T05:52:20,66,96,0.93,1
2026-09-27T05:52:21,63,96,0.91,1
2026-09-27T05:52:22,65,96,0.87,1
2026-09-27T05:52:23,64,96,0.88,1
2026-09-27T05:52:24,60,97,0.93,1
2026-09-27T05:52:25,62,97,0.90,1
2026-09-27T05:52:26,63,94,0.92,1
2026-09-27T05:52:27,61,94,0.94,1
2026-09-27T05:52:28,63,96,0.95,1
2026-09-27T05:52:29,62,97,0.86,1
2026-09-27T05:52:30,65,97,0.88,1
2026-09-27T05:52:31,63,96,0.86,1
2026-09-27T05:52:32,60,97,0.93,1
2026-09-27T05:52:33,62,97,0.87,1
2026-09-27T05:52:34,63,96,0.89,1
2026-09-27T05:52:35,62,97,0.92,1
2026-09-27T05:52:36,63,96,0.89,1
2026-09-27T05:52:37,61,95,0.87,1
2026-09-27T05:52:38,65,96,0.90,1
2026-09-27T05:52:39,64,97,0.94,1
2026-09-27T05:52:40,64,95,0.86,1
2026-09-27T05:52:41,62,94,0.90,1
2026-09-27T05:52:42,61,95,0.88,1
2026-09-27T05:52:43,64,95,0.92,1
2026-09-27T05:52:44,60,94,0.93,1
2026-09-27T05:52:45,64,97,0.87,1
2026-09-27T05:52:46,65,97,0.86,1
2026-09-27T05:52:47,61,95,0.88,1
2026-09-27T05:52:48,66,95,0.89,1
2026-09-27T05:52:49,62,97,0.86,1
2026-09-27T05:52:50,64,96,0.89,1
2026-09-27T05:52:51,60,97,0.94,1
2026-09-27T05:52:52,64,97,0.92,1
2026-09-27T05:52:53,65,97,0.93,1
2026-09-27T05:52:54,63,95,0.87,1
2026-09-27T05:52:55,63,94,0.95,1
2026-09-27T05:52:56,61,95,0.88,1
2026-09-27T05:52:57,64,95,0.86,1
2026-09-27T05:52:58,63,97,0.88,1
2026-09-27T05:52:59,63,95,0.92,1
2026-09-27T05:53:00,62,97,0.87,1
2026-09-27T05:53:01,60,95,0.87,1
2026-09-27T05:53:02,63,94,0.86,1
2026-09-27T05:53:03,64,95,0.95,1
2026-09-27T05:53:04,64,96,0.89,1
2026-09-27T05:53:05,61,95,0.88,1
2026-09-27T05:53:06,64,94,0.87,1
2026-09-27T05:53:07,61,94,0.94,1
2026-09-27T05:53:08,64,94,0.89,1
2026-09-27T05:53:09,63,95,0.93,1
2026-09-27T05:53:10,65,96,0.88,1
2026-09-27T05:53:11,63,96,0.90,1
2026-09-27T05:53:12,61,95,0.88,1
2026-09-27T05:53:13,61,95,0.91,1
2026-09-27T05:53:14,61,95,0.92,1
2026-09-27T05:53:15,65,94,0.88,1
2026-09-27T05:53:16,66,96,0.95,1
2026-09-27T05:53:17,66,96,0.87,1
2026-09-27T05:53:18,61,97,0.86,1
2026-09-27T05:53:19,66,95,0.95,1
2026-09-27T05:53:20,63,97,0.86,1
2026-09-27T05:53:21,60,97,0.93,1
2026-09-27T05:53:22,63,97,0.93,1
2026-09-27T05:53:23,65,94,0.89,1
2026-09-27T05:53:24,60,94,0.92,1
2026-09-27T05:53:25,60,94,0.92,1
2026-09-27T05:53:26,64,97,0.89,1
2026-09-27T05:53:27,63,94,0.89,1
2026-09-27T05:53:28,62,95,0.94,1
2026-09-27T05:53:29,60,95,0.90,1
2026-09-27T05:53:30,66,97,0.92,1
2026-09-27T05:53:31,66,97,0.89,1
2026-09-27T05:53:32,60,95,0.93,1
2026-09-27T05:53:33,66,96,0.86,1
2026-09-27T05:53:34,66,94,0.92,1
2026-09-27T05:53:35,61,97,0.92,1
2026-09-27T05:53:36,65,95,0.86,1
2026-09-27T05:53:37,65,96,0.94,1
2026-09-27T05:53:38,60,97,0.91,1
2026-09-27T05:53:39,65,94,0.90,1
2026-09-27T05:53:40,61,96,0.92,1
2026-09-27T05:53:41,63,96,0.86,1
2026-09-27T05:53:42,66,94,0.90,1
2026-09-27T05:53:43,60,95,0.87,1
2026-09-27T05:53:44,65,97,0.94,1
2026-09-27T05:53:45,65,97,0.89,1
2026-09-27T05:53:46,66,95,0.88,1
2026-09-27T05:53:47,65,97,0.91,1
2026-09-27T05:53:48,62,94,0.86,1
2026-09-27T05:53:49,63,97,0.86,1
2026-09-27T05:53:50,65,96,0.91,1
2026-09-27T05:53:51,60,95,0.88,1
2026-09-27T05:53:52,60,95,0.85,1
2026-09-27T05:53:53,62,96,0.92,1
2026-09-27T05:53:54,63,94,0.95,1
2026-09-27T05:53:55,63,94,0.87,1
2026-09-27T05:53:56,66,94,0.94,1
2026-09-27T05:53:57,60,97,0.94,1
2026-09-27T05:53:58,63,95,0.89,1
2026-09-27T05:53:59,64,94,0.94,1
2026-09-27T05:54:00,65,95,0.93,1
2026-09-27T05:54:01,63,97,0.86,1
2026-09-27T05:54:02,66,97,0.93,1
2026-09-27T05:54:03,62,95,0.91,1
2026-09-27T05:54:04,64,94,0.85,1
2026-09-27T05:54:05,60,96,0.86,1
2026-09-27T05:54:06,65,96,0.92,1
2026-09-27T05:54:07,62,95,0.85,1
2026-09-27T05:54:08,60,97,0.91,1
2026-09-27T05:54:09,64,94,0.85,1
2026-09-27T05:54:10,65,97,0.94,1
2026-09-27T05:54:11,60,94,0.94,1
2026-09-27T05:54:12,61,97,0.94,1
2026-09-27T05:54:13,64,96,0.88,1
2026-09-27T05:54:14,65,95,0.91,1
2026-09-27T05:54:15,64,96,0.92,1
2026-09-27T05:54:16,61,97,0.92,1
2026-09-27T05:54:17,65,95,0.88,1
2026-09-27T05:54:18,63,96,0.94,1
2026-09-27T05:54:19,61,95,0.89,1
2026-09-27T05:54:20,63,96,0.88,1
2026-09-27T05:54:21,63,94,0.87,1
2026-09-27T05:54:22,65,94,0.94,1
2026-09-27T05:54:23,65,96,0.94,1
2026-09-27T05:54:24,62,95,0.87,1
2026-09-27T05:54:25,65,95,0.94,1
2026-09-27T05:54:26,62,94,0.91,1
2026-09-27T05:54:27,60,96,0.88,1
2026-09-27T05:54:28,66,95,0.86,1
2026-09-27T05:54:29,63,97,0.93,1
2026-09-27T05:54:30,64,96,0.95,1
2026-09-27T05:54:31,66,96,0.93,1
2026-09-27T05:54:32,64,95,0.91,1
2026-09-27T05:54:33,64,96,0.86,1
2026-09-27T05:54:34,64,97,0.87,1
2026-09-27T05:54:35,61,95,0.89,1
2026-09-27T05:54:36,62,95,0.89,1
2026-09-27T05:54:37,66,97,0.89,1
2026-09-27T05:54:38,61,97,0.91,1
2026-09-27T05:54:39,62,95,0.86,1
2026-09-27T05:54:40,65,96,0.88,1
2026-09-27T05:54:41,61,95,0.91,1
2026-09-27T05:54:42,63,97,0.92,1
2026-09-27T05:54:43,66,95,0.95,1
2026-09-27T05:54:44,65,94,0.90,1
2026-09-27T05:54:45,60,96,0.93,1
2026-09-27T05:54:46,61,97,0.88,1
2026-09-27T05:54:47,64,96,0.94,1
2026-09-27T05:54:48,63,95,0.90,1
2026-09-27T05:54:49,64,97,0.90,1
2026-09-27T05:54:50,65,96,0.91,1
2026-09-27T05:54:51,63,94,0.88,1
2026-09-27T05:54:52,64,94,0.94,1
2026-09-27T05:54:53,62,94,0.95,1
2026-09-27T05:54:54,60,94,0.91,1
2026-09-27T05:54:55,63,96,0.91,1
2026-09-27T05:54:56,63,96,0.94,1
2026-09-27T05:54:57,65,96,0.85,1
2026-09-27T05:54:58,63,94,0.94,1
2026-09-27T05:54:59,65,95,0.88,1
2026-09-27T05:55:00,62,94,0.90,1
2026-09-27T05:55:01,64,97,0.94,1
2026-09-27T05:55:02,64,94,0.86,1
2026-09-27T05:55:03,64,96,0.85,1
2026-09-27T05:55:04,61,96,0.85,1
2026-09-27T05:55:05,61,97,0.94,1
2026-09-27T05:55:06,63,96,0.91,1
2026-09-27T05:55:07,60,94,0.94,1
2026-09-27T05:55:08,62,97,0.92,1
2026-09-27T05:55:09,63,95,0.87,1
2026-09-27T05:55:10,60,94,0.90,1
2026-09-27T05:55:11,62,94,0.93,1
2026-09-27T05:55:12,60,94,0.87,1
2026-09-27T05:55:13,65,96,0.91,1
2026-09-27T05:55:14,66,96,0.93,1
2026-09-27T05:55:15,62,95,0.92,1
2026-09-27T05:55:16,65,94,0.93,1
2026-09-27T05:55:17,65,95,0.88,1
2026-09-27T05:55:18,66,97,0.86,1
2026-09-27T05:55:19,60,96,0.86,1
2026-09-27T05:55:20,60,96,0.90,1
2026-09-27T05:55:21,65,95,0.86,1
2026-09-27T05:55:22,63,97,0.88,1
2026-09-27T05:55:23,63,96,0.87,1
2026-09-27T05:55:24,65,94,0.95,1
2026-09-27T05:55:25,60,97,0.88,1
2026-09-27T05:55:26,62,97,0.88,1
2026-09-27T05:55:27,62,96,0.93,1
2026-09-27T05:55:28,60,97,0.92,1
2026-09-27T05:55:29,60,97,0.88,1
2026-09-27T05:55:30,63,96,0.85,1
2026-09-27T05:55:31,65,96,0.94,1
2026-09-27T05:55:32,64,96,0.90,1
2026-09-27T05:55:33,65,94,0.93,1
2026-09-27T05:55:34,64,97,0.93,1
2026-09-27T05:55:35,63,97,0.88,1
2026-09-27T05:55:36,66,94,0.93,1
2026-09-27T05:55:37,61,96,0.87,1
2026-09-27T05:55:38,62,96,0.93,1
2026-09-27T05:55:39,62,94,0.90,1
2026-09-27T05:55:40,65,96,0.89,1
2026-09-27T05:55:41,64,96,0.92,1
2026-09-27T05:55:42,62,97,0.90,1
2026-09-27T05:55:43,62,94,0.95,1
2026-09-27T05:55:44,66,94,0.91,1
2026-09-27T05:55:45,60,94,0.93,1
2026-09-27T05:55:46,65,94,0.85,1
2026-09-27T05:55:47,61,96,0.88,1
2026-09-27T05:55:48,65,95,0.88,1
2026-09-27T05:55:49,64,97,0.87,1
2026-09-27T05:55:50,65,95,0.93,1
2026-09-27T05:55:51,62,94,0.91,1
2026-09-27T05:55:52,60,97,0.92,1
2026-09-27T05:55:53,62,94,0.85,1
2026-09-27T05:55:54,60,96,0.86,1
2026-09-27T05:55:55,65,97,0.93,1
2026-09-27T05:55:56,65,97,0.94,1
2026-09-27T05:55:57,60,97,0.91,1
2026-09-27T05:55:58,60,96,0.89,1
2026-09-27T05:55:59,61,97,0.86,1
2026-09-27T05:56:00,61,95,0.94,1
2026-09-27T05:56:01,60,97,0.90,1
2026-09-27T05:56:02,65,97,0.95,1
2026-09-27T05:56:03,66,97,0.94,1
2026-09-27T05:56:04,66,94,0.89,1
2026-09-27T05:56:05,66,95,0.92,1
2026-09-27T05:56:06,60,95,0.91,1
2026-09-27T05:56:07,62,96,0.94,1
2026-09-27T05:56:08,63,97,0.92,1
2026-09-27T05:56:09,63,97,0.90,1
2026-09-27T05:56:10,63,94,0.89,1
2026-09-27T05:56:11,66,95,0.87,1
2026-09-27T05:56:12,61,94,0.94,1
2026-09-27T05:56:13,63,95,0.91,1
2026-09-27T05:56:14,66,95,0.86,1
2026-09-27T05:56:15,61,97,0.87,1
2026-09-27T05:56:16,65,96,0.88,1
2026-09-27T05:56:17,63,94,0.89,1
2026-09-27T05:56:18,62,94,0.91,1
2026-09-27T05:56:19,60,94,0.85,1
2026-09-27T05:56:20,66,94,0.90,1
2026-09-27T05:56:21,61,97,0.91,1
2026-09-27T05:56:22,66,97,0.93,1
2026-09-27T05:56:23,60,94,0.94,1
2026-09-27T05:56:24,60,94,0.90,1
2026-09-27T05:56:25,62,94,0.92,1
2026-09-27T05:56:26,64,96,0.93,1
2026-09-27T05:56:27,65,96,0.93,1
2026-09-27T05:56:28,63,94,0.92,1
2026-09-27T05:56:29,66,94,0.92,1
2026-09-27T05:56:30,61,97,0.87,1
2026-09-27T05:56:31,66,97,0.86,1
2026-09-27T05:56:32,62,94,0.95,1
2026-09-27T05:56:33,63,94,0.93,1
2026-09-27T05:56:34,60,97,0.86,1
2026-09-27T05:56:35,61,94,0.92,1
2026-09-27T05:56:36,64,97,0.93,1
2026-09-27T05:56:37,62,97,0.95,1
2026-09-27T05:56:38,65,97,0.88,1
2026-09-27T05:56:39,61,94,0.92,1
2026-09-27T05:56:40,66,95,0.90,1
2026-09-27T05:56:41,65,95,0.86,1
2026-09-27T05:56:42,65,94,0.87,1
2026-09-27T05:56:43,61,96,0.92,1
2026-09-27T05:56:44,63,96,0.89,1
2026-09-27T05:56:45,60,97,0.87,1
2026-09-27T05:56:46,60,95,0.94,1
2026-09-27T05:56:47,66,95,0.94,1
2026-09-27T05:56:48,63,96,0.93,1
2026-09-27T05:56:49,62,95,0.94,1
2026-09-27T05:56:50,66,95,0.93,1
2026-09-27T05:56:51,64,94,0.86,1
2026-09-27T05:56:52,61,96,0.93,1
2026-09-27T05:56:53,62,95,0.86,1
2026-09-27T05:56:54,66,96,0.87,1
2026-09-27T05:56:55,63,95,0.91,1
2026-09-27T05:56:56,65,96,0.93,1
2026-09-27T05:56:57,63,94,0.89,1
2026-09-27T05:56:58,60,97,0.85,1
2026-09-27T05:56:59,60,96,0.91,1
2026-09-27T05:57:00,65,95,0.92,1
2026-09-27T05:57:01,62,94,0.92,1
2026-09-27T05:57:02,65,95,0.91,1
2026-09-27T05:57:03,60,97,0.87,1
2026-09-27T05:57:04,60,96,0.95,1
2026-09-27T05:57:05,62,97,0.88,1
2026-09-27T05:57:06,63,96,0.91,1
2026-09-27T05:57:07,62,96,0.90,1
2026-09-27T05:57:08,64,95,0.94,1
2026-09-27T05:57:09,62,97,0.88,1
2026-09-27T05:57:10,63,94,0.93,1
2026-09-27T05:57:11,60,96,0.90,1
2026-09-27T05:57:12,64,96,0.93,1
2026-09-27T05:57:13,65,96,0.90,1
2026-09-27T05:57:14,63,96,0.93,1
2026-09-27T05:57:15,62,96,0.86,1
2026-09-27T05:57:16,63,94,0.91,1
2026-09-27T05:57:17,64,97,0.93,1
2026-09-27T05:57:18,66,95,0.91,1
2026-09-27T05:57:19,63,95,0.88,1
2026-09-27T05:57:20,63,95,0.89,1
2026-09-27T05:57:21,61,94,0.90,1
2026-09-27T05:57:22,60,95,0.89,1
2026-09-27T05:57:23,62,97,0.86,1
2026-09-27T05:57:24,63,97,0.93,1
2026-09-27T05:57:25,63,95,0.91,1
2026-09-27T05:57:26,66,94,0.87,1
2026-09-27T05:57:27,62,96,0.88,1
2026-09-27T05:57:28,60,94,0.87,1
2026-09-27T05:57:29,64,94,0.87,1
2026-09-27T05:57:30,61,95,0.86,1
2026-09-27T05:57:31,66,94,0.89,1
2026-09-27T05:57:32,64,94,0.87,1
2026-09-27T05:57:33,64,95,0.91,1
2026-09-27T05:57:34,62,94,0.89,1
2026-09-27T05:57:35,65,96,0.90,1
2026-09-27T05:57:36,62,96,0.91,1
2026-09-27T05:57:37,62,97,0.95,1
2026-09-27T05:57:38,60,97,0.93,1
2026-09-27T05:57:39,63,94,0.93,1
2026-09-27T05:57:40,65,94,0.89,1
2026-09-27T05:57:41,66,94,0.91,1
2026-09-27T05:57:42,66,95,0.91,1
2026-09-27T05:57:43,63,95,0.95,1
2026-09-27T05:57:44,60,96,0.87,1
2026-09-27T05:57:45,65,96,0.89,1
2026-09-27T05:57:46,64,94,0.91,1
2026-09-27T05:57:47,63,95,0.93,1
2026-09-27T05:57:48,65,94,0.94,1
2026-09-27T05:57:49,66,96,0.90,1
2026-09-27T05:57:50,66,94,0.93,1
2026-09-27T05:57:51,63,94,0.85,1
2026-09-27T05:57:52,60,96,0.88,1
2026-09-27T05:57:53,66,96,0.87,1
2026-09-27T05:57:54,61,96,0.90,1
2026-09-27T05:57:55,65,97,0.88,1
2026-09-27T05:57:56,60,94,0.92,1
2026-09-27T05:57:57,64,95,0.91,1
2026-09-27T05:57:58,65,97,0.93,1
2026-09-27T05:57:59,63,96,0.91,1
2026-09-27T05:58:00,64,95,0.94,1
2026-09-27T05:58:01,65,97,0.94,1
2026-09-27T05:58:02,65,94,0.91,1
2026-09-27T05:58:03,60,95,0.85,1
2026-09-27T05:58:04,61,96,0.89,1
2026-09-27T05:58:05,63,94,0.90,1
2026-09-27T05:58:06,62,95,0.92,1
2026-09-27T05:58:07,66,96,0.86,1
2026-09-27T05:58:08,66,95,0.86,1
2026-09-27T05:58:09,65,95,0.91,1
2026-09-27T05:58:10,60,97,0.92,1
2026-09-27T05:58:11,64,94,0.87,1
2026-09-27T05:58:12,65,94,0.95,1
2026-09-27T05:58:13,60,96,0.94,1
2026-09-27T05:58:14,66,96,0.85,1
2026-09-27T05:58:15,63,94,0.88,1
2026-09-27T05:58:16,60,94,0.88,1
2026-09-27T05:58:17,62,94,0.87,1
2026-09-27T05:58:18,65,96,0.88,1
2026-09-27T05:58:19,66,97,0.92,1
2026-09-27T05:58:20,61,94,0.90,1
2026-09-27T05:58:21,65,96,0.87,1
2026-09-27T05:58:22,63,95,0.94,1
2026-09-27T05:58:23,66,94,0.87,1
2026-09-27T05:58:24,64,94,0.92,1
2026-09-27T05:58:25,63,96,0.93,1
2026-09-27T05:58:26,64,96,0.93,1
2026-09-27T05:58:27,65,96,0.92,1
2026-09-27T05:58:28,63,97,0.93,1
2026-09-27T05:58:29,60,94,0.93,1
2026-09-27T05:58:30,60,95,0.87,1
2026-09-27T05:58:31,63,97,0.91,1
2026-09-27T05:58:32,66,95,0.89,1
2026-09-27T05:58:33,65,94,0.87,1
2026-09-27T05:58:34,62,95,0.87,1
2026-09-27T05:58:35,66,96,0.92,1
2026-09-27T05:58:36,60,95,0.88,1
2026-09-27T05:58:37,64,95,0.95,1
2026-09-27T05:58:38,62,95,0.93,1
2026-09-27T05:58:39,63,95,0.86,1
2026-09-27T05:58:40,62,94,0.91,1
2026-09-27T05:58:41,61,95,0.92,1
2026-09-27T05:58:42,62,94,0.85,1
2026-09-27T05:58:43,61,97,0.91,1
2026-09-27T05:58:44,65,97,0.93,1
2026-09-27T05:58:45,64,97,0.87,1
2026-09-27T05:58:46,60,97,0.85,1
2026-09-27T05:58:47,65,96,0.94,1
2026-09-27T05:58:48,63,94,0.91,1
2026-09-27T05:58:49,65,96,0.94,1
2026-09-27T05:58:50,60,97,0.90,1
2026-09-27T05:58:51,66,94,0.92,1
2026-09-27T05:58:52,62,96,0.91,1
2026-09-27T05:58:53,64,95,0.89,1
2026-09-27T05:58:54,60,94,0.94,1
2026-09-27T05:58:55,64,95,0.91,1
2026-09-27T05:58:56,65,96,0.85,1
2026-09-27T05:58:57,63,96,0.92,1
2026-09-27T05:58:58,64,97,0.94,1
2026-09-27T05:58:59,61,96,0.94,1
2026-09-27T05:59:00,64,94,0.91,1
2026-09-27T05:59:01,60,96,0.88,1
2026-09-27T05:59:02,63,97,0.86,1
2026-09-27T05:59:03,66,94,0.93,1
2026-09-27T05:59:04,61,97,0.89,1
2026-09-27T05:59:05,66,97,0.90,1
2026-09-27T05:59:06,61,94,0.87,1
2026-09-27T05:59:07,65,94,0.94,1
2026-09-27T05:59:08,66,96,0.94,1
2026-09-27T05:59:09,62,95,0.89,1
2026-09-27T05:59:10,63,94,0.94,1
2026-09-27T05:59:11,60,94,0.91,1
2026-09-27T05:59:12,61,97,0.95,1
2026-09-27T05:59:13,65,95,0.90,1
2026-09-27T05:59:14,66,95,0.88,1
2026-09-27T05:59:15,63,96,0.88,1
2026-09-27T05:59:16,65,94,0.92,1
2026-09-27T05:59:17,66,94,0.90,1
2026-09-27T05:59:18,65,96,0.90,1
2026-09-27T05:59:19,63,94,0.92,1
2026-09-27T05:59:20,61,97,0.93,1
2026-09-27T05:59:21,62,94,0.87,1
2026-09-27T05:59:22,66,95,0.94,1
2026-09-27T05:59:23,64,94,0.88,1
2026-09-27T05:59:24,61,96,0.87,1
2026-09-27T05:59:25,60,95,0.86,1
2026-09-27T05:59:26,60,95,0.89,1
2026-09-27T05:59:27,65,95,0.87,1
2026-09-27T05:59:28,61,97,0.91,1
2026-09-27T05:59:29,66,94,0.87,1
2026-09-27T05:59:30,64,97,0.94,1
2026-09-27T05:59:31,61,97,0.93,1
2026-09-27T05:59:32,64,94,0.89,1
2026-09-27T05:59:33,61,97,0.89,1
2026-09-27T05:59:34,66,97,0.85,1
2026-09-27T05:59:35,65,96,0.88,1
2026-09-27T05:59:36,64,96,0.87,1
2026-09-27T05:59:37,61,96,0.90,1
2026-09-27T05:59:38,61,96,0.87,1
2026-09-27T05:59:39,64,97,0.86,1
2026-09-27T05:59:40,60,96,0.87,1
2026-09-27T05:59:41,64,94,0.86,1
2026-09-27T05:59:42,65,95,0.95,1
2026-09-27T05:59:43,66,94,0.95,1
2026-09-27T05:59:44,63,94,0.88,1
2026-09-27T05:59:45,62,96,0.92,1
2026-09-27T05:59:46,65,95,0.85,1
2026-09-27T05:59:47,62,94,0.88,1
2026-09-27T05:59:48,64,94,0.92,1
2026-09-27T05:59:49,63,94,0.89,1
2026-09-27T05:59:50,65,96,0.86,1
2026-09-27T05:59:51,61,95,0.94,1
2026-09-27T05:59:52,66,97,0.85,1
2026-09-27T05:59:53,65,95,0.86,1
2026-09-27T05:59:54,60,97,0.89,1
2026-09-27T05:59:55,64,95,0.93,1
2026-09-27T05:59:56,64,95,0.89,1
2026-09-27T05:59:57,65,96,0.89,1
2026-09-27T05:59:58,66,94,0.94,1
2026-09-27T05:59:59,65,95,0.93,1
2026-09-27T06:00:00,63,94,0.93,1
2026-09-27T06:00:01,64,94,0.87,1
2026-09-27T06:00:02,66,97,0.87,1
2026-09-27T06:00:03,60,97,0.95,1
2026-09-27T06:00:04,60,95,0.90,1
2026-09-27T06:00:05,61,96,0.93,1
2026-09-27T06:00:06,60,96,0.89,1
2026-09-27T06:00:07,60,97,0.92,1
2026-09-27T06:00:08,63,94,0.91,1
2026-09-27T06:00:09,64,96,0.90,1
2026-09-27T06:00:10,65,97,0.86,1
2026-09-27T06:00:11,61,94,0.86,1
2026-09-27T06:00:12,61,95,0.91,1
2026-09-27T06:00:13,63,94,0.86,1
2026-09-27T06:00:14,63,94,0.93,1
2026-09-27T06:00:15,64,97,0.88,1
2026-09-27T06:00:16,61,94,0.90,1
2026-09-27T06:00:17,63,94,0.92,1
2026-09-27T06:00:18,62,94,0.95,1
2026-09-27T06:00:19,66,94,0.88,1
2026-09-27T06:00:20,66,95,0.94,1
2026-09-27T06:00:21,62,94,0.92,1
2026-09-27T06:00:22,65,97,0.87,1
2026-09-27T06:00:23,66,94,0.89,1
2026-09-27T06:00:24,66,97,0.89,1
2026-09-27T06:00:25,64,97,0.86,1
2026-09-27T06:00:26,63,94,0.86,1
2026-09-27T06:00:27,64,94,0.86,1
2026-09-27T06:00:28,60,95,0.89,1
2026-09-27T06:00:29,60,97,0.86,1
2026-09-27T06:00:30,66,94,0.88,1
2026-09-27T06:00:31,65,95,0.89,1
2026-09-27T06:00:32,62,94,0.89,1
2026-09-27T06:00:33,64,94,0.88,1
2026-09-27T06:00:34,64,94,0.86,1
2026-09-27T06:00:35,65,96,0.90,1
2026-09-27T06:00:36,62,95,0.90,1
2026-09-27T06:00:37,61,95,0.87,1
2026-09-27T06:00:38,62,97,0.92,1
2026-09-27T06:00:39,66,95,0.92,1
2026-09-27T06:00:40,63,95,0.92,1
2026-09-27T06:00:41,61,97,0.93,1
2026-09-27T06:00:42,64,97,0.91,1
2026-09-27T06:00:43,65,97,0.93,1
2026-09-27T06:00:44,65,95,0.87,1
2026-09-27T06:00:45,61,96,0.87,1
2026-09-27T06:00:46,61,97,0.87,1
2026-09-27T06:00:47,62,96,0.85,1
2026-09-27T06:00:48,62,95,0.90,1
2026-09-27T06:00:49,61,94,0.93,1
2026-09-27T06:00:50,66,97,0.94,1
2026-09-27T06:00:51,64,97,0.86,1
2026-09-27T06:00:52,62,94,0.91,1
2026-09-27T06:00:53,63,94,0.92,1
2026-09-27T06:00:54,63,95,0.87,1
2026-09-27T06:00:55,66,94,0.87,1
2026-09-27T06:00:56,65,97,0.93,1
2026-09-27T06:00:57,62,96,0.86,1
2026-09-27T06:00:58,61,95,0.86,1
2026-09-27T06:00:59,66,97,0.90,1
2026-09-27T06:01:00,66,97,0.88,1
2026-09-27T06:01:01,66,94,0.89,1
2026-09-27T06:01:02,62,94,0.89,1
2026-09-27T06:01:03,60,96,0.92,1
2026-09-27T06:01:04,65,97,0.87,1
2026-09-27T06:01:05,65,95,0.94,1
2026-09-27T06:01:06,60,96,0.86,1
2026-09-27T06:01:07,66,95,0.90,1
2026-09-27T06:01:08,66,97,0.94,1
2026-09-27T06:01:09,66,94,0.94,1
2026-09-27T06:01:10,64,94,0.87,1
2026-09-27T06:01:11,60,95,0.86,1
2026-09-27T06:01:12,62,97,0.92,1
2026-09-27T06:01:13,61,94,0.88,1
2026-09-27T06:01:14,64,94,0.87,1
2026-09-27T06:01:15,62,96,0.95,1
2026-09-27T06:01:16,60,97,0.93,1
2026-09-27T06:01:17,64,97,0.88,1
2026-09-27T06:01:18,65,97,0.95,1
2026-09-27T06:01:19,62,97,0.91,1
2026-09-27T06:01:20,65,97,0.95,1
2026-09-27T06:01:21,62,97,0.95,1
2026-09-27T06:01:22,65,97,0.89,1
2026-09-27T06:01:23,63,96,0.89,1
2026-09-27T06:01:24,62,97,0.87,1
2026-09-27T06:01:25,60,95,0.90,1
2026-09-27T06:01:26,62,97,0.88,1
2026-09-27T06:01:27,64,97,0.94,1
2026-09-27T06:01:28,60,96,0.90,1
2026-09-27T06:01:29,66,94,0.85,1
2026-09-27T06:01:30,64,94,0.95,1
2026-09-27T06:01:31,65,95,0.92,1
2026-09-27T06:01:32,62,97,0.85,1
2026-09-27T06:01:33,60,97,0.95,1
2026-09-27T06:01:34,65,97,0.87,1
2026-09-27T06:01:35,66,97,0.92,1
2026-09-27T06:01:36,61,97,0.90,1
2026-09-27T06:01:37,61,97,0.92,1
2026-09-27T06:01:38,60,96,0.93,1
2026-09-27T06:01:39,63,97,0.87,1
2026-09-27T06:01:40,60,95,0.87,1
2026-09-27T06:01:41,63,94,0.92,1
2026-09-27T06:01:42,64,95,0.87,1
2026-09-27T06:01:43,65,95,0.93,1
2026-09-27T06:01:44,66,96,0.88,1
2026-09-27T06:01:45,62,97,0.93,1
2026-09-27T06:01:46,60,95,0.89,1
2026-09-27T06:01:47,66,94,0.89,1
2026-09-27T06:01:48,63,97,0.86,1
2026-09-27T06:01:49,66,96,0.89,1
2026-09-27T06:01:50,60,97,0.93,1
2026-09-27T06:01:51,65,97,0.88,1
2026-09-27T06:01:52,63,97,0.85,1
2026-09-27T06:01:53,65,95,0.86,1
2026-09-27T06:01:54,63,94,0.92,1
2026-09-27T06:01:55,64,94,0.94,1
2026-09-27T06:01:56,65,96,0.88,1
2026-09-27T06:01:57,61,94,0.91,1
2026-09-27T06:01:58,66,96,0.90,1
2026-09-27T06:01:59,62,96,0.89,1
2026-09-27T06:02:00,61,94,0.94,1
2026-09-27T06:02:01,61,97,0.90,1
2026-09-27T06:02:02,61,95,0.95,1
2026-09-27T06:02:03,61,96,0.86,1
2026-09-27T06:02:04,65,95,0.90,1
2026-09-27T06:02:05,64,97,0.94,1
2026-09-27T06:02:06,60,96,0.90,1
2026-09-27T06:02:07,66,94,0.93,1
2026-09-27T06:02:08,61,96,0.91,1
2026-09-27T06:02:09,62,94,0.87,1
2026-09-27T06:02:10,61,97,0.86,1
2026-09-27T06:02:11,64,97,0.90,1
2026-09-27T06:02:12,65,95,0.88,1
2026-09-27T06:02:13,60,96,0.90,1
2026-09-27T06:02:14,60,95,0.89,1
2026-09-27T06:02:15,62,96,0.87,1
2026-09-27T06:02:16,63,95,0.92,1
2026-09-27T06:02:17,62,97,0.93,1
2026-09-27T06:02:18,61,94,0.89,1
2026-09-27T06:02:19,60,97,0.87,1
2026-09-27T06:02:20,60,94,0.91,1
2026-09-27T06:02:21,65,94,0.86,1
2026-09-27T06:02:22,60,96,0.93,1
2026-09-27T06:02:23,66,95,0.91,1
2026-09-27T06:02:24,60,94,0.87,1
2026-09-27T06:02:25,60,95,0.91,1
2026-09-27T06:02:26,66,96,0.92,1
2026-09-27T06:02:27,63,97,0.85,1
2026-09-27T06:02:28,61,97,0.85,1
2026-09-27T06:02:29,65,97,0.87,1
2026-09-27T06:02:30,66,97,0.93,1
2026-09-27T06:02:31,61,95,0.95,1
2026-09-27T06:02:32,64,95,0.89,1
2026-09-27T06:02:33,63,97,0.89,1
2026-09-27T06:02:34,60,97,0.86,1
2026-09-27T06:02:35,63,96,0.87,1
2026-09-27T06:02:36,60,96,0.94,1
2026-09-27T06:02:37,62,95,0.89,1
2026-09-27T06:02:38,63,95,0.88,1
2026-09-27T06:02:39,64,94,0.95,1
2026-09-27T06:02:40,63,95,0.88,1
2026-09-27T06:02:41,63,94,0.92,1
2026-09-27T06:02:42,62,97,0.88,1
2026-09-27T06:02:43,60,96,0.94,1
2026-09-27T06:02:44,63,94,0.93,1
2026-09-27T06:02:45,66,94,0.91,1
2026-09-27T06:02:46,65,97,0.86,1
2026-09-27T06:02:47,62,95,0.88,1
2026-09-27T06:02:48,63,97,0.89,1
2026-09-27T06:02:49,62,97,0.90,1
2026-09-27T06:02:50,65,97,0.89,1
2026-09-27T06:02:51,61,95,0.87,1
2026-09-27T06:02:52,62,95,0.87,1
2026-09-27T06:02:53,65,97,0.89,1
2026-09-27T06:02:54,63,94,0.88,1
2026-09-27T06:02:55,61,95,0.87,1
2026-09-27T06:02:56,60,94,0.91,1
2026-09-27T06:02:57,64,97,0.91,1
2026-09-27T06:02:58,63,95,0.89,1
2026-09-27T06:02:59,64,96,0.93,1
2026-09-27T06:03:00,65,96,0.88,1
2026-09-27T06:03:01,61,97,0.95,1
2026-09-27T06:03:02,61,96,0.85,1
2026-09-27T06:03:03,66,96,0.87,1
2026-09-27T06:03:04,61,95,0.86,1
2026-09-27T06:03:05,62,95,0.91,1
2026-09-27T06:03:06,60,95,0.90,1
2026-09-27T06:03:07,62,94,0.87,1
2026-09-27T06:03:08,62,94,0.87,1
2026-09-27T06:03:09,66,96,0.92,1
2026-09-27T06:03:10,65,96,0.95,1
2026-09-27T06:03:11,61,97,0.90,1
2026-09-27T06:03:12,63,97,0.89,1
2026-09-27T06:03:13,66,96,0.87,1
2026-09-27T06:03:14,62,97,0.86,1
2026-09-27T06:03:15,62,96,0.86,1
2026-09-27T06:03:16,61,94,0.88,1
2026-09-27T06:03:17,61,96,0.91,1
2026-09-27T06:03:18,60,94,0.86,1
2026-09-27T06:03:19,66,95,0.86,1
2026-09-27T06:03:20,66,96,0.87,1
2026-09-27T06:03:21,64,95,0.87,1
2026-09-27T06:03:22,61,94,0.86,1
2026-09-27T06:03:23,64,94,0.93,1
2026-09-27T06:03:24,60,95,0.89,1
2026-09-27T06:03:25,60,94,0.93,1
2026-09-27T06:03:26,61,94,0.91,1
2026-09-27T06:03:27,61,95,0.95,1
2026-09-27T06:03:28,64,94,0.89,1
2026-09-27T06:03:29,62,94,0.91,1
2026-09-27T06:03:30,62,96,0.92,1
2026-09-27T06:03:31,60,94,0.95,1
2026-09-27T06:03:32,62,96,0.94,1
2026-09-27T06:03:33,62,95,0.87,1
2026-09-27T06:03:34,64,94,0.89,1
2026-09-27T06:03:35,63,97,0.89,1
2026-09-27T06:03:36,66,96,0.93,1
2026-09-27T06:03:37,61,97,0.91,1
2026-09-27T06:03:38,60,95,0.93,1
2026-09-27T06:03:39,60,94,0.95,1
2026-09-27T06:03:40,65,94,0.93,1
2026-09-27T06:03:41,60,96,0.87,1
2026-09-27T06:03:42,65,97,0.90,1
2026-09-27T06:03:43,66,96,0.92,1
2026-09-27T06:03:44,61,97,0.94,1
2026-09-27T06:03:45,65,97,0.93,1
2026-09-27T06:03:46,61,96,0.93,1
2026-09-27T06:03:47,63,96,0.94,1
2026-09-27T06:03:48,60,94,0.92,1
2026-09-27T06:03:49,65,97,0.91,1
2026-09-27T06:03:50,66,94,0.90,1
2026-09-27T06:03:51,62,95,0.92,1
2026-09-27T06:03:52,61,96,0.92,1
2026-09-27T06:03:53,66,95,0.89,1
2026-09-27T06:03:54,61,94,0.90,1
2026-09-27T06:03:55,65,94,0.95,1
2026-09-27T06:03:56,65,94,0.90,1
2026-09-27T06:03:57,60,94,0.95,1
2026-09-27T06:03:58,61,95,0.93,1
2026-09-27T06:03:59,66,94,0.89,1
2026-09-27T06:04:00,60,96,0.86,1
2026-09-27T06:04:01,63,97,0.93,1
2026-09-27T06:04:02,64,94,0.93,1
2026-09-27T06:04:03,63,96,0.94,1
2026-09-27T06:04:04,62,96,0.88,1
2026-09-27T06:04:05,64,96,0.87,1
2026-09-27T06:04:06,63,96,0.88,1
2026-09-27T06:04:07,63,96,0.94,1
2026-09-27T06:04:08,64,96,0.92,1
2026-09-27T06:04:09,61,95,0.85,1
2026-09-27T06:04:10,62,95,0.89,1
2026-09-27T06:04:11,63,95,0.88,1
2026-09-27T06:04:12,65,94,0.95,1
2026-09-27T06:04:13,65,96,0.91,1
2026-09-27T06:04:14,63,96,0.90,1
2026-09-27T06:04:15,66,95,0.86,1
2026-09-27T06:04:16,63,95,0.92,1
2026-09-27T06:04:17,66,96,0.87,1
2026-09-27T06:04:18,61,96,0.86,1
2026-09-27T06:04:19,65,94,0.90,1
2026-09-27T06:04:20,63,96,0.92,1
2026-09-27T06:04:21,65,94,0.94,1
2026-09-27T06:04:22,62,97,0.89,1
2026-09-27T06:04:23,60,94,0.94,1
2026-09-27T06:04:24,66,95,0.88,1
2026-09-27T06:04:25,65,97,0.91,1
2026-09-27T06:04:26,61,94,0.86,1
2026-09-27T06:04:27,62,96,0.94,1
2026-09-27T06:04:28,62,94,0.89,1
2026-09-27T06:04:29,62,97,0.91,1
2026-09-27T06:04:30,63,95,0.87,1
2026-09-27T06:04:31,65,95,0.89,1
2026-09-27T06:04:32,66,95,0.89,1
2026-09-27T06:04:33,61,95,0.92,1
2026-09-27T06:04:34,64,96,0.91,1
2026-09-27T06:04:35,60,94,0.86,1
2026-09-27T06:04:36,61,97,0.88,1
2026-09-27T06:04:37,62,97,0.91,1
2026-09-27T06:04:38,61,94,0.95,1
2026-09-27T06:04:39,61,94,0.92,1
2026-09-27T06:04:40,63,94,0.88,1
2026-09-27T06:04:41,62,97,0.89,1
2026-09-27T06:04:42,65,96,0.89,1
2026-09-27T06:04:43,62,96,0.92,1
2026-09-27T06:04:44,61,95,0.91,1
2026-09-27T06:04:45,61,95,0.92,1
2026-09-27T06:04:46,65,95,0.86,1
2026-09-27T06:04:47,65,94,0.90,1
2026-09-27T06:04:48,61,94,0.90,1
2026-09-27T06:04:49,65,96,0.86,1
2026-09-27T06:04:50,60,96,0.89,1
2026-09-27T06:04:51,65,97,0.87,1
2026-09-27T06:04:52,65,94,0.95,1
2026-09-27T06:04:53,60,94,0.90,1
2026-09-27T06:04:54,63,95,0.92,1
2026-09-27T06:04:55,65,96,0.90,1
2026-09-27T06:04:56,63,95,0.87,1
2026-09-27T06:04:57,60,95,0.89,1
2026-09-27T06:04:58,65,95,0.86,1
2026-09-27T06:04:59,62,96,0.94,1
2026-09-27T06:05:00,63,97,0.89,1
2026-09-27T06:05:01,63,97,0.86,1
2026-09-27T06:05:02,64,96,0.93,1
2026-09-27T06:05:03,65,95,0.90,1
2026-09-27T06:05:04,65,95,0.88,1
2026-09-27T06:05:05,61,96,0.92,1
2026-09-27T06:05:06,63,97,0.86,1
2026-09-27T06:05:07,62,97,0.92,1
2026-09-27T06:05:08,61,94,0.95,1
2026-09-27T06:05:09,65,95,0.92,1
2026-09-27T06:05:10,65,95,0.91,1
2026-09-27T06:05:11,62,94,0.95,1
2026-09-27T06:05:12,63,95,0.87,1
2026-09-27T06:05:13,62,95,0.92,1
2026-09-27T06:05:14,64,96,0.92,1
2026-09-27T06:05:15,64,95,0.87,1
2026-09-27T06:05:16,65,95,0.92,1
2026-09-27T06:05:17,60,95,0.86,1
2026-09-27T06:05:18,63,95,0.90,1
2026-09-27T06:05:19,60,95,0.91,1
2026-09-27T06:05:20,60,94,0.86,1
2026-09-27T06:05:21,64,95,0.86,1
2026-09-27T06:05:22,65,95,0.95,1
2026-09-27T06:05:23,60,97,0.89,1
2026-09-27T06:05:24,62,95,0.90,1
2026-09-27T06:05:25,64,97,0.91,1
2026-09-27T06:05:26,62,96,0.85,1
2026-09-27T06:05:27,63,96,0.91,1
2026-09-27T06:05:28,63,96,0.92,1
2026-09-27T06:05:29,60,95,0.88,1
2026-09-27T06:05:30,61,94,0.90,1
2026-09-27T06:05:31,61,94,0.90,1
2026-09-27T06:05:32,64,96,0.87,1
2026-09-27T06:05:33,60,97,0.91,1
2026-09-27T06:05:34,61,95,0.90,1
2026-09-27T06:05:35,66,95,0.91,1
2026-09-27T06:05:36,66,96,0.95,1
2026-09-27T06:05:37,63,95,0.89,1
2026-09-27T06:05:38,62,96,0.95,1
2026-09-27T06:05:39,66,97,0.90,1
2026-09-27T06:05:40,62,94,0.94,1
2026-09-27T06:05:41,61,94,0.89,1
2026-09-27T06:05:42,62,94,0.89,1
2026-09-27T06:05:43,61,95,0.85,1
2026-09-27T06:05:44,65,96,0.90,1
2026-09-27T06:05:45,63,96,0.86,1
2026-09-27T06:05:46,62,97,0.90,1
2026-09-27T06:05:47,63,97,0.87,1
2026-09-27T06:05:48,65,94,0.93,1
2026-09-27T06:05:49,66,96,0.87,1
2026-09-27T06:05:50,64,97,0.88,1
2026-09-27T06:05:51,63,96,0.88,1
2026-09-27T06:05:52,61,94,0.92,1
2026-09-27T06:05:53,64,97,0.88,1
2026-09-27T06:05:54,60,97,0.85,1
2026-09-27T06:05:55,60,96,0.93,1
2026-09-27T06:05:56,64,97,0.94,1
2026-09-27T06:05:57,64,96,0.91,1
2026-09-27T06:05:58,64,95,0.88,1
2026-09-27T06:05:59,66,97,0.91,1
2026-09-27T06:06:00,62,96,0.87,1
2026-09-27T06:06:01,62,97,0.95,1
2026-09-27T06:06:02,61,96,0.95,1
2026-09-27T06:06:03,65,95,0.92,1
2026-09-27T06:06:04,64,96,0.87,1
2026-09-27T06:06:05,62,94,0.94,1
2026-09-27T06:06:06,61,97,0.90,1
2026-09-27T06:06:07,64,95,0.95,1
2026-09-27T06:06:08,64,95,0.87,1
2026-09-27T06:06:09,65,95,0.87,1
2026-09-27T06:06:10,66,97,0.85,1
2026-09-27T06:06:11,64,95,0.95,1
2026-09-27T06:06:12,60,95,0.94,1
2026-09-27T06:06:13,60,97,0.87,1
2026-09-27T06:06:14,60,94,0.92,1
2026-09-27T06:06:15,61,96,0.93,1
2026-09-27T06:06:16,66,97,0.87,1
2026-09-27T06:06:17,66,97,0.92,1
2026-09-27T06:06:18,60,96,0.86,1
2026-09-27T06:06:19,62,97,0.87,1
2026-09-27T06:06:20,60,96,0.88,1
2026-09-27T06:06:21,64,95,0.88,1
2026-09-27T06:06:22,60,97,0.92,1
2026-09-27T06:06:23,64,94,0.87,1
2026-09-27T06:06:24,64,94,0.89,1
2026-09-27T06:06:25,66,95,0.89,1
2026-09-27T06:06:26,63,96,0.90,1
2026-09-27T06:06:27,63,97,0.85,1
2026-09-27T06:06:28,61,96,0.86,1
2026-09-27T06:06:29,63,96,0.91,1
2026-09-27T06:06:30,63,94,0.85,1
2026-09-27T06:06:31,61,97,0.86,1
2026-09-27T06:06:32,60,96,0.92,1
2026-09-27T06:06:33,62,94,0.93,1
2026-09-27T06:06:34,66,95,0.86,1
2026-09-27T06:06:35,64,95,0.89,1
2026-09-27T06:06:36,62,96,0.88,1
2026-09-27T06:06:37,64,94,0.91,1
2026-09-27T06:06:38,62,97,0.88,1
2026-09-27T06:06:39,66,97,0.86,1
2026-09-27T06:06:40,65,96,0.93,1
2026-09-27T06:06:41,64,96,0.88,1
2026-09-27T06:06:42,61,97,0.88,1
2026-09-27T06:06:43,65,95,0.93,1
2026-09-27T06:06:44,66,94,0.88,1
2026-09-27T06:06:45,62,96,0.89,1
2026-09-27T06:06:46,64,96,0.89,1
2026-09-27T06:06:47,64,97,0.94,1
2026-09-27T06:06:48,62,97,0.86,1
2026-09-27T06:06:49,62,94,0.86,1
2026-09-27T06:06:50,63,95,0.95,1
2026-09-27T06:06:51,65,96,0.90,1
2026-09-27T06:06:52,66,96,0.91,1
2026-09-27T06:06:53,62,96,0.92,1
2026-09-27T06:06:54,64,94,0.95,1
2026-09-27T06:06:55,60,94,0.94,1
2026-09-27T06:06:56,64,97,0.86,1
2026-09-27T06:06:57,63,96,0.87,1
2026-09-27T06:06:58,63,97,0.88,1
2026-09-27T06:06:59,61,97,0.94,1
2026-09-27T06:07:00,63,94,0.95,1
2026-09-27T06:07:01,65,96,0.90,1
2026-09-27T06:07:02,61,96,0.89,1
2026-09-27T06:07:03,63,97,0.90,1
2026-09-27T06:07:04,62,95,0.90,1
2026-09-27T06:07:05,66,96,0.91,1
2026-09-27T06:07:06,65,94,0.87,1
2026-09-27T06:07:07,60,96,0.89,1
2026-09-27T06:07:08,65,94,0.94,1
2026-09-27T06:07:09,61,94,0.91,1
2026-09-27T06:07:10,61,95,0.89,1
2026-09-27T06:07:11,61,95,0.88,1
2026-09-27T06:07:12,61,94,0.87,1
2026-09-27T06:07:13,66,96,0.87,1
2026-09-27T06:07:14,66,95,0.88,1
2026-09-27T06:07:15,65,97,0.94,1
2026-09-27T06:07:16,62,95,0.90,1
2026-09-27T06:07:17,61,97,0.85,1
2026-09-27T06:07:18,62,94,0.86,1
2026-09-27T06:07:19,62,97,0.89,1
2026-09-27T06:07:20,66,95,0.89,1
2026-09-27T06:07:21,60,96,0.93,1
2026-09-27T06:07:22,60,95,0.91,1
2026-09-27T06:07:23,64,95,0.95,1
2026-09-27T06:07:24,62,96,0.85,1
2026-09-27T06:07:25,64,97,0.90,1
2026-09-27T06:07:26,65,96,0.91,1
2026-09-27T06:07:27,66,96,0.91,1
2026-09-27T06:07:28,66,97,0.91,1
2026-09-27T06:07:29,60,94,0.95,1
2026-09-27T06:07:30,65,94,0.92,1
2026-09-27T06:07:31,66,94,0.86,1
2026-09-27T06:07:32,61,96,0.93,1
2026-09-27T06:07:33,66,96,0.85,1
2026-09-27T06:07:34,66,96,0.85,1
2026-09-27T06:07:35,60,94,0.93,1
2026-09-27T06:07:36,64,94,0.87,1
2026-09-27T06:07:37,66,96,0.95,1
2026-09-27T06:07:38,62,95,0.85,1
2026-09-27T06:07:39,64,94,0.93,1
2026-09-27T06:07:40,65,96,0.95,1
2026-09-27T06:07:41,63,97,0.87,1
2026-09-27T06:07:42,65,95,0.90,1
2026-09-27T06:07:43,63,96,0.88,1
2026-09-27T06:07:44,63,96,0.86,1
2026-09-27T06:07:45,63,96,0.88,1
2026-09-27T06:07:46,65,95,0.90,1
2026-09-27T06:07:47,65,94,0.86,1
2026-09-27T06:07:48,64,94,0.91,1
2026-09-27T06:07:49,62,97,0.89,1
2026-09-27T06:07:50,61,94,0.92,1
2026-09-27T06:07:51,62,95,0.86,1
2026-09-27T06:07:52,60,96,0.93,1
2026-09-27T06:07:53,62,97,0.85,1
2026-09-27T06:07:54,60,96,0.89,1
2026-09-27T06:07:55,66,95,0.85,1
2026-09-27T06:07:56,62,97,0.87,1
2026-09-27T06:07:57,62,94,0.88,1
2026-09-27T06:07:58,63,94,0.93,1
2026-09-27T06:07:59,64,94,0.87,1
2026-09-27T06:08:00,61,97,0.89,1
2026-09-27T06:08:01,63,95,0.92,1
2026-09-27T06:08:02,61,96,0.88,1
2026-09-27T06:08:03,64,95,0.88,1
2026-09-27T06:08:04,66,97,0.88,1
2026-09-27T06:08:05,61,96,0.89,1
2026-09-27T06:08:06,63,94,0.86,1
2026-09-27T06:08:07,62,97,0.91,1
2026-09-27T06:08:08,66,97,0.87,1
2026-09-27T06:08:09,64,95,0.91,1
2026-09-27T06:08:10,60,97,0.86,1
2026-09-27T06:08:11,66,97,0.95,1
2026-09-27T06:08:12,63,94,0.85,1
2026-09-27T06:08:13,63,96,0.86,1
2026-09-27T06:08:14,63,96,0.90,1
2026-09-27T06:08:15,61,95,0.87,1
2026-09-27T06:08:16,65,95,0.86,1
2026-09-27T06:08:17,66,96,0.89,1
2026-09-27T06:08:18,64,94,0.89,1
2026-09-27T06:08:19,63,97,0.93,1
2026-09-27T06:08:20,63,97,0.93,1
2026-09-27T06:08:21,62,97,0.89,1
2026-09-27T06:08:22,65,95,0.94,1
2026-09-27T06:08:23,65,94,0.92,1
2026-09-27T06:08:24,64,94,0.94,1
2026-09-27T06:08:25,64,96,0.93,1
2026-09-27T06:08:26,60,97,0.94,1
2026-09-27T06:08:27,62,94,0.87,1
2026-09-27T06:08:28,60,95,0.89,1
2026-09-27T06:08:29,65,95,0.91,1
2026-09-27T06:08:30,65,96,0.86,1
2026-09-27T06:08:31,64,95,0.90,1
2026-09-27T06:08:32,60,94,0.89,1
2026-09-27T06:08:33,61,97,0.89,1
2026-09-27T06:08:34,65,95,0.94,1
2026-09-27T06:08:35,66,96,0.91,1
2026-09-27T06:08:36,65,94,0.93,1
2026-09-27T06:08:37,65,96,0.86,1
2026-09-27T06:08:38,62,95,0.87,1
2026-09-27T06:08:39,60,96,0.94,1
2026-09-27T06:08:40,61,95,0.89,1
2026-09-27T06:08:41,65,94,0.86,1
2026-09-27T06:08:42,61,95,0.91,1
2026-09-27T06:08:43,61,96,0.92,1
2026-09-27T06:08:44,64,94,0.89,1
2026-09-27T06:08:45,63,95,0.88,1
2026-09-27T06:08:46,66,97,0.91,1
2026-09-27T06:08:47,65,97,0.94,1
2026-09-27T06:08:48,63,95,0.95,1
2026-09-27T06:08:49,64,95,0.91,1
2026-09-27T06:08:50,61,94,0.90,1
2026-09-27T06:08:51,66,94,0.89,1
2026-09-27T06:08:52,64,94,0.89,1
2026-09-27T06:08:53,65,95,0.90,1
2026-09-27T06:08:54,65,97,0.87,1
2026-09-27T06:08:55,64,95,0.89,1
2026-09-27T06:08:56,64,94,0.92,1
2026-09-27T06:08:57,66,95,0.88,1
2026-09-27T06:08:58,65,96,0.89,1
2026-09-27T06:08:59,63,97,0.91,1
2026-09-27T06:09:00,62,95,0.91,1
2026-09-27T06:09:01,62,94,0.85,1
2026-09-27T06:09:02,64,95,0.92,1
2026-09-27T06:09:03,62,96,0.93,1
2026-09-27T06:09:04,61,97,0.89,1
2026-09-27T06:09:05,64,97,0.87,1
2026-09-27T06:09:06,62,95,0.88,1
2026-09-27T06:09:07,62,94,0.94,1
2026-09-27T06:09:08,62,95,0.87,1
2026-09-27T06:09:09,62,95,0.87,1
2026-09-27T06:09:10,60,97,0.92,1
2026-09-27T06:09:11,61,97,0.93,1
2026-09-27T06:09:12,64,94,0.88,1
2026-09-27T06:09:13,64,94,0.86,1
2026-09-27T06:09:14,62,95,0.86,1
2026-09-27T06:09:15,64,94,0.90,1
2026-09-27T06:09:16,65,94,0.91,1
2026-09-27T06:09:17,61,94,0.87,1
2026-09-27T06:09:18,61,95,0.88,1
2026-09-27T06:09:19,65,97,0.87,1
2026-09-27T06:09:20,63,96,0.87,1
2026-09-27T06:09:21,62,95,0.89,1
2026-09-27T06:09:22,60,94,0.87,1
2026-09-27T06:09:23,63,96,0.90,1
2026-09-27T06:09:24,63,97,0.86,1
2026-09-27T06:09:25,64,96,0.90,1
2026-09-27T06:09:26,66,96,0.90,1
2026-09-27T06:09:27,64,97,0.89,1
2026-09-27T06:09:28,61,94,0.94,1
2026-09-27T06:09:29,61,95,0.89,1
2026-09-27T06:09:30,62,95,0.90,1
2026-09-27T06:09:31,66,97,0.95,1
2026-09-27T06:09:32,60,97,0.91,1
2026-09-27T06:09:33,61,94,0.92,1
2026-09-27T06:09:34,66,95,0.92,1
2026-09-27T06:09:35,61,95,0.94,1
2026-09-27T06:09:36,65,96,0.89,1
2026-09-27T06:09:37,65,96,0.90,1
2026-09-27T06:09:38,66,96,0.90,1
2026-09-27T06:09:39,63,97,0.93,1
2026-09-27T06:09:40,60,94,0.94,1
2026-09-27T06:09:41,65,94,0.88,1
2026-09-27T06:09:42,63,95,0.86,1
2026-09-27T06:09:43,66,95,0.90,1
2026-09-27T06:09:44,60,96,0.88,1
2026-09-27T06:09:45,61,94,0.92,1
2026-09-27T06:09:46,63,96,0.95,1
2026-09-27T06:09:47,65,95,0.94,1
2026-09-27T06:09:48,65,94,0.94,1
2026-09-27T06:09:49,66,95,0.86,1
2026-09-27T06:09:50,62,96,0.94,1
2026-09-27T06:09:51,66,96,0.86,1
2026-09-27T06:09:52,66,97,0.88,1
2026-09-27T06:09:53,60,94,0.92,1
2026-09-27T06:09:54,63,95,0.93,1
2026-09-27T06:09:55,62,97,0.89,1
2026-09-27T06:09:56,63,97,0.92,1
2026-09-27T06:09:57,64,94,0.89,1
2026-09-27T06:09:58,64,97,0.89,1
2026-09-27T06:09:59,62,97,0.91,1
2026-09-27T06:10:00,62,96,0.95,1
2026-09-27T06:10:01,63,96,0.88,1
2026-09-27T06:10:02,64,96,0.87,1
2026-09-27T06:10:03,65,94,0.89,1
2026-09-27T06:10:04,66,94,0.94,1
2026-09-27T06:10:05,65,95,0.90,1
2026-09-27T06:10:06,60,97,0.89,1
2026-09-27T06:10:07,60,94,0.88,1
2026-09-27T06:10:08,60,95,0.89,1
2026-09-27T06:10:09,65,96,0.85,1
2026-09-27T06:10:10,60,96,0.94,1
2026-09-27T06:10:11,66,96,0.92,1
2026-09-27T06:10:12,62,96,0.90,1
2026-09-27T06:10:13,62,97,0.93,1
2026-09-27T06:10:14,62,95,0.86,1
2026-09-27T06:10:15,60,97,0.89,1
2026-09-27T06:10:16,65,96,0.93,1
2026-09-27T06:10:17,60,96,0.91,1
2026-09-27T06:10:18,65,97,0.87,1
2026-09-27T06:10:19,60,94,0.91,1
2026-09-27T06:10:20,61,96,0.86,1
2026-09-27T06:10:21,61,94,0.89,1
2026-09-27T06:10:22,66,95,0.89,1
2026-09-27T06:10:23,64,97,0.88,1
2026-09-27T06:10:24,65,97,0.92,1
2026-09-27T06:10:25,64,97,0.88,1
2026-09-27T06:10:26,61,95,0.92,1
2026-09-27T06:10:27,65,94,0.95,1
2026-09-27T06:10:28,62,94,0.90,1
2026-09-27T06:10:29,60,97,0.90,1
2026-09-27T06:10:30,65,94,0.95,1
2026-09-27T06:10:31,65,96,0.91,1
2026-09-27T06:10:32,63,95,0.95,1
2026-09-27T06:10:33,66,95,0.94,1
2026-09-27T06:10:34,66,94,0.93,1
2026-09-27T06:10:35,65,95,0.95,1
2026-09-27T06:10:36,65,96,0.90,1
2026-09-27T06:10:37,62,97,0.93,1
2026-09-27T06:10:38,66,97,0.88,1
2026-09-27T06:10:39,62,94,0.93,1
2026-09-27T06:10:40,62,95,0.90,1
2026-09-27T06:10:41,63,95,0.87,1
2026-09-27T06:10:42,64,95,0.91,1
2026-09-27T06:10:43,66,94,0.87,1
2026-09-27T06:10:44,62,96,0.90,1
2026-09-27T06:10:45,66,94,0.85,1
2026-09-27T06:10:46,66,95,0.90,1
2026-09-27T06:10:47,60,94,0.88,1
2026-09-27T06:10:48,66,94,0.88,1
2026-09-27T06:10:49,64,97,0.89,1
2026-09-27T06:10:50,61,94,0.93,1
2026-09-27T06:10:51,61,94,0.86,1
2026-09-27T06:10:52,66,96,0.85,1
2026-09-27T06:10:53,61,95,0.89,1
2026-09-27T06:10:54,63,94,0.86,1
2026-09-27T06:10:55,60,95,0.85,1
2026-09-27T06:10:56,63,96,0.86,1
2026-09-27T06:10:57,66,96,0.94,1
2026-09-27T06:10:58,60,94,0.86,1
2026-09-27T06:10:59,62,95,0.89,1
2026-09-27T06:11:00,63,96,0.92,1
2026-09-27T06:11:01,62,97,0.92,1
2026-09-27T06:11:02,66,97,0.90,1
2026-09-27T06:11:03,61,95,0.87,1
2026-09-27T06:11:04,61,94,0.94,1
2026-09-27T06:11:05,62,95,0.95,1
2026-09-27T06:11:06,61,97,0.87,1
2026-09-27T06:11:07,62,95,0.86,1
2026-09-27T06:11:08,62,97,0.93,1
2026-09-27T06:11:09,64,94,0.86,1
2026-09-27T06:11:10,62,95,0.95,1
2026-09-27T06:11:11,64,97,0.91,1
2026-09-27T06:11:12,60,94,0.86,1
2026-09-27T06:11:13,63,97,0.93,1
2026-09-27T06:11:14,65,96,0.92,1
2026-09-27T06:11:15,63,97,0.87,1
2026-09-27T06:11:16,64,95,0.90,1
2026-09-27T06:11:17,64,96,0.87,1
2026-09-27T06:11:18,61,94,0.90,1
2026-09-27T06:11:19,62,96,0.92,1
2026-09-27T06:11:20,60,96,0.93,1
2026-09-27T06:11:21,65,97,0.86,1
2026-09-27T06:11:22,64,94,0.91,1
2026-09-27T06:11:23,60,97,0.93,1
2026-09-27T06:11:24,62,96,0.87,1
2026-09-27T06:11:25,63,95,0.91,1
2026-09-27T06:11:26,62,94,0.94,1
2026-09-27T06:11:27,60,97,0.89,1
2026-09-27T06:11:28,66,94,0.89,1
2026-09-27T06:11:29,60,97,0.87,1
2026-09-27T06:11:30,66,95,0.91,1
2026-09-27T06:11:31,62,96,0.86,1
2026-09-27T06:11:32,60,94,0.91,1
2026-09-27T06:11:33,64,95,0.94,1
2026-09-27T06:11:34,65,97,0.86,1
2026-09-27T06:11:35,63,95,0.91,1
2026-09-27T06:11:36,66,94,0.88,1
2026-09-27T06:11:37,63,97,0.88,1
2026-09-27T06:11:38,61,94,0.88,1
2026-09-27T06:11:39,64,96,0.93,1
2026-09-27T06:11:40,61,94,0.89,1
2026-09-27T06:11:41,61,97,0.85,1
2026-09-27T06:11:42,64,96,0.92,1
2026-09-27T06:11:43,63,96,0.90,1
2026-09-27T06:11:44,63,97,0.93,1
2026-09-27T06:11:45,61,96,0.86,1
2026-09-27T06:11:46,64,95,0.88,1
2026-09-27T06:11:47,62,94,0.88,1
2026-09-27T06:11:48,64,94,0.87,1
2026-09-27T06:11:49,65,97,0.94,1
2026-09-27T06:11:50,60,96,0.88,1
2026-09-27T06:11:51,64,94,0.91,1
2026-09-27T06:11:52,64,96,0.90,1
2026-09-27T06:11:53,62,96,0.89,1
2026-09-27T06:11:54,61,96,0.91,1
2026-09-27T06:11:55,61,95,0.85,1
2026-09-27T06:11:56,62,96,0.86,1
2026-09-27T06:11:57,60,96,0.88,1
2026-09-27T06:11:58,60,94,0.93,1
2026-09-27T06:11:59,63,95,0.92,1
2026-09-27T06:12:00,63,96,0.86,1
2026-09-27T06:12:01,65,96,0.94,1
2026-09-27T06:12:02,65,94,0.87,1
2026-09-27T06:12:03,62,97,0.93,1
2026-09-27T06:12:04,64,94,0.95,1
2026-09-27T06:12:05,66,95,0.92,1
2026-09-27T06:12:06,66,97,0.87,1
2026-09-27T06:12:07,62,94,0.91,1
2026-09-27T06:12:08,61,97,0.86,1
2026-09-27T06:12:09,62,97,0.94,1
2026-09-27T06:12:10,61,95,0.86,1
2026-09-27T06:12:11,63,94,0.86,1
2026-09-27T06:12:12,63,97,0.86,1
2026-09-27T06:12:13,62,95,0.86,1
2026-09-27T06:12:14,61,96,0.94,1
2026-09-27T06:12:15,60,94,0.94,1
2026-09-27T06:12:16,66,97,0.90,1
2026-09-27T06:12:17,61,95,0.94,1
2026-09-27T06:12:18,60,96,0.89,1
2026-09-27T06:12:19,66,96,0.93,1
2026-09-27T06:12:20,61,94,0.93,1
2026-09-27T06:12:21,60,94,0.95,1
2026-09-27T06:12:22,61,97,0.91,1
2026-09-27T06:12:23,64,95,0.91,1
2026-09-27T06:12:24,65,94,0.89,1
2026-09-27T06:12:25,66,97,0.91,1
2026-09-27T06:12:26,65,94,0.91,1
2026-09-27T06:12:27,63,95,0.86,1
2026-09-27T06:12:28,66,94,0.89,1
2026-09-27T06:12:29,64,95,0.86,1
2026-09-27T06:12:30,63,95,0.92,1
2026-09-27T06:12:31,60,95,0.90,1
2026-09-27T06:12:32,63,97,0.85,1
2026-09-27T06:12:33,64,94,0.88,1
2026-09-27T06:12:34,65,94,0.90,1
2026-09-27T06:12:35,64,96,0.92,1
2026-09-27T06:12:36,65,94,0.88,1
2026-09-27T06:12:37,64,97,0.94,1
2026-09-27T06:12:38,64,94,0.95,1
2026-09-27T06:12:39,60,97,0.86,1
2026-09-27T06:12:40,60,96,0.95,1
2026-09-27T06:12:41,63,97,0.92,1
2026-09-27T06:12:42,61,95,0.93,1
2026-09-27T06:12:43,60,95,0.86,1
2026-09-27T06:12:44,63,95,0.94,1
2026-09-27T06:12:45,62,94,0.86,1
2026-09-27T06:12:46,66,94,0.95,1
2026-09-27T06:12:47,64,96,0.92,1
2026-09-27T06:12:48,60,96,0.90,1
2026-09-27T06:12:49,63,94,0.94,1
2026-09-27T06:12:50,66,94,0.85,1
2026-09-27T06:12:51,61,97,0.89,1
2026-09-27T06:12:52,60,95,0.91,1
2026-09-27T06:12:53,66,97,0.86,1
2026-09-27T06:12:54,65,97,0.86,1
2026-09-27T06:12:55,60,96,0.94,1
2026-09-27T06:12:56,61,96,0.93,1
2026-09-27T06:12:57,64,94,0.86,1
2026-09-27T06:12:58,62,97,0.93,1
2026-09-27T06:12:59,63,95,0.87,1
2026-09-27T06:13:00,63,97,0.89,1
2026-09-27T06:13:01,62,97,0.92,1
2026-09-27T06:13:02,61,95,0.95,1
2026-09-27T06:13:03,60,95,0.90,1
2026-09-27T06:13:04,66,94,0.92,1
2026-09-27T06:13:05,65,95,0.91,1
2026-09-27T06:13:06,60,94,0.87,1
2026-09-27T06:13:07,62,95,0.88,1
2026-09-27T06:13:08,65,94,0.88,1
2026-09-27T06:13:09,61,95,0.89,1
2026-09-27T06:13:10,63,96,0.90,1
2026-09-27T06:13:11,61,94,0.93,1
2026-09-27T06:13:12,62,94,0.95,1
2026-09-27T06:13:13,61,95,0.93,1
2026-09-27T06:13:14,62,96,0.85,1
2026-09-27T06:13:15,61,94,0.93,1
2026-09-27T06:13:16,64,94,0.90,1
2026-09-27T06:13:17,65,95,0.90,1
2026-09-27T06:13:18,66,95,0.87,1
2026-09-27T06:13:19,65,95,0.87,1
2026-09-27T06:13:20,60,94,0.92,1
2026-09-27T06:13:21,66,94,0.92,1
2026-09-27T06:13:22,61,94,0.90,1
2026-09-27T06:13:23,61,97,0.86,1
2026-09-27T06:13:24,66,94,0.91,1
2026-09-27T06:13:25,62,95,0.87,1
2026-09-27T06:13:26,63,95,0.89,1
2026-09-27T06:13:27,61,95,0.90,1
2026-09-27T06:13:28,63,96,0.88,1
2026-09-27T06:13:29,66,94,0.94,1
2026-09-27T06:13:30,64,94,0.86,1
2026-09-27T06:13:31,66,96,0.94,1
2026-09-27T06:13:32,60,95,0.93,1
2026-09-27T06:13:33,61,95,0.94,1
2026-09-27T06:13:34,65,95,0.90,1
2026-09-27T06:13:35,62,94,0.93,1
2026-09-27T06:13:36,63,94,0.86,1
2026-09-27T06:13:37,65,97,0.86,1
2026-09-27T06:13:38,61,96,0.90,1
2026-09-27T06:13:39,62,97,0.95,1
2026-09-27T06:13:40,63,95,0.91,1
2026-09-27T06:13:41,62,94,0.94,1
2026-09-27T06:13:42,63,97,0.90,1
2026-09-27T06:13:43,66,95,0.93,1
2026-09-27T06:13:44,66,96,0.86,1
2026-09-27T06:13:45,64,97,0.91,1
2026-09-27T06:13:46,61,95,0.86,1
2026-09-27T06:13:47,63,94,0.93,1
2026-09-27T06:13:48,64,95,0.92,1
2026-09-27T06:13:49,63,96,0.86,1
2026-09-27T06:13:50,62,94,0.92,1
2026-09-27T06:13:51,63,96,0.93,1
2026-09-27T06:13:52,65,94,0.90,1
2026-09-27T06:13:53,60,95,0.93,1
2026-09-27T06:13:54,60,97,0.93,1
2026-09-27T06:13:55,64,97,0.91,1
2026-09-27T06:13:56,64,96,0.86,1
2026-09-27T06:13:57,63,97,0.88,1
2026-09-27T06:13:58,63,97,0.91,1
2026-09-27T06:13:59,61,95,0.86,1
2026-09-27T06:14:00,66,97,0.92,1
2026-09-27T06:14:01,62,97,0.87,1
2026-09-27T06:14:02,61,95,0.90,1
2026-09-27T06:14:03,62,94,0.92,1
2026-09-27T06:14:04,66,95,0.87,1
2026-09-27T06:14:05,63,96,0.86,1
2026-09-27T06:14:06,65,96,0.88,1
2026-09-27T06:14:07,64,97,0.93,1
2026-09-27T06:14:08,65,94,0.95,1
2026-09-27T06:14:09,61,96,0.89,1
2026-09-27T06:14:10,64,95,0.87,1
2026-09-27T06:14:11,61,95,0.91,1
2026-09-27T06:14:12,62,94,0.86,1
2026-09-27T06:14:13,61,96,0.94,1
2026-09-27T06:14:14,66,94,0.95,1
2026-09-27T06:14:15,64,95,0.93,1
2026-09-27T06:14:16,60,94,0.88,1
2026-09-27T06:14:17,66,97,0.87,1
2026-09-27T06:14:18,64,96,0.89,1
2026-09-27T06:14:19,62,95,0.86,1
2026-09-27T06:14:20,63,97,0.91,1
2026-09-27T06:14:21,60,95,0.94,1
2026-09-27T06:14:22,60,96,0.90,1
2026-09-27T06:14:23,60,94,0.88,1
2026-09-27T06:14:24,60,96,0.88,1
2026-09-27T06:14:25,64,95,0.87,1
2026-09-27T06:14:26,63,97,0.94,1
2026-09-27T06:14:27,61,97,0.92,1
2026-09-27T06:14:28,61,95,0.90,1
2026-09-27T06:14:29,64,96,0.86,1
2026-09-27T06:14:30,64,95,0.94,1
2026-09-27T06:14:31,61,97,0.86,1
2026-09-27T06:14:32,63,97,0.87,1
2026-09-27T06:14:33,60,97,0.91,1
2026-09-27T06:14:34,61,95,0.90,1
2026-09-27T06:14:35,66,94,0.86,1
2026-09-27T06:14:36,62,96,0.92,1
2026-09-27T06:14:37,60,95,0.94,1
2026-09-27T06:14:38,64,96,0.91,1
2026-09-27T06:14:39,64,94,0.91,1
2026-09-27T06:14:40,64,96,0.90,1
2026-09-27T06:14:41,66,94,0.94,1
2026-09-27T06:14:42,64,94,0.88,1
2026-09-27T06:14:43,62,97,0.94,1
2026-09-27T06:14:44,62,97,0.92,1
2026-09-27T06:14:45,62,94,0.89,1
2026-09-27T06:14:46,61,96,0.92,1
2026-09-27T06:14:47,65,97,0.93,1
2026-09-27T06:14:48,64,94,0.87,1
2026-09-27T06:14:49,65,94,0.92,1
2026-09-27T06:14:50,64,97,0.95,1
2026-09-27T06:14:51,61,94,0.87,1
2026-09-27T06:14:52,62,96,0.86,1
2026-09-27T06:14:53,62,96,0.87,1
2026-09-27T06:14:54,63,96,0.88,1
2026-09-27T06:14:55,65,94,0.91,1
2026-09-27T06:14:56,66,96,0.86,1
2026-09-27T06:14:57,65,95,0.93,1
2026-09-27T06:14:58,66,95,0.86,1
2026-09-27T06:14:59,66,95,0.91,1
2026-09-27T06:15:00,65,94,0.90,1
2026-09-27T06:15:01,66,95,0.94,1
2026-09-27T06:15:02,62,96,0.90,1
2026-09-27T06:15:03,60,97,0.87,1
2026-09-27T06:15:04,66,95,0.86,1
2026-09-27T06:15:05,65,97,0.94,1
2026-09-27T06:15:06,64,94,0.93,1
2026-09-27T06:15:07,66,94,0.94,1
2026-09-27T06:15:08,60,94,0.91,1
2026-09-27T06:15:09,66,97,0.95,1
2026-09-27T06:15:10,64,94,0.85,1
2026-09-27T06:15:11,61,94,0.86,1
2026-09-27T06:15:12,61,94,0.87,1
2026-09-27T06:15:13,66,96,0.86,1
2026-09-27T06:15:14,65,97,0.87,1
2026-09-27T06:15:15,60,94,0.87,1
2026-09-27T06:15:16,64,97,0.86,1
2026-09-27T06:15:17,63,97,0.88,1
2026-09-27T06:15:18,60,95,0.87,1
2026-09-27T06:15:19,62,96,0.88,1
2026-09-27T06:15:20,60,97,0.94,1
2026-09-27T06:15:21,60,97,0.90,1
2026-09-27T06:15:22,60,94,0.88,1
2026-09-27T06:15:23,66,96,0.87,1
2026-09-27T06:15:24,60,95,0.85,1
2026-09-27T06:15:25,66,94,0.92,1
2026-09-27T06:15:26,61,97,0.91,1
2026-09-27T06:15:27,61,96,0.94,1
2026-09-27T06:15:28,66,97,0.94,1
2026-09-27T06:15:29,60,97,0.86,1
2026-09-27T06:15:30,66,96,0.95,1
2026-09-27T06:15:31,61,95,0.89,1
2026-09-27T06:15:32,63,94,0.93,1
2026-09-27T06:15:33,61,96,0.87,1
2026-09-27T06:15:34,62,95,0.87,1
2026-09-27T06:15:35,61,97,0.95,1
2026-09-27T06:15:36,63,95,0.87,1
2026-09-27T06:15:37,65,96,0.90,1
2026-09-27T06:15:38,60,97,0.89,1
2026-09-27T06:15:39,60,96,0.88,1
2026-09-27T06:15:40,64,97,0.92,1
2026-09-27T06:15:41,61,94,0.88,1
2026-09-27T06:15:42,64,94,0.94,1
2026-09-27T06:15:43,63,96,0.94,1
2026-09-27T06:15:44,60,94,0.93,1
2026-09-27T06:15:45,64,94,0.87,1
2026-09-27T06:15:46,63,97,0.92,1
2026-09-27T06:15:47,62,94,0.94,1
2026-09-27T06:15:48,61,95,0.87,1
2026-09-27T06:15:49,63,96,0.88,1
2026-09-27T06:15:50,64,94,0.94,1
2026-09-27T06:15:51,60,94,0.91,1
2026-09-27T06:15:52,61,96,0.92,1
2026-09-27T06:15:53,62,94,0.92,1
2026-09-27T06:15:54,62,97,0.94,1
2026-09-27T06:15:55,63,94,0.94,1
2026-09-27T06:15:56,60,94,0.88,1
2026-09-27T06:15:57,64,94,0.94,1
2026-09-27T06:15:58,60,94,0.89,1
2026-09-27T06:15:59,66,94,0.94,1
2026-09-27T06:16:00,62,95,0.88,1
2026-09-27T06:16:01,65,94,0.92,1
2026-09-27T06:16:02,62,97,0.91,1
2026-09-27T06:16:03,63,95,0.95,1
2026-09-27T06:16:04,64,97,0.93,1
2026-09-27T06:16:05,66,94,0.86,1
2026-09-27T06:16:06,63,95,0.89,1
2026-09-27T06:16:07,65,94,0.95,1
2026-09-27T06:16:08,65,97,0.94,1
2026-09-27T06:16:09,61,94,0.94,1
2026-09-27T06:16:10,66,96,0.89,1
2026-09-27T06:16:11,60,95,0.92,1
2026-09-27T06:16:12,65,97,0.89,1
2026-09-27T06:16:13,63,96,0.92,1
2026-09-27T06:16:14,66,96,0.94,1
2026-09-27T06:16:15,64,97,0.85,1
2026-09-27T06:16:16,66,94,0.93,1
2026-09-27T06:16:17,64,95,0.86,1
2026-09-27T06:16:18,63,97,0.92,1
2026-09-27T06:16:19,60,96,0.88,1
2026-09-27T06:16:20,65,97,0.86,1
2026-09-27T06:16:21,63,96,0.90,1
2026-09-27T06:16:22,60,97,0.93,1
2026-09-27T06:16:23,64,97,0.88,1
2026-09-27T06:16:24,62,94,0.89,1
2026-09-27T06:16:25,60,97,0.92,1
2026-09-27T06:16:26,62,97,0.91,1
2026-09-27T06:16:27,61,94,0.92,1
2026-09-27T06:16:28,63,96,0.89,1
2026-09-27T06:16:29,65,96,0.89,1
2026-09-27T06:16:30,61,97,0.89,1
2026-09-27T06:16:31,65,96,0.94,1
2026-09-27T06:16:32,63,97,0.93,1
2026-09-27T06:16:33,63,94,0.89,1
2026-09-27T06:16:34,63,96,0.94,1
2026-09-27T06:16:35,63,94,0.90,1
2026-09-27T06:16:36,63,95,0.86,1
2026-09-27T06:16:37,66,94,0.95,1
2026-09-27T06:16:38,63,95,0.87,1
2026-09-27T06:16:39,64,94,0.89,1
2026-09-27T06:16:40,65,95,0.92,1
2026-09-27T06:16:41,61,94,0.94,1
2026-09-27T06:16:42,63,94,0.91,1
2026-09-27T06:16:43,66,97,0.87,1
2026-09-27T06:16:44,63,94,0.87,1
2026-09-27T06:16:45,66,96,0.88,1
2026-09-27T06:16:46,62,97,0.86,1
2026-09-27T06:16:47,60,94,0.90,1
2026-09-27T06:16:48,65,94,0.90,1
2026-09-27T06:16:49,62,96,0.93,1
2026-09-27T06:16:50,62,97,0.93,1
2026-09-27T06:16:51,62,97,0.86,1
2026-09-27T06:16:52,61,95,0.87,1
2026-09-27T06:16:53,65,97,0.86,1
2026-09-27T06:16:54,62,94,0.86,1
2026-09-27T06:16:55,60,94,0.88,1
2026-09-27T06:16:56,62,94,0.92,1
2026-09-27T06:16:57,62,97,0.87,1
2026-09-27T06:16:58,66,95,0.91,1
2026-09-27T06:16:59,60,94,0.91,1
2026-09-27T06:17:00,61,97,0.89,1
2026-09-27T06:17:01,60,95,0.89,1
2026-09-27T06:17:02,61,95,0.92,1
2026-09-27T06:17:03,63,95,0.94,1
2026-09-27T06:17:04,62,97,0.93,1
2026-09-27T06:17:05,60,94,0.91,1
2026-09-27T06:17:06,63,95,0.88,1
2026-09-27T06:17:07,64,96,0.90,1
2026-09-27T06:17:08,62,95,0.94,1
2026-09-27T06:17:09,63,95,0.91,1
2026-09-27T06:17:10,65,97,0.93,1
2026-09-27T06:17:11,63,95,0.87,1
2026-09-27T06:17:12,62,97,0.88,1
2026-09-27T06:17:13,66,95,0.89,1
2026-09-27T06:17:14,63,97,0.95,1
2026-09-27T06:17:15,62,97,0.85,1
2026-09-27T06:17:16,66,94,0.85,1
2026-09-27T06:17:17,66,96,0.88,1
2026-09-27T06:17:18,65,94,0.94,1
2026-09-27T06:17:19,60,96,0.86,1
2026-09-27T06:17:20,65,97,0.88,1
2026-09-27T06:17:21,64,96,0.93,1
2026-09-27T06:17:22,64,95,0.88,1
2026-09-27T06:17:23,66,97,0.88,1
2026-09-27T06:17:24,61,94,0.90,1
2026-09-27T06:17:25,65,94,0.86,1
2026-09-27T06:17:26,60,97,0.86,1
2026-09-27T06:17:27,66,96,0.94,1
2026-09-27T06:17:28,64,96,0.94,1
2026-09-27T06:17:29,66,96,0.92,1
2026-09-27T06:17:30,64,96,0.89,1
2026-09-27T06:17:31,62,96,0.92,1
2026-09-27T06:17:32,63,95,0.87,1
2026-09-27T06:17:33,63,95,0.90,1
2026-09-27T06:17:34,63,97,0.88,1
2026-09-27T06:17:35,64,97,0.94,1
2026-09-27T06:17:36,66,95,0.87,1
2026-09-27T06:17:37,63,94,0.87,1
2026-09-27T06:17:38,64,97,0.93,1
2026-09-27T06:17:39,60,96,0.94,1
2026-09-27T06:17:40,60,94,0.88,1
2026-09-27T06:17:41,61,97,0.91,1
2026-09-27T06:17:42,65,97,0.86,1
2026-09-27T06:17:43,65,96,0.92,1
2026-09-27T06:17:44,64,95,0.92,1
2026-09-27T06:17:45,63,94,0.93,1
2026-09-27T06:17:46,66,96,0.89,1
2026-09-27T06:17:47,65,94,0.92,1
2026-09-27T06:17:48,60,96,0.91,1
2026-09-27T06:17:49,64,94,0.91,1
2026-09-27T06:17:50,66,94,0.95,1
2026-09-27T06:17:51,65,97,0.89,1
2026-09-27T06:17:52,66,96,0.86,1
2026-09-27T06:17:53,64,94,0.86,1
2026-09-27T06:17:54,61,95,0.87,1
2026-09-27T06:17:55,64,94,0.89,1
2026-09-27T06:17:56,63,96,0.89,1
2026-09-27T06:17:57,63,97,0.88,1
2026-09-27T06:17:58,65,94,0.93,1
2026-09-27T06:17:59,65,96,0.91,1
2026-09-27T06:18:00,63,97,0.91,1
2026-09-27T06:18:01,61,95,0.89,1
2026-09-27T06:18:02,62,97,0.95,1
2026-09-27T06:18:03,64,94,0.90,1
2026-09-27T06:18:04,60,94,0.92,1
2026-09-27T06:18:05,60,97,0.88,1
2026-09-27T06:18:06,62,94,0.94,1
2026-09-27T06:18:07,65,94,0.95,1
2026-09-27T06:18:08,63,95,0.93,1
2026-09-27T06:18:09,63,97,0.87,1
2026-09-27T06:18:10,61,95,0.88,1
2026-09-27T06:18:11,60,95,0.86,1
2026-09-27T06:18:12,60,96,0.88,1
2026-09-27T06:18:13,63,95,0.91,1
2026-09-27T06:18:14,61,97,0.92,1
2026-09-27T06:18:15,64,95,0.94,1
2026-09-27T06:18:16,64,97,0.89,1
2026-09-27T06:18:17,61,97,0.90,1
2026-09-27T06:18:18,63,96,0.87,1
2026-09-27T06:18:19,63,95,0.85,1
2026-09-27T06:18:20,62,95,0.88,1
2026-09-27T06:18:21,64,96,0.92,1
2026-09-27T06:18:22,60,96,0.86,1
2026-09-27T06:18:23,62,95,0.94,1
2026-09-27T06:18:24,63,95,0.91,1
2026-09-27T06:18:25,60,94,0.86,1
2026-09-27T06:18:26,60,95,0.86,1
2026-09-27T06:18:27,62,96,0.86,1
2026-09-27T06:18:28,62,95,0.86,1
2026-09-27T06:18:29,61,95,0.85,1
2026-09-27T06:18:30,60,94,0.90,1
2026-09-27T06:18:31,66,95,0.89,1
2026-09-27T06:18:32,63,94,0.89,1
2026-09-27T06:18:33,60,96,0.91,1
2026-09-27T06:18:34,61,95,0.91,1
2026-09-27T06:18:35,60,97,0.87,1
2026-09-27T06:18:36,64,97,0.88,1
2026-09-27T06:18:37,65,95,0.85,1
2026-09-27T06:18:38,61,97,0.86,1
2026-09-27T06:18:39,65,95,0.87,1
2026-09-27T06:18:40,62,94,0.87,1
2026-09-27T06:18:41,63,94,0.88,1
2026-09-27T06:18:42,65,96,0.94,1
2026-09-27T06:18:43,65,97,0.93,1
2026-09-27T06:18:44,61,96,0.90,1
2026-09-27T06:18:45,60,95,0.88,1
2026-09-27T06:18:46,64,94,0.92,1
2026-09-27T06:18:47,63,95,0.90,1
2026-09-27T06:18:48,61,95,0.85,1
2026-09-27T06:18:49,61,95,0.86,1
2026-09-27T06:18:50,62,94,0.94,1
2026-09-27T06:18:51,64,97,0.92,1
2026-09-27T06:18:52,60,95,0.89,1
2026-09-27T06:18:53,65,94,0.89,1
2026-09-27T06:18:54,66,96,0.94,1
2026-09-27T06:18:55,65,96,0.91,1
2026-09-27T06:18:56,64,94,0.88,1
2026-09-27T06:18:57,61,94,0.87,1
2026-09-27T06:18:58,66,96,0.92,1
2026-09-27T06:18:59,65,95,0.87,1
2026-09-27T06:19:00,63,94,0.87,1
2026-09-27T06:19:01,62,97,0.89,1
2026-09-27T06:19:02,60,94,0.94,1
2026-09-27T06:19:03,61,97,0.89,1
2026-09-27T06:19:04,61,95,0.89,1
2026-09-27T06:19:05,66,97,0.90,1
2026-09-27T06:19:06,65,96,0.90,1
2026-09-27T06:19:07,64,94,0.86,1
2026-09-27T06:19:08,66,96,0.94,1
2026-09-27T06:19:09,61,96,0.91,1
2026-09-27T06:19:10,61,95,0.91,1
2026-09-27T06:19:11,64,95,0.87,1
2026-09-27T06:19:12,60,97,0.95,1
2026-09-27T06:19:13,66,97,0.86,1
2026-09-27T06:19:14,65,94,0.86,1
2026-09-27T06:19:15,62,96,0.88,1
2026-09-27T06:19:16,62,96,0.91,1
2026-09-27T06:19:17,65,97,0.94,1
2026-09-27T06:19:18,61,97,0.93,1
2026-09-27T06:19:19,64,96,0.87,1
2026-09-27T06:19:20,60,96,0.86,1
2026-09-27T06:19:21,64,96,0.85,1
2026-09-27T06:19:22,63,96,0.88,1
2026-09-27T06:19:23,66,97,0.86,1
2026-09-27T06:19:24,64,96,0.85,1
2026-09-27T06:19:25,65,95,0.87,1
2026-09-27T06:19:26,63,97,0.92,1
2026-09-27T06:19:27,66,96,0.90,1
2026-09-27T06:19:28,65,96,0.87,1
2026-09-27T06:19:29,62,96,0.87,1
2026-09-27T06:19:30,60,95,0.93,1
2026-09-27T06:19:31,60,95,0.88,1
2026-09-27T06:19:32,60,96,0.87,1
2026-09-27T06:19:33,63,95,0.87,1
2026-09-27T06:19:34,60,95,0.92,1
2026-09-27T06:19:35,65,94,0.88,1
2026-09-27T06:19:36,63,94,0.87,1
2026-09-27T06:19:37,63,97,0.89,1
2026-09-27T06:19:38,62,96,0.93,1
2026-09-27T06:19:39,66,95,0.91,1
2026-09-27T06:19:40,66,94,0.95,1
2026-09-27T06:19:41,60,97,0.87,1
2026-09-27T06:19:42,65,95,0.87,1
2026-09-27T06:19:43,62,96,0.90,1
2026-09-27T06:19:44,61,94,0.87,1
2026-09-27T06:19:45,62,95,0.92,1
2026-09-27T06:19:46,60,94,0.92,1
2026-09-27T06:19:47,63,94,0.87,1
2026-09-27T06:19:48,62,94,0.89,1
2026-09-27T06:19:49,66,94,0.92,1
2026-09-27T06:19:50,60,95,0.89,1
2026-09-27T06:19:51,61,96,0.86,1
2026-09-27T06:19:52,62,97,0.91,1
2026-09-27T06:19:53,66,96,0.87,1
2026-09-27T06:19:54,61,95,0.90,1
2026-09-27T06:19:55,65,95,0.93,1
2026-09-27T06:19:56,62,94,0.85,1
2026-09-27T06:19:57,61,96,0.89,1
2026-09-27T06:19:58,65,94,0.89,1
2026-09-27T06:19:59,62,97,0.85,1
2026-09-27T06:20:00,60,97,0.91,1
2026-09-27T06:20:01,65,97,0.90,1
2026-09-27T06:20:02,60,94,0.95,1
2026-09-27T06:20:03,63,95,0.91,1
2026-09-27T06:20:04,60,95,0.91,1
2026-09-27T06:20:05,66,96,0.89,1
2026-09-27T06:20:06,65,97,0.89,1
2026-09-27T06:20:07,61,96,0.85,1
2026-09-27T06:20:08,60,95,0.90,1
2026-09-27T06:20:09,60,95,0.88,1
2026-09-27T06:20:10,64,97,0.92,1
2026-09-27T06:20:11,61,94,0.92,1
2026-09-27T06:20:12,62,95,0.92,1
2026-09-27T06:20:13,61,95,0.93,1
2026-09-27T06:20:14,65,94,0.88,1
2026-09-27T06:20:15,65,96,0.89,1
2026-09-27T06:20:16,61,94,0.89,1
2026-09-27T06:20:17,65,94,0.87,1
2026-09-27T06:20:18,64,96,0.93,1
2026-09-27T06:20:19,65,95,0.85,1
2026-09-27T06:20:20,60,96,0.89,1
2026-09-27T06:20:21,62,94,0.89,1
2026-09-27T06:20:22,61,95,0.92,1
2026-09-27T06:20:23,62,97,0.86,1
2026-09-27T06:20:24,62,95,0.89,1
2026-09-27T06:20:25,64,94,0.90,1
2026-09-27T06:20:26,62,94,0.90,1
2026-09-27T06:20:27,62,97,0.95,1
2026-09-27T06:20:28,62,96,0.94,1
2026-09-27T06:20:29,64,96,0.88,1
2026-09-27T06:20:30,65,96,0.93,1
2026-09-27T06:20:31,64,97,0.92,1
2026-09-27T06:20:32,63,94,0.90,1
2026-09-27T06:20:33,64,97,0.89,1
2026-09-27T06:20:34,65,94,0.93,1
2026-09-27T06:20:35,66,97,0.87,1
2026-09-27T06:20:36,64,97,0.89,1
2026-09-27T06:20:37,60,96,0.90,1
2026-09-27T06:20:38,63,95,0.90,1
2026-09-27T06:20:39,65,94,0.94,1
2026-09-27T06:20:40,66,94,0.91,1
2026-09-27T06:20:41,60,97,0.91,1
2026-09-27T06:20:42,60,95,0.91,1
2026-09-27T06:20:43,60,97,0.90,1
2026-09-27T06:20:44,61,97,0.95,1
2026-09-27T06:20:45,61,97,0.94,1
2026-09-27T06:20:46,65,96,0.92,1
2026-09-27T06:20:47,62,95,0.89,1
2026-09-27T06:20:48,61,95,0.89,1
2026-09-27T06:20:49,61,95,0.88,1
2026-09-27T06:20:50,62,96,0.86,1
2026-09-27T06:20:51,64,95,0.86,1
2026-09-27T06:20:52,63,97,0.86,1
2026-09-27T06:20:53,63,94,0.87,1
2026-09-27T06:20:54,64,95,0.85,1
2026-09-27T06:20:55,65,95,0.88,1
2026-09-27T06:20:56,66,97,0.89,1
2026-09-27T06:20:57,60,96,0.89,1
2026-09-27T06:20:58,60,97,0.94,1
2026-09-27T06:20:59,60,95,0.89,1
2026-09-27T06:21:00,66,96,0.90,1
2026-09-27T06:21:01,60,95,0.90,1
2026-09-27T06:21:02,65,97,0.85,1
2026-09-27T06:21:03,63,96,0.89,1
2026-09-27T06:21:04,65,95,0.92,1
2026-09-27T06:21:05,62,97,0.93,1
2026-09-27T06:21:06,61,96,0.86,1
2026-09-27T06:21:07,63,96,0.92,1
2026-09-27T06:21:08,66,96,0.87,1
2026-09-27T06:21:09,63,94,0.85,1
2026-09-27T06:21:10,61,96,0.93,1
2026-09-27T06:21:11,62,95,0.95,1
2026-09-27T06:21:12,66,94,0.95,1
2026-09-27T06:21:13,63,95,0.86,1
2026-09-27T06:21:14,66,96,0.88,1
2026-09-27T06:21:15,60,97,0.95,1
2026-09-27T06:21:16,65,95,0.89,1
2026-09-27T06:21:17,63,97,0.87,1
2026-09-27T06:21:18,66,95,0.88,1
2026-09-27T06:21:19,60,97,0.89,1
2026-09-27T06:21:20,65,97,0.94,1
2026-09-27T06:21:21,65,94,0.88,1
2026-09-27T06:21:22,65,95,0.94,1
2026-09-27T06:21:23,63,97,0.91,1
2026-09-27T06:21:24,66,95,0.91,1
2026-09-27T06:21:25,60,94,0.86,1
2026-09-27T06:21:26,64,97,0.90,1
2026-09-27T06:21:27,65,95,0.90,1
2026-09-27T06:21:28,66,94,0.86,1
2026-09-27T06:21:29,61,95,0.87,1
2026-09-27T06:21:30,61,96,0.86,1
2026-09-27T06:21:31,63,94,0.95,1
2026-09-27T06:21:32,66,95,0.90,1
2026-09-27T06:21:33,63,97,0.93,1
2026-09-27T06:21:34,66,96,0.86,1
2026-09-27T06:21:35,61,96,0.88,1
2026-09-27T06:21:36,63,96,0.89,1
2026-09-27T06:21:37,62,95,0.93,1
2026-09-27T06:21:38,63,94,0.88,1
2026-09-27T06:21:39,61,96,0.87,1
2026-09-27T06:21:40,66,95,0.86,1
2026-09-27T06:21:41,61,94,0.92,1
2026-09-27T06:21:42,60,94,0.86,1
2026-09-27T06:21:43,63,97,0.89,1
2026-09-27T06:21:44,63,95,0.94,1
2026-09-27T06:21:45,62,95,0.87,1
2026-09-27T06:21:46,65,96,0.95,1
2026-09-27T06:21:47,62,95,0.92,1
2026-09-27T06:21:48,63,94,0.92,1
2026-09-27T06:21:49,62,94,0.95,1
2026-09-27T06:21:50,61,96,0.88,1
2026-09-27T06:21:51,65,96,0.86,1
2026-09-27T06:21:52,64,94,0.89,1
2026-09-27T06:21:53,63,96,0.87,1
2026-09-27T06:21:54,61,97,0.93,1
2026-09-27T06:21:55,66,96,0.87,1
2026-09-27T06:21:56,64,94,0.87,1
2026-09-27T06:21:57,63,94,0.89,1
2026-09-27T06:21:58,66,94,0.91,1
2026-09-27T06:21:59,64,94,0.89,1
2026-09-27T06:22:00,62,94,0.86,1
2026-09-27T06:22:01,60,94,0.88,1
2026-09-27T06:22:02,64,97,0.93,1
2026-09-27T06:22:03,64,96,0.89,1
2026-09-27T06:22:04,64,97,0.92,1
2026-09-27T06:22:05,65,96,0.87,1
2026-09-27T06:22:06,60,95,0.85,1
2026-09-27T06:22:07,66,96,0.94,1
2026-09-27T06:22:08,63,96,0.87,1
2026-09-27T06:22:09,64,97,0.93,1
2026-09-27T06:22:10,62,96,0.87,1
2026-09-27T06:22:11,63,97,0.88,1
2026-09-27T06:22:12,61,95,0.91,1
2026-09-27T06:22:13,62,96,0.86,1
2026-09-27T06:22:14,65,94,0.89,1
2026-09-27T06:22:15,61,97,0.86,1
2026-09-27T06:22:16,65,97,0.87,1
2026-09-27T06:22:17,65,96,0.91,1
2026-09-27T06:22:18,62,97,0.94,1
2026-09-27T06:22:19,64,96,0.93,1
2026-09-27T06:22:20,61,95,0.91,1
2026-09-27T06:22:21,60,95,0.93,1
2026-09-27T06:22:22,66,95,0.88,1
2026-09-27T06:22:23,62,97,0.91,1
2026-09-27T06:22:24,66,97,0.95,1
2026-09-27T06:22:25,61,95,0.93,1
2026-09-27T06:22:26,64,97,0.86,1
2026-09-27T06:22:27,66,95,0.89,1
2026-09-27T06:22:28,62,95,0.86,1
2026-09-27T06:22:29,64,94,0.91,1
2026-09-27T06:22:30,66,96,0.87,1
2026-09-27T06:22:31,61,94,0.93,1
2026-09-27T06:22:32,66,94,0.93,1
2026-09-27T06:22:33,62,97,0.87,1
2026-09-27T06:22:34,63,95,0.87,1
2026-09-27T06:22:35,66,97,0.87,1
2026-09-27T06:22:36,65,94,0.92,1
2026-09-27T06:22:37,64,95,0.93,1
2026-09-27T06:22:38,64,95,0.89,1
2026-09-27T06:22:39,66,95,0.89,1
2026-09-27T06:22:40,65,95,0.89,1
2026-09-27T06:22:41,60,97,0.92,1
2026-09-27T06:22:42,64,96,0.87,1
2026-09-27T06:22:43,63,94,0.91,1
2026-09-27T06:22:44,63,97,0.90,1
2026-09-27T06:22:45,61,97,0.86,1
2026-09-27T06:22:46,65,97,0.89,1
2026-09-27T06:22:47,65,97,0.93,1
2026-09-27T06:22:48,60,94,0.89,1
2026-09-27T06:22:49,62,96,0.91,1
2026-09-27T06:22:50,65,95,0.89,1
2026-09-27T06:22:51,66,94,0.85,1
2026-09-27T06:22:52,66,96,0.90,1
2026-09-27T06:22:53,65,95,0.93,1
2026-09-27T06:22:54,62,96,0.89,1
2026-09-27T06:22:55,60,96,0.86,1
2026-09-27T06:22:56,66,95,0.86,1
2026-09-27T06:22:57,62,96,0.91,1
2026-09-27T06:22:58,64,97,0.92,1
2026-09-27T06:22:59,63,96,0.90,1
2026-09-27T06:23:00,66,95,0.90,1
2026-09-27T06:23:01,62,94,0.91,1
2026-09-27T06:23:02,62,96,0.89,1
2026-09-27T06:23:03,65,96,0.87,1
2026-09-27T06:23:04,61,95,0.93,1
2026-09-27T06:23:05,61,95,0.92,1
2026-09-27T06:23:06,64,95,0.87,1
2026-09-27T06:23:07,65,95,0.90,1
2026-09-27T06:23:08,63,95,0.90,1
2026-09-27T06:23:09,62,97,0.92,1
2026-09-27T06:23:10,65,94,0.87,1
2026-09-27T06:23:11,65,96,0.91,1
2026-09-27T06:23:12,63,96,0.87,1
2026-09-27T06:23:13,66,96,0.87,1
2026-09-27T06:23:14,60,97,0.92,1
2026-09-27T06:23:15,63,95,0.88,1
2026-09-27T06:23:16,64,95,0.89,1
2026-09-27T06:23:17,63,95,0.89,1
2026-09-27T06:23:18,63,95,0.92,1
2026-09-27T06:23:19,65,97,0.95,1
2026-09-27T06:23:20,66,96,0.89,1
2026-09-27T06:23:21,66,96,0.92,1
2026-09-27T06:23:22,60,97,0.90,1
2026-09-27T06:23:23,60,95,0.91,1
2026-09-27T06:23:24,61,96,0.86,1
2026-09-27T06:23:25,65,96,0.92,1
2026-09-27T06:23:26,62,97,0.95,1
2026-09-27T06:23:27,64,95,0.89,1
2026-09-27T06:23:28,64,97,0.93,1
2026-09-27T06:23:29,64,97,0.91,1
2026-09-27T06:23:30,66,96,0.87,1
2026-09-27T06:23:31,62,96,0.92,1
2026-09-27T06:23:32,66,94,0.91,1
2026-09-27T06:23:33,63,94,0.86,1
2026-09-27T06:23:34,65,97,0.95,1
2026-09-27T06:23:35,63,94,0.94,1
2026-09-27T06:23:36,66,97,0.92,1
2026-09-27T06:23:37,62,94,0.85,1
2026-09-27T06:23:38,60,97,0.87,1
2026-09-27T06:23:39,64,95,0.93,1
2026-09-27T06:23:40,66,94,0.90,1
2026-09-27T06:23:41,62,97,0.89,1
2026-09-27T06:23:42,61,94,0.92,1
2026-09-27T06:23:43,65,97,0.91,1
2026-09-27T06:23:44,64,95,0.89,1
2026-09-27T06:23:45,65,96,0.92,1
2026-09-27T06:23:46,60,95,0.91,1
2026-09-27T06:23:47,61,97,0.87,1
2026-09-27T06:23:48,61,96,0.86,1
2026-09-27T06:23:49,65,94,0.90,1
2026-09-27T06:23:50,66,96,0.87,1
2026-09-27T06:23:51,60,96,0.92,1
2026-09-27T06:23:52,61,95,0.88,1
2026-09-27T06:23:53,64,94,0.90,1
2026-09-27T06:23:54,66,97,0.87,1
2026-09-27T06:23:55,65,96,0.88,1
2026-09-27T06:23:56,62,95,0.94,1
2026-09-27T06:23:57,63,96,0.91,1
2026-09-27T06:23:58,63,97,0.85,1
2026-09-27T06:23:59,65,96,0.90,1
2026-09-27T06:24:00,60,95,0.86,1
2026-09-27T06:24:01,66,97,0.88,1
2026-09-27T06:24:02,60,96,0.89,1
2026-09-27T06:24:03,63,97,0.93,1
2026-09-27T06:24:04,64,96,0.89,1
2026-09-27T06:24:05,60,96,0.86,1
2026-09-27T06:24:06,61,96,0.90,1
2026-09-27T06:24:07,65,96,0.90,1
2026-09-27T06:24:08,61,97,0.93,1
2026-09-27T06:24:09,66,95,0.95,1
2026-09-27T06:24:10,63,95,0.87,1
2026-09-27T06:24:11,64,96,0.89,1
2026-09-27T06:24:12,65,97,0.87,1
2026-09-27T06:24:13,66,96,0.90,1
2026-09-27T06:24:14,65,95,0.89,1
2026-09-27T06:24:15,62,94,0.94,1
2026-09-27T06:24:16,63,96,0.91,1
2026-09-27T06:24:17,61,97,0.86,1
2026-09-27T06:24:18,65,97,0.88,1
2026-09-27T06:24:19,63,95,0.93,1
2026-09-27T06:24:20,61,97,0.88,1
2026-09-27T06:24:21,65,97,0.88,1
2026-09-27T06:24:22,61,94,0.94,1
2026-09-27T06:24:23,65,97,0.87,1
2026-09-27T06:24:24,61,94,0.89,1
2026-09-27T06:24:25,63,94,0.86,1
2026-09-27T06:24:26,64,95,0.94,1
2026-09-27T06:24:27,65,95,0.95,1
2026-09-27T06:24:28,60,95,0.92,1
2026-09-27T06:24:29,66,95,0.94,1
2026-09-27T06:24:30,60,95,0.94,1
2026-09-27T06:24:31,65,95,0.95,1
2026-09-27T06:24:32,66,97,0.88,1
2026-09-27T06:24:33,63,96,0.93,1
2026-09-27T06:24:34,63,94,0.87,1
2026-09-27T06:24:35,64,97,0.94,1
2026-09-27T06:24:36,62,95,0.91,1
2026-09-27T06:24:37,60,96,0.88,1
2026-09-27T06:24:38,64,97,0.87,1
2026-09-27T06:24:39,65,94,0.86,1
2026-09-27T06:24:40,62,95,0.87,1
2026-09-27T06:24:41,62,95,0.93,1
2026-09-27T06:24:42,63,96,0.95,1
2026-09-27T06:24:43,61,97,0.91,1
2026-09-27T06:24:44,64,94,0.91,1
2026-09-27T06:24:45,62,95,0.88,1
2026-09-27T06:24:46,65,94,0.93,1
2026-09-27T06:24:47,64,97,0.95,1
2026-09-27T06:24:48,61,94,0.94,1
2026-09-27T06:24:49,66,96,0.93,1
2026-09-27T06:24:50,63,96,0.87,1
2026-09-27T06:24:51,63,97,0.90,1
2026-09-27T06:24:52,66,94,0.94,1
2026-09-27T06:24:53,65,96,0.89,1
2026-09-27T06:24:54,62,94,0.94,1
2026-09-27T06:24:55,65,97,0.89,1
2026-09-27T06:24:56,66,97,0.89,1
2026-09-27T06:24:57,60,95,0.87,1
2026-09-27T06:24:58,63,95,0.86,1
2026-09-27T06:24:59,64,97,0.92,1
2026-09-27T06:25:00,65,96,0.90,1
2026-09-27T06:25:01,66,97,0.87,1
2026-09-27T06:25:02,66,95,0.91,1
2026-09-27T06:25:03,61,96,0.88,1
2026-09-27T06:25:04,64,97,0.93,1
2026-09-27T06:25:05,64,94,0.94,1
2026-09-27T06:25:06,61,94,0.87,1
2026-09-27T06:25:07,63,97,0.91,1
2026-09-27T06:25:08,62,95,0.90,1
2026-09-27T06:25:09,61,94,0.88,1
2026-09-27T06:25:10,60,94,0.95,1
2026-09-27T06:25:11,65,97,0.88,1
2026-09-27T06:25:12,62,96,0.92,1
2026-09-27T06:25:13,62,95,0.89,1
2026-09-27T06:25:14,62,95,0.86,1
2026-09-27T06:25:15,63,97,0.87,1
2026-09-27T06:25:16,63,97,0.92,1
2026-09-27T06:25:17,66,97,0.86,1
2026-09-27T06:25:18,61,97,0.93,1
2026-09-27T06:25:19,66,96,0.85,1
2026-09-27T06:25:20,62,96,0.87,1
2026-09-27T06:25:21,60,94,0.86,1
2026-09-27T06:25:22,63,94,0.94,1
2026-09-27T06:25:23,65,96,0.90,1
2026-09-27T06:25:24,60,96,0.92,1
2026-09-27T06:25:25,60,95,0.91,1
2026-09-27T06:25:26,61,95,0.87,1
2026-09-27T06:25:27,63,97,0.90,1
2026-09-27T06:25:28,62,95,0.87,1
2026-09-27T06:25:29,62,97,0.91,1
2026-09-27T06:25:30,60,94,0.95,1
2026-09-27T06:25:31,65,96,0.89,1
2026-09-27T06:25:32,62,94,0.90,1
2026-09-27T06:25:33,62,94,0.93,1
2026-09-27T06:25:34,60,96,0.89,1
2026-09-27T06:25:35,61,94,0.85,1
2026-09-27T06:25:36,65,94,0.88,1
2026-09-27T06:25:37,65,96,0.89,1
2026-09-27T06:25:38,60,97,0.93,1
2026-09-27T06:25:39,66,94,0.88,1
2026-09-27T06:25:40,62,97,0.88,1
2026-09-27T06:25:41,60,96,0.87,1
2026-09-27T06:25:42,65,94,0.85,1
2026-09-27T06:25:43,65,96,0.91,1
2026-09-27T06:25:44,66,95,0.94,1
2026-09-27T06:25:45,60,95,0.90,1
2026-09-27T06:25:46,65,94,0.89,1
2026-09-27T06:25:47,66,94,0.86,1
2026-09-27T06:25:48,66,97,0.86,1
2026-09-27T06:25:49,61,97,0.91,1
2026-09-27T06:25:50,63,94,0.90,1
2026-09-27T06:25:51,64,94,0.90,1
2026-09-27T06:25:52,62,95,0.94,1
2026-09-27T06:25:53,66,97,0.94,1
2026-09-27T06:25:54,66,96,0.86,1
2026-09-27T06:25:55,60,96,0.90,1
2026-09-27T06:25:56,61,95,0.87,1
2026-09-27T06:25:57,61,94,0.91,1
2026-09-27T06:25:58,60,97,0.95,1
2026-09-27T06:25:59,64,94,0.92,1
2026-09-27T06:26:00,60,95,0.91,1
2026-09-27T06:26:01,60,96,0.92,1
2026-09-27T06:26:02,65,97,0.91,1
2026-09-27T06:26:03,66,96,0.93,1
2026-09-27T06:26:04,60,96,0.92,1
2026-09-27T06:26:05,65,95,0.94,1
2026-09-27T06:26:06,62,94,0.89,1
2026-09-27T06:26:07,65,95,0.94,1
2026-09-27T06:26:08,60,95,0.90,1
2026-09-27T06:26:09,61,94,0.95,1
2026-09-27T06:26:10,60,97,0.90,1
2026-09-27T06:26:11,63,97,0.89,1
2026-09-27T06:26:12,61,94,0.85,1
2026-09-27T06:26:13,63,95,0.95,1
2026-09-27T06:26:14,61,96,0.90,1
2026-09-27T06:26:15,64,95,0.88,1
2026-09-27T06:26:16,61,94,0.87,1
2026-09-27T06:26:17,62,97,0.88,1
2026-09-27T06:26:18,62,97,0.91,1
2026-09-27T06:26:19,65,97,0.92,1
2026-09-27T06:26:20,60,97,0.91,1
2026-09-27T06:26:21,63,94,0.88,1
2026-09-27T06:26:22,63,96,0.91,1
2026-09-27T06:26:23,66,95,0.94,1
2026-09-27T06:26:24,64,95,0.93,1
2026-09-27T06:26:25,65,94,0.94,1
2026-09-27T06:26:26,65,97,0.87,1
2026-09-27T06:26:27,64,96,0.87,1
2026-09-27T06:26:28,66,96,0.90,1
2026-09-27T06:26:29,64,96,0.90,1
2026-09-27T06:26:30,62,94,0.93,1
2026-09-27T06:26:31,63,95,0.91,1
2026-09-27T06:26:32,66,95,0.94,1
2026-09-27T06:26:33,63,97,0.94,1
2026-09-27T06:26:34,60,95,0.86,1
2026-09-27T06:26:35,65,95,0.88,1
2026-09-27T06:26:36,65,95,0.86,1
2026-09-27T06:26:37,62,95,0.95,1
2026-09-27T06:26:38,61,96,0.95,1
2026-09-27T06:26:39,63,96,0.91,1
2026-09-27T06:26:40,63,94,0.88,1
2026-09-27T06:26:41,66,97,0.89,1
2026-09-27T06:26:42,63,95,0.91,1
2026-09-27T06:26:43,65,96,0.94,1
2026-09-27T06:26:44,62,96,0.90,1
2026-09-27T06:26:45,62,94,0.88,1
2026-09-27T06:26:46,61,97,0.85,1
2026-09-27T06:26:47,66,95,0.92,1
2026-09-27T06:26:48,63,95,0.90,1
2026-09-27T06:26:49,62,96,0.94,1
2026-09-27T06:26:50,64,94,0.89,1
2026-09-27T06:26:51,66,97,0.93,1
2026-09-27T06:26:52,61,96,0.85,1
2026-09-27T06:26:53,65,95,0.85,1
2026-09-27T06:26:54,62,97,0.90,1
2026-09-27T06:26:55,62,96,0.90,1
2026-09-27T06:26:56,66,94,0.94,1
2026-09-27T06:26:57,63,96,0.87,1
2026-09-27T06:26:58,63,95,0.92,1
2026-09-27T06:26:59,60,94,0.91,1
2026-09-27T06:27:00,60,96,0.87,1
2026-09-27T06:27:01,60,97,0.94,1
2026-09-27T06:27:02,64,97,0.88,1
2026-09-27T06:27:03,64,97,0.92,1
2026-09-27T06:27:04,62,96,0.93,1
2026-09-27T06:27:05,62,95,0.87,1
2026-09-27T06:27:06,66,94,0.87,1
2026-09-27T06:27:07,65,94,0.86,1
2026-09-27T06:27:08,65,95,0.90,1
2026-09-27T06:27:09,66,95,0.91,1
2026-09-27T06:27:10,62,95,0.90,1
2026-09-27T06:27:11,60,96,0.95,1
2026-09-27T06:27:12,64,94,0.91,1
2026-09-27T06:27:13,65,94,0.92,1
2026-09-27T06:27:14,64,96,0.91,1
2026-09-27T06:27:15,61,97,0.90,1
2026-09-27T06:27:16,64,95,0.93,1
2026-09-27T06:27:17,65,94,0.93,1
2026-09-27T06:27:18,65,97,0.87,1
2026-09-27T06:27:19,60,95,0.90,1
2026-09-27T06:27:20,62,95,0.86,1
2026-09-27T06:27:21,62,97,0.90,1
2026-09-27T06:27:22,64,97,0.87,1
2026-09-27T06:27:23,66,97,0.95,1
2026-09-27T06:27:24,62,94,0.86,1
2026-09-27T06:27:25,62,94,0.89,1
2026-09-27T06:27:26,66,96,0.86,1
2026-09-27T06:27:27,61,96,0.94,1
2026-09-27T06:27:28,64,96,0.89,1
2026-09-27T06:27:29,64,96,0.86,1
2026-09-27T06:27:30,62,96,0.93,1
2026-09-27T06:27:31,61,94,0.86,1
2026-09-27T06:27:32,66,97,0.85,1
2026-09-27T06:27:33,63,94,0.93,1
2026-09-27T06:27:34,60,97,0.91,1
2026-09-27T06:27:35,62,96,0.90,1
2026-09-27T06:27:36,64,94,0.94,1
2026-09-27T06:27:37,60,94,0.92,1
2026-09-27T06:27:38,65,97,0.86,1
2026-09-27T06:27:39,60,97,0.94,1
2026-09-27T06:27:40,62,95,0.93,1
2026-09-27T06:27:41,65,96,0.86,1
2026-09-27T06:27:42,63,97,0.86,1
2026-09-27T06:27:43,65,95,0.95,1
2026-09-27T06:27:44,65,95,0.89,1
2026-09-27T06:27:45,62,94,0.92,1
2026-09-27T06:27:46,66,96,0.95,1
2026-09-27T06:27:47,66,96,0.92,1
2026-09-27T06:27:48,61,94,0.90,1
2026-09-27T06:27:49,63,95,0.94,1
2026-09-27T06:27:50,66,96,0.89,1
2026-09-27T06:27:51,64,94,0.86,1
2026-09-27T06:27:52,62,96,0.87,1
2026-09-27T06:27:53,65,97,0.86,1
2026-09-27T06:27:54,66,97,0.90,1
2026-09-27T06:27:55,64,97,0.88,1
2026-09-27T06:27:56,64,96,0.94,1
2026-09-27T06:27:57,60,94,0.90,1
2026-09-27T06:27:58,65,97,0.93,1
2026-09-27T06:27:59,63,96,0.85,1
2026-09-27T06:28:00,66,94,0.86,1
2026-09-27T06:28:01,64,96,0.85,1
2026-09-27T06:28:02,64,97,0.89,1
2026-09-27T06:28:03,60,94,0.85,1
2026-09-27T06:28:04,60,95,0.92,1
2026-09-27T06:28:05,61,97,0.85,1
2026-09-27T06:28:06,60,96,0.95,1
2026-09-27T06:28:07,61,95,0.93,1
2026-09-27T06:28:08,65,96,0.85,1
2026-09-27T06:28:09,66,95,0.88,1
2026-09-27T06:28:10,61,94,0.93,1
2026-09-27T06:28:11,61,97,0.90,1
2026-09-27T06:28:12,62,94,0.92,1
2026-09-27T06:28:13,64,95,0.89,1
2026-09-27T06:28:14,61,96,0.86,1
2026-09-27T06:28:15,61,94,0.94,1
2026-09-27T06:28:16,65,94,0.86,1
2026-09-27T06:28:17,65,94,0.89,1
2026-09-27T06:28:18,63,95,0.89,1
2026-09-27T06:28:19,62,95,0.89,1
2026-09-27T06:28:20,63,95,0.88,1
2026-09-27T06:28:21,65,95,0.93,1
2026-09-27T06:28:22,66,95,0.87,1
2026-09-27T06:28:23,60,96,0.94,1
2026-09-27T06:28:24,61,97,0.93,1
2026-09-27T06:28:25,62,94,0.85,1
2026-09-27T06:28:26,60,97,0.94,1
2026-09-27T06:28:27,63,96,0.89,1
2026-09-27T06:28:28,63,95,0.88,1
2026-09-27T06:28:29,62,96,0.89,1
2026-09-27T06:28:30,66,97,0.91,1
2026-09-27T06:28:31,63,96,0.91,1
2026-09-27T06:28:32,66,97,0.95,1
2026-09-27T06:28:33,60,95,0.86,1
2026-09-27T06:28:34,61,95,0.93,1
2026-09-27T06:28:35,62,94,0.94,1
2026-09-27T06:28:36,66,96,0.90,1
2026-09-27T06:28:37,61,94,0.90,1
2026-09-27T06:28:38,60,95,0.94,1
2026-09-27T06:28:39,62,94,0.85,1
2026-09-27T06:28:40,66,94,0.89,1
2026-09-27T06:28:41,61,97,0.94,1
2026-09-27T06:28:42,62,95,0.92,1
2026-09-27T06:28:43,61,96,0.85,1
2026-09-27T06:28:44,63,94,0.88,1
2026-09-27T06:28:45,66,97,0.90,1
2026-09-27T06:28:46,66,97,0.94,1
2026-09-27T06:28:47,63,94,0.85,1
2026-09-27T06:28:48,60,96,0.88,1
2026-09-27T06:28:49,62,94,0.86,1
2026-09-27T06:28:50,61,94,0.89,1
2026-09-27T06:28:51,61,97,0.90,1
2026-09-27T06:28:52,62,97,0.88,1
2026-09-27T06:28:53,66,96,0.91,1
2026-09-27T06:28:54,64,94,0.86,1
2026-09-27T06:28:55,62,94,0.91,1
2026-09-27T06:28:56,60,97,0.89,1
2026-09-27T06:28:57,61,96,0.92,1
2026-09-27T06:28:58,65,97,0.87,1
2026-09-27T06:28:59,66,94,0.94,1
2026-09-27T06:29:00,60,96,0.87,1
2026-09-27T06:29:01,61,94,0.94,1
2026-09-27T06:29:02,61,94,0.94,1
2026-09-27T06:29:03,65,95,0.85,1
2026-09-27T06:29:04,60,95,0.90,1
2026-09-27T06:29:05,65,94,0.88,1
2026-09-27T06:29:06,61,97,0.91,1
2026-09-27T06:29:07,62,97,0.93,1
2026-09-27T06:29:08,62,95,0.88,1
2026-09-27T06:29:09,65,96,0.91,1
2026-09-27T06:29:10,61,97,0.90,1
2026-09-27T06:29:11,61,94,0.89,1
2026-09-27T06:29:12,60,97,0.85,1
2026-09-27T06:29:13,65,94,0.89,1
2026-09-27T06:29:14,65,94,0.93,1
2026-09-27T06:29:15,63,95,0.89,1
2026-09-27T06:29:16,60,96,0.93,1
2026-09-27T06:29:17,63,94,0.85,1
2026-09-27T06:29:18,62,96,0.86,1
2026-09-27T06:29:19,65,94,0.91,1
2026-09-27T06:29:20,66,94,0.95,1
2026-09-27T06:29:21,65,95,0.92,1
2026-09-27T06:29:22,62,97,0.92,1
2026-09-27T06:29:23,65,94,0.91,1
2026-09-27T06:29:24,60,95,0.89,1
2026-09-27T06:29:25,61,94,0.91,1
2026-09-27T06:29:26,60,96,0.89,1
2026-09-27T06:29:27,64,96,0.86,1
2026-09-27T06:29:28,64,94,0.88,1
2026-09-27T06:29:29,63,96,0.85,1
2026-09-27T06:29:30,61,95,0.87,1
2026-09-27T06:29:31,60,95,0.92,1
2026-09-27T06:29:32,66,95,0.89,1
2026-09-27T06:29:33,66,96,0.94,1
2026-09-27T06:29:34,64,96,0.89,1
2026-09-27T06:29:35,66,97,0.86,1
2026-09-27T06:29:36,60,97,0.95,1
2026-09-27T06:29:37,62,95,0.86,1
2026-09-27T06:29:38,61,96,0.89,1
2026-09-27T06:29:39,63,95,0.95,1
2026-09-27T06:29:40,65,97,0.88,1
2026-09-27T06:29:41,61,95,0.85,1
2026-09-27T06:29:42,62,94,0.94,1
2026-09-27T06:29:43,64,94,0.86,1
2026-09-27T06:29:44,63,96,0.94,1
2026-09-27T06:29:45,66,95,0.91,1
2026-09-27T06:29:46,64,96,0.86,1
2026-09-27T06:29:47,62,95,0.89,1
2026-09-27T06:29:48,66,96,0.95,1
2026-09-27T06:29:49,65,97,0.88,1
2026-09-27T06:29:50,64,97,0.90,1
2026-09-27T06:29:51,65,95,0.86,1
2026-09-27T06:29:52,60,94,0.90,1
2026-09-27T06:29:53,65,95,0.89,1
2026-09-27T06:29:54,66,94,0.92,1
2026-09-27T06:29:55,62,94,0.93,1
2026-09-27T06:29:56,65,94,0.94,1
2026-09-27T06:29:57,60,95,0.92,1
2026-09-27T06:29:58,66,97,0.89,1
2026-09-27T06:29:59,61,94,0.89,1
2026-09-27T06:30:00,62,97,0.88,1
